Player_ID,PROJ_AST,PROJ_BLK,PROJ_FG3A,PROJ_FTA,PROJ_OREB,PROJ_DREB,PROJ_STL,PROJ_TOV,PROJ_REB,PROJ_FGM,PROJ_FG3M,PROJ_FGA,PROJ_FTM,PROJ_MIN,PROJ_PTS,PROJ_DD,PROJ_TD,PROJ_FD,PROJ_DK,PROJ_DP,PROJ_YH,PROJ_FA,PROJ_FF,PROJ_UNADJ_FD,PROJ_UNADJ_DK,PROJ_UNADJ_DP,PROJ_UNADJ_YH,PROJ_UNADJ_DD,PROJ_UNADJ_FA,PROJ_UNADJ_FF,PROJ_FLOOR_MIN,PROJ_CEIL_MIN,PROJ_FLOOR_FD,PROJ_CEIL_FD,PROJ_FLOOR_DK,PROJ_CEIL_DK,PROJ_FLOOR_DP,PROJ_CEIL_DP,PROJ_FLOOR_YH,PROJ_CEIL_YH,PROJ_FLOOR_DD,PROJ_CEIL_DD,PROJ_FLOOR_FA,PROJ_CEIL_FA,PROJ_HIST_FD_Skew,PROJ_HIST_FD_Kurt,PROJ_HIST_MIN_std,PROJ_HIST_FD_std,PROJ_Bust5,PROJ_Bust10,PROJ_Bust20,PROJ_Boom5,PROJ_Boom10,PROJ_Boom20
977,3.56459596946,0.140126009,5.86530448748,3.85779429212,0.676121570796,2.81750629232,0.775829754493,2.05266699995,3.49362786311,5.20564467912,1.65548813819,14.6285767498,3.13002865284,26.1428571429,15.1968061493,24.8466453673,1.09327333997e-05,24.5152980662,26.5534624505,24.6993848814,25.3430421353,24.6899794594,24.6899794594,24.556073067,26.5938310978,24.7541650637,25.3793872939,24.8125229988,24.7448302618,24.7448302618,24.0,34.0,22.5058474051,31.8832838238,24.3732007643,34.5791468663,22.6710967664,32.1678328693,23.2657435996,32.9598034328,22.8050510984,32.3737044932,22.6662106512,32.1104650893,0.470068261287,0.164367708514,5.25991127935,10.3267902118,0.6,0.3,0.4,0.0,0.3,0.25
1495,2.47239411447,1.23609145844,0.0375090883412,1.7032443678,1.82990735565,5.07209909723,0.577263118435,1.19948218599,6.90200645289,3.22467170514,0.00211093334743,6.94518555524,1.30107048882,22.1428571429,7.75252483244,22.2114049006,1.58295839414e-05,22.1707507154,23.2099516684,22.6091551087,22.171806182,22.515851038,22.515851038,22.0464364067,23.1824044876,22.4659497288,22.0475557885,22.2366591428,22.380936959,22.380936959,18.0,32.0,18.0226747751,32.0403107112,18.8131447258,33.9879402991,18.3247552644,33.1196923677,18.0235327673,32.0418360308,17.9833472283,32.6906051306,18.3032079406,32.5390363388,0.0967497120321,-0.221881235944,5.48212130694,9.81428474286,0.0,0.3,0.35,0.4,0.3,0.35
1889,1.88977606008,0.0209006864019,0.145682014888,0.612914914849,0.290469635987,0.724647510343,0.284384530799,0.632569284318,1.01511714633,1.18955476721,0.042650733639,2.1070071565,0.465858871184,9.42857142857,2.88761913925,7.06199030007,7.75719537797e-14,6.91842495505,7.30679173645,6.96918172747,6.93975032187,6.96918081237,6.96918081237,6.83507927598,7.30061242896,6.8827294342,6.86424848369,7.0881821916,6.88272805823,6.88272805823,4.0,23.0,2.93508937487,16.8767639055,3.0998506515,17.8336704882,2.95662216284,17.0101066784,2.94413650019,16.9287848761,2.99599536726,17.2396757916,2.95662216282,17.0005774362,1.251799456,0.394450303224,7.89762076787,7.86518664238,0.8,0.9,0.95,0.2,0.1,0.05
1897,0.892729787534,0.324474455583,2.19085916019,0.960452203647,0.643967196211,1.52725078674,0.635078309587,0.498353244549,2.17121798295,1.59724610758,0.739335388227,4.75058398131,0.619118889043,15.7142857143,4.55294649244,10.1416821255,4.51600069675e-13,9.91825503908,10.645676735,10.0268324186,10.2879227332,10.0268159382,10.0268159382,10.1796737157,10.9097527756,10.2953101999,10.5473630573,10.3808395449,10.2952821443,10.2952821443,12.0,25.0,7.57394021166,15.7790421076,8.12941413409,16.9378523473,7.65684211067,15.9533272985,7.85623190535,16.3671498028,7.74454161111,16.1365588859,7.65684126192,15.951752629,0.419868060864,-1.00778395542,5.87921911407,5.26525639463,1.0,0.8,0.7,0.0,0.0,0.05
1938,2.96512100249,0.179760797549,2.811322223,1.77577661428,0.458211043806,2.10338173973,0.964010506913,1.41874869796,2.56159278353,3.50483419722,1.01201451093,7.89668604098,1.40123393088,18.7857142857,9.42291683625,18.4726453413,1.85141062881e-07,17.8133035912,19.1578690247,17.9424874202,18.3193108466,17.9413832304,17.9413832304,18.2790188605,19.7996245131,18.4164053154,18.8271223791,19.2095250247,18.4144580721,18.4144580721,15.0,26.0,14.223550396,24.6541540197,15.2964078183,26.5294439396,14.3259510238,24.8473188293,14.6275866076,25.3544834532,14.749021339,25.5858087346,14.3258193094,24.8314201363,0.0285216041238,0.980333722947,4.78708278769,8.05175368313,0.6,0.6,0.3,0.4,0.3,0.4
2034,0.449167072916,0.0472062751132,0.729909937052,0.0195154305848,0.0741530455317,0.654918235126,0.160684449671,0.218492797559,0.729071280657,0.326799336317,0.285443649334,0.8645404055,0.0152119213286,5.21428571429,0.954254243297,2.99581150905,1.17678057636e-21,2.70017904147,2.98860082898,2.73663260553,2.84290086614,2.7366326055,2.7366326055,2.61966357712,2.89334110546,2.65515073426,2.74532339137,2.88217729268,2.65515073424,2.65515073424,0.0,15.0,0.0,7.76763833847,0.0,8.59735031056,0.0,7.87251021571,0.0,8.17820797108,0.0,8.61809518282,0.0,7.87250475556,1.08073134262,0.710268025968,5.46092532693,4.35466298363,1.0,1.0,1.0,0.0,0.0,0.0
2199,0.787549070484,0.909278695023,0.0162364584575,3.14796826188,2.63873151833,6.42237904296,0.574625803099,1.38703991003,9.06111056129,2.86474444787,0.0,4.96050005865,2.11156534436,26.1428571429,7.8410542401,22.174753274,1.00004096937e-08,21.4764796056,22.8741084668,22.1805885117,21.4764796056,21.9295351336,21.9295351336,20.8074263392,22.210400829,21.4931231155,20.8074263392,21.4981919933,21.2735319325,21.2735319325,14.0,33.0,11.5010655811,27.1096545841,12.1178620157,29.1973480256,11.7464688157,28.3219211971,11.5010655811,27.1096545841,11.6994570947,28.4223794729,11.7436854814,27.681544349,1.20137444897,2.54915889714,7.71014260465,10.2118066078,0.6,0.4,0.3,0.4,0.4,0.45
2200,3.83144785312,1.6942866256,0.711404769737,4.06949797643,2.09857799235,9.35612219631,0.564874116512,1.80422688125,11.4547001887,6.24946831135,0.201902195251,13.7271335444,3.12193867717,32.5714285714,15.8227774951,38.9243413606,0.00400284761291,38.0296841042,40.6046474814,39.6015829432,38.1306352018,38.6024191136,38.6024191136,39.4782502658,42.2570134642,41.04768258,39.6238983563,40.6477644445,40.0425206557,40.0425206557,26.0,38.0,30.3570285393,44.3679647882,32.1347706143,47.5163860264,31.334078746,46.3461440651,30.4376123102,44.4857410688,30.7064175231,45.5861684502,30.8142117486,45.0361556325,0.301875041814,0.389089958645,4.6466619178,11.2062422594,0.2,0.2,0.15,0.6,0.3,0.25
2210,0.54527229916,0.143175323795,1.57555060729,0.918849814419,0.132484877524,0.999425828283,0.247182207252,0.321780988535,1.13191070581,1.33269358416,0.638031381015,2.72451697556,0.560642193454,11.0714285714,3.86406074279,6.91720582321,1.0471168955e-17,6.49919611205,7.03569787237,6.5557916876,6.81821180256,6.55579164734,6.55579164734,5.94220016244,6.46532409025,5.9970989399,6.22560220347,6.32467421843,5.99709891764,5.99709891764,8.0,30.0,4.69619331968,17.6107249488,5.08385907951,19.0656898565,4.7370881589,17.7652989042,4.92670788314,18.4751545618,4.99823900876,18.7450206881,4.73708815808,17.7640805928,0.574662216535,-0.319726729971,8.31801436315,5.82169806179,1.0,0.8,0.75,0.0,0.2,0.15
2225,5.37137278442,0.173632299059,0.821267005442,2.5710316666,0.334773658612,2.41865129047,0.845095526242,1.59310299875,2.75342494908,5.63141001269,0.329811773262,11.5845768474,1.91332177584,30.0,13.5059535745,25.0029962951,2.30288015591e-05,25.3114753419,26.4707927294,25.5093353434,25.4763812285,25.4491465893,25.4491465893,25.3179615125,26.7315292333,25.5270063963,25.5435226529,25.4560924803,25.4519697712,25.4519697712,22.0,32.0,18.561748584,26.9989070313,19.3744012701,28.2598617256,18.6693325203,27.2343071805,18.6826795676,27.1748066437,18.2855460866,26.7022682816,18.6627074988,27.1457563619,0.212871046232,-0.788315558557,4.18973048063,8.035921508,0.6,0.3,0.4,0.0,0.4,0.3
2399,1.46546595995,0.23041002578,3.26778140616,1.0808699906,0.522309817904,2.39556923014,0.413501824576,1.00385622092,2.91787904805,3.68463597857,1.56164181708,7.90203804104,0.925311607693,27.9285714286,9.85622538191,16.9571097962,1.73362175655e-09,15.8398466593,17.2692691595,15.9865201405,16.6206675678,15.9857406117,15.9857406117,18.2084675353,19.8088371515,18.3999349328,19.1525250742,19.5966612746,18.3950516099,18.3950516099,14.0,29.0,7.94017888803,16.4475134109,8.65632802267,17.9320454475,8.01331316916,16.6000861081,8.33158783451,17.2582890858,8.49971915482,17.6080014434,8.01331242939,16.599004318,-0.37776743855,-1.39116387795,6.99816825851,7.28028599044,0.0,0.2,0.35,0.4,0.5,0.4
2446,0.269923691656,0.236729689102,0.639796504708,0.201776831082,0.0590585314051,0.619104290008,0.151999028222,0.106650027536,0.678162821413,0.731649470909,0.206474016712,1.63107599779,0.142490117747,5.64285714286,1.81226307628,3.75578026811,1.20595978102e-23,3.70175140657,3.8922215698,3.73565954767,3.80498841493,3.73565954764,3.73565954764,3.7146412561,3.93164700289,3.75095812106,3.83283699955,3.8261646377,3.750958121,3.750958121,1.0,19.0,0.65600657838,12.4641249892,0.689760784515,13.1055040668,0.662015616038,12.5783458657,0.674301744417,12.8117331439,0.665581313328,12.6461105013,0.662015616038,12.5782967047,1.02395558543,0.607685837962,6.26268760507,6.37208738049,1.0,0.8,0.85,0.0,0.1,0.05
2449,0.848218589951,0.333872833179,1.49559355896,1.01397723561,1.15892072003,3.25067608453,0.618437785093,0.750142323752,4.40959680455,2.98058413841,0.566784761654,6.82010256312,0.806745880696,17.9285714286,7.33469891918,15.2142967558,1.37746720335e-10,15.0530218824,15.9399351815,15.2814716387,15.3364142632,15.2735017226,15.2735017226,14.3854262237,15.2320810409,14.6009906736,14.6439460406,14.5060819407,14.5952307282,14.5952307282,17.0,30.0,14.2733832988,25.1883234685,15.1119206292,26.8978216211,14.4875607759,25.7960101154,14.5420979866,25.6625258587,14.4230516636,25.7587451146,14.4824438644,25.5572538784,0.571271732733,-0.23898408628,5.21855663314,8.64809148534,0.6,0.7,0.55,0.4,0.2,0.25
2544,7.08636684749,0.749320981025,4.43626605753,7.89840372996,1.23382836924,6.36265763011,1.35810491896,2.87946040497,7.59648599935,10.7333902232,1.29646644616,19.9244688045,5.40155059442,36.2142857143,28.1647974869,50.3483160739,0.0418098405056,49.2455223524,52.4575916153,50.3696281897,49.8937555755,49.6253466524,49.6253466524,44.975752156,48.1943256207,45.9645671414,45.5516191868,46.0756594837,45.345366227,45.345366227,30.0,40.0,40.7951072742,54.3934763656,43.1327560356,58.2719686222,41.4030821919,55.9657368306,41.3321052104,55.1094736139,41.331157344,55.9705105755,41.1097546232,54.8130061643,-0.170646565646,0.134373118855,4.15202893322,8.57227166684,0.0,0.1,0.05,0.4,0.3,0.3
2550,1.67692107735,0.0655814348531,1.52036854337,0.43034027833,0.20872860215,1.13591470694,0.336360538756,0.723494986071,1.34464330909,1.34452289279,0.716721319444,3.17315227835,0.375223763368,14.6428571429,3.7809908684,8.66509983542,1.31738173655e-12,7.99033341647,8.77767517179,8.05756701904,8.34869407619,8.05756558193,8.05756558193,7.79006090427,8.5144273621,7.86131660291,8.08854137338,8.3129846983,7.8613157116,7.8613157116,8.0,26.0,4.36545045193,14.1877139688,4.79560711477,15.5862828616,4.40218217277,14.3076518001,4.56123773919,14.8240226524,4.73410227943,15.3865786046,4.40218217159,14.3070920577,0.966160666758,0.758210902452,7.0834790658,6.40748201916,0.6,0.7,0.75,0.0,0.0,0.05
2561,1.77282926659,0.728246354326,0.079706503025,0.972485899384,0.862691873063,3.29052960326,0.607133268624,0.79475533689,4.15322147633,3.18585277097,0.0302522046502,5.939559277,0.692129618341,17.8571428571,7.09408736492,16.4965604714,5.61001597878e-08,16.6132009454,17.238304081,16.8258003102,16.6283270477,16.8208620192,16.8208620192,16.2297998955,16.9556462108,16.4341163585,16.2463776051,16.2791251287,16.4300623782,16.4300623782,10.0,26.0,9.30339252943,24.1888205765,9.65069930481,25.1745248857,9.41969719318,24.5739193955,9.31186314673,24.2108441815,9.23440595272,24.1196920416,9.41968273077,24.4911751,0.608836503178,0.00621780883774,5.80194539827,7.86378888496,0.6,0.4,0.45,0.4,0.3,0.3
2564,1.83528085419,0.222993371097,0.721088080946,0.617525117841,0.647603491122,1.81646950762,0.247618031242,0.785018258778,2.46407299875,2.04950615146,0.287113976932,4.17079216883,0.463426457237,14.1428571429,4.84955273709,10.949616805,7.31504284435e-10,10.7155661628,11.3748884732,10.8388223554,10.8591231512,10.8387698127,10.8387698127,10.6512567205,11.3911638774,10.7707521562,10.8035069811,11.0139319891,10.7707081383,10.7707081383,11.0,25.0,8.33432923771,18.9416573584,8.84709792428,20.1183365883,8.43015761039,19.1707449658,8.44598467318,19.1954197118,8.51631855401,19.370304994,8.43015429877,19.1594415881,0.491576576783,0.297788184871,4.99801547918,7.17242293745,0.6,0.5,0.55,0.2,0.3,0.15
2588,0.347341653192,0.0548919664327,1.01099596202,0.196962190805,0.207951333238,0.870384691902,0.131198760125,0.0816505020068,1.07833602514,0.914764279127,0.482270806184,1.97283834423,0.158651860243,6.92857142857,2.47045122468,4.87891465604,2.7660971791e-20,4.57599788574,4.91187534917,4.62991469507,4.81713328884,4.629914687,4.629914687,4.63181303416,4.98894346579,4.68451188562,4.8875506918,4.99117493172,4.68451187852,4.68451187852,0.0,12.0,0.0,7.92543963716,0.0,8.50716986212,0.0,8.01882563647,0.0,8.34307621159,0.0,8.45008473712,0.0,8.01882131357,1.05355266196,0.0803497684844,6.09378364682,4.91328484472,1.0,1.0,0.9,0.0,0.0,0.0
2590,1.5583912024,0.0611343319114,1.30373824665,0.69404950001,0.0832815771152,0.786572335781,0.153351840816,0.659684625072,0.869853912896,1.81565026065,0.43168014758,3.9694896938,0.60930792684,9.35714285714,4.67228859572,8.06835909837,2.1311815633e-14,7.82298781518,8.41216393141,7.86648154508,8.03882788897,7.86648051082,7.86648051082,7.12172240433,7.74965277595,7.16565476724,7.33302567436,7.40262019437,7.16565445537,7.16565445537,5.0,36.0,4.18022249666,30.097601976,4.4950488769,32.4874767901,4.20346286894,30.3880575328,4.29555688723,30.9280095881,4.31133618666,31.2054022612,4.20346286838,30.2649326523,0.857785561865,0.0330374020706,10.9948803976,11.4512507115,1.0,1.0,0.75,0.0,0.0,0.0
2592,0.319450297945,0.163829322106,1.79040928404,0.472685245443,0.135860795384,0.652149259182,0.154130448996,0.155285589848,0.788010054566,0.902499898116,0.679286825432,2.2708404927,0.379007352189,7.71428571429,2.86329397385,5.19954094079,1.20790852789e-21,4.76871543861,5.22540214977,4.80811594213,5.10835885132,4.80811594134,4.80811594134,4.50097734069,4.95887994337,4.54064710632,4.82598203186,4.90678648727,4.54064710558,4.54064710558,2.0,17.0,1.23633363223,10.508835874,1.35473389048,11.5152439691,1.24654857738,10.5956688078,1.32438933182,11.2573093205,1.34802913252,11.4582554932,1.24654857738,10.5956629078,0.492485533118,-1.00130667271,5.52454757324,5.18861937142,1.0,1.0,0.9,0.0,0.0,0.0
2594,2.16184204523,0.536711689206,4.86289053033,0.775988320205,0.179947279624,2.8235026396,0.753974903438,1.34071912176,3.00344991922,3.37134817585,2.29748484017,7.23252953491,0.646454756618,28.7857142857,9.68663594849,19.8958735435,5.45149712289e-08,17.7741929829,19.7444743373,17.9253723563,18.922935403,17.9243654789,17.9243654789,17.189348601,18.9673053432,17.3533412009,18.1461421751,18.8574471341,17.3518045364,17.3518045364,24.0,35.0,14.8191782686,21.6113016418,16.4612477995,24.0108120428,14.9445771653,21.7990007012,15.7769386983,23.0080356017,16.5872610253,24.1961873482,14.9443841214,21.7938935103,0.674453530818,1.77368581808,4.5750108726,7.51146418018,0.4,0.3,0.3,0.4,0.4,0.45
2743,0.763865368283,0.399198260376,2.00241006174,1.34489394466,1.25016517278,3.54587397697,0.22135034814,0.672020245823,4.79603914975,2.53315452518,0.661180289332,6.09090477082,1.09819638886,18.0714285714,6.82568572855,14.5968387127,7.08012578392e-11,14.2958077319,15.2135728782,14.5469726106,14.6263978766,14.5356096894,14.5356096894,14.8403135407,15.7888222217,15.1049495546,15.148046537,15.0986464169,15.0898607286,15.0898607286,10.0,26.0,7.9107236461,20.5678814799,8.41233306905,22.0111449077,8.04346335576,21.0520836532,8.09365890402,21.0435131505,8.06897564362,21.1647751956,8.04342038147,20.9128929918,1.08561814927,2.28915489361,6.1261253468,8.48012704043,0.6,0.5,0.5,0.2,0.2,0.25
2747,1.8369092516,0.374971826669,6.68683560055,1.04964332664,0.670535160985,2.36324321513,1.05565502791,0.687954400531,3.03377837612,4.92427818561,2.73955933505,11.4551378096,0.680821850002,31.1428571429,13.2689375563,23.3503520646,2.17259243386e-08,21.8381347936,23.7050146819,21.9912578141,23.2079144612,21.9898237124,21.9898237124,20.6753635719,22.5515936406,20.8278275985,21.9861053709,22.0814019744,20.8265049912,20.8265049912,21.0,39.0,14.7257147462,27.3477559572,15.9836494474,29.6918712128,14.8280427522,27.5457444931,15.6493735128,29.0631222381,15.7441880197,29.2498058837,14.8280003933,27.537715016,-0.234015188777,-0.0470405055544,7.37767970316,8.08119954524,0.2,0.2,0.3,0.2,0.2,0.4
2749,5.00452740698,0.123739876268,4.16672477166,0.991555515301,0.623235593976,2.50461896536,0.773086208061,1.96779846236,3.12785455933,3.33436347374,1.32237190431,9.02416693938,0.82713988567,27.7857142857,8.81823873747,20.9363290026,2.3431580071e-05,19.9043090254,21.7305052497,20.0854200664,20.5654949776,20.0607017534,20.0607017534,19.5990242337,21.3146060002,19.7776287672,20.2203761999,20.5823028947,19.751420736,19.751420736,18.0,38.0,12.8943081604,27.2213172276,14.06195813,29.8728258983,12.9962474199,27.6229921771,13.3226342785,28.1255612547,13.5423801747,28.8352796423,12.9956217014,27.4352013697,0.532481612861,-0.27871488767,7.31592506808,8.84682719122,0.4,0.3,0.25,0.0,0.3,0.35
101112,0.63049841134,0.266800176571,1.96084779539,0.328541011817,0.258715994479,1.90818448144,0.259232041658,0.351843652499,2.16690047592,1.23359327603,0.774516645736,2.76709047407,0.281669027756,11.0,3.52337222556,8.43332486893,9.63426903849e-15,7.76962119763,8.44115572382,7.8779755747,8.15687952049,7.87796622142,7.87796622142,7.66403867842,8.36529546679,7.76832875505,8.04825419879,8.33302298076,7.7683221715,7.7683221715,9.0,24.0,6.35696279806,16.9519007948,6.90639353354,18.4305650951,6.44560977517,17.2018084062,6.67381051677,17.7968280447,6.89998426907,18.4179789126,6.44560872662,17.1882899376,0.658687473302,-0.216250830985,6.07934464992,6.93291439157,1.0,0.9,0.7,0.0,0.1,0.1
101138,1.21800444011,0.781188601746,0.0674539188485,2.25028078013,1.68783401055,2.84196683774,0.637591938908,0.549090958361,4.52980084828,3.26366466584,0.0146160110692,5.94041463859,1.84496013302,23.5714285714,8.38690547578,17.6994818809,5.43756992407e-09,17.9381432768,18.4586403569,18.1767868722,17.9454512824,18.1646333192,18.1646333192,18.7340937691,19.4027158906,19.0053853759,18.7405394953,18.6163046377,18.9836103995,18.9836103995,11.0,29.0,8.37113352919,22.0693520315,8.60836668381,22.7501129115,8.47683505761,22.4033477151,8.37454393177,22.0783430929,8.25220423918,21.8295815601,8.47682888232,22.348003417,0.724632730685,0.980325656326,6.90932137077,7.08778601019,0.2,0.2,0.3,0.4,0.4,0.25
101150,2.18875947322,0.277644070606,4.11575459784,4.76779572469,0.330388136201,2.02690345599,0.898912012188,1.32211791476,2.35729159219,3.82060062673,1.37683776335,9.25951713642,4.01751642956,25.6428571429,13.0355554464,20.7873402585,1.36891078128e-08,20.1784388177,21.6461105756,20.2966327365,20.8668576993,20.2963033973,20.2963033973,20.4290341411,21.9632433083,20.5437489121,21.1446060128,21.044608194,20.543447979,20.543447979,22.0,36.0,17.3118639438,28.3285046354,18.5708355326,30.3936334546,17.4130662445,28.4991018922,17.9024851571,29.2949757116,17.8339963024,29.1895553771,17.4129845302,28.4939746859,0.47884109934,0.589346513849,5.62696493878,9.5344473689,0.4,0.3,0.15,0.4,0.3,0.35
101179,4.46930770758,0.463241445408,4.84046920297,0.993699299271,0.614771164612,1.93049120365,2.08893428907,1.66775429723,2.54526236826,3.15355977116,1.78513713235,7.73211138298,0.83825101718,33.0,8.93050769184,23.7048874098,3.15597753482e-06,22.1253812668,23.9916413718,22.265195657,23.017949833,22.2526443853,22.2526443853,21.7574249916,23.7012393198,21.888262687,22.6565724761,23.3270755366,21.8804793829,21.8804793829,7.0,30.0,4.69326269297,20.1139829699,5.08647365876,21.8050714366,4.72025790107,20.2355753322,4.88259541913,20.9254089391,5.02476093638,21.5425531443,4.7202578999,20.2296767139,0.661005168254,0.553984545118,9.24150372615,8.24970593364,0.2,0.3,0.4,0.4,0.4,0.35
200746,1.52727603145,1.39053514297,0.350188992877,3.95951603759,2.71391430908,6.88694828755,0.43235315313,1.09061285588,9.60086259663,7.79764768636,0.0335009939053,16.070485675,3.08551487167,33.2857142857,18.7143112383,34.8072560966,3.29349697293e-06,35.0814241378,36.8387975296,36.2767406047,35.0981746347,35.5614672676,35.5614672676,34.5714931964,36.3945882631,35.6833034377,34.5898511889,34.5462756403,35.0333335326,35.0333335326,24.0,35.0,25.2947607517,36.8881927629,26.2503671025,38.7976016537,25.8451071738,38.206597591,25.3068383632,36.9058059464,24.6817317878,36.6819358437,25.6408862702,37.392959144,-0.0157596432343,-0.434245007295,4.56308466627,10.048650505,0.0,0.2,0.25,0.6,0.3,0.35
200757,1.36407842202,0.59799681038,1.55625706866,1.14393037719,0.785745145377,3.15580185663,0.964440057382,0.888680594247,3.94154700201,2.41874232783,0.577953848309,4.69068632432,0.716366867297,21.4285714286,6.13180537126,15.6920130123,3.31763911177e-09,15.143972548,16.0770265084,15.3437092871,15.4329494721,15.3410498981,15.3410498981,14.9340988531,15.820482896,15.1441943818,15.1747892458,15.3409711137,15.1409641933,15.1409641933,17.0,32.0,12.0142182214,22.614999005,12.752633554,24.0643692271,12.1708685585,22.9692821767,12.2434732479,23.0465378784,12.446587027,23.5080810785,12.1705662525,22.9093011811,-0.00770418144359,0.572522102361,5.6572018034,7.73377269962,0.6,0.4,0.4,0.2,0.3,0.3
200768,7.41282804736,0.566409116613,7.39938078839,5.72518048094,0.911027512211,4.5008381105,2.22196374926,3.48027872483,5.41186562271,6.46961638966,2.63382309245,15.5172683278,5.01465172881,39.0714285714,20.5877076006,43.038684196,0.0103433616458,40.2976554258,44.0428283131,40.9857774044,41.614566972,40.5682487069,40.5682487069,41.4861646844,44.9961270125,42.0482111275,42.9256408773,43.9779735352,41.7426313796,41.7426313796,34.0,41.0,35.0670639537,42.2867535912,38.1712698105,46.2999381017,35.5110207565,43.0919907131,36.2130418257,43.668668084,37.258785922,45.2634552822,35.3025345238,42.5707033963,0.382658282017,0.931949004362,3.57854871826,9.40188534749,0.0,0.0,0.1,0.4,0.4,0.3
200782,2.23946888799,0.376654414738,2.52544893739,1.68737673827,1.53583393385,4.44143827133,1.31638276463,1.35883919353,5.97727220518,2.91045653511,0.85623619329,6.95993114342,1.24043210049,32.0714285714,7.91758136399,21.2544831779,3.9539874838e-06,20.4767465074,21.9336453034,20.82610761,20.904864604,20.7756101177,20.7756101177,19.8297859023,21.291471034,20.1907408832,20.2554058736,20.608683154,20.1371608241,20.1371608241,21.0,41.0,13.4079364659,26.1773997667,14.3305177039,28.1943310192,13.605314849,26.7784587786,13.6882632374,26.7247044159,13.8753556399,27.377352048,13.6036288966,26.5594659411,0.185671318212,0.048793295837,8.22897453061,8.99018851767,0.4,0.3,0.3,0.0,0.2,0.45
200794,3.46868002726,1.14195876352,2.94445542495,5.23043632114,2.32521473477,6.1544819782,1.59930848985,2.13680666698,8.47969671297,6.16318967099,0.986897870937,12.7660750653,3.89900615398,33.2142857143,17.2122833669,37.0923984612,0.00101774754558,35.9366673031,38.4190490354,36.8571967664,36.4301162386,36.3606521388,36.3606521388,37.4817659163,40.1439023369,38.4885683837,37.9410975748,38.6994035152,37.9230991102,37.9230991102,27.0,37.0,29.2130327754,40.0326745441,31.0325709951,42.9505627818,29.7629362474,41.2106929424,29.6141590068,40.5823660464,29.8894648646,41.5198709482,29.557691416,40.5049845331,-0.175510481406,-0.544089824386,4.91155778726,9.79741101888,0.4,0.4,0.4,0.4,0.4,0.35
201143,3.44083509864,1.73475843457,2.56383233919,1.79145743656,1.99692856483,5.07010896441,0.784517304417,1.19789047187,7.06703752924,7.23463578795,0.916447744689,13.83387912,1.4773450471,34.0714285714,16.8630643677,34.8212242584,0.000486519695881,34.3454230568,36.0082202772,34.951051169,34.8036469292,34.6987749333,34.6987749333,33.8537424556,35.7779652297,34.5675505243,34.3512980261,34.6316331273,34.2352130595,34.2352130595,26.0,38.0,26.2090859385,38.305587141,27.3436232,40.2809461259,26.5368945723,39.1018812085,26.5587578244,38.816646051,26.3937519854,38.9952237255,26.4787297185,38.6996818963,0.641317894559,2.35833863383,4.64439840108,10.5707601308,0.2,0.1,0.15,0.2,0.4,0.35
201156,0.836661560338,0.135000082858,4.68539613481,1.74735476202,0.310086685549,1.52719072636,0.436404283704,0.670211104429,1.83727741191,2.71189602362,1.60802386873,7.80779691134,1.48369443464,21.2142857143,8.51551035061,13.1429575323,2.31730895632e-13,12.4478332141,13.6788305691,12.5397130825,13.2518451485,12.5396970847,12.5396970847,12.6939761963,13.9251754712,12.7936199167,13.4936852959,13.3484271288,12.7935880283,12.7935880283,13.0,26.0,7.62796513457,15.2559302691,8.38230396312,16.7647210625,7.684258904,15.3686309443,8.12065931657,16.2413186331,8.05392061338,16.1079920751,7.68425881958,15.3685176392,0.744255972789,0.262389877174,5.3237597513,6.72464931841,0.8,0.6,0.65,0.2,0.2,0.2
201166,2.46769779659,0.162782518967,2.29457244484,1.01490415868,0.26475089966,1.24742756445,0.38450462117,1.1157441868,1.51217846411,2.76124256456,0.845181890539,7.22649183739,0.796548157026,16.8571428571,7.16421517669,12.967140012,3.72044984476e-10,12.659206122,13.7154073106,12.7349442719,13.0817970673,12.7348150452,12.7348150452,13.4499202952,14.6757640626,13.536551862,13.9855386189,13.9998597215,13.5363729702,13.5363729702,7.0,25.0,5.25678898286,18.7742463674,5.69532734708,20.3449010478,5.28818591577,18.8908245074,5.43227166352,19.4009702269,5.38458829613,19.2366001223,5.2881859086,18.886378245,0.612102272622,0.471406610182,6.88755627001,7.41592774464,0.4,0.5,0.6,0.2,0.2,0.15
201565,4.54620955733,0.20778454017,1.89456058617,2.61135220078,0.520115718011,2.39354645891,0.561303946537,2.50148899459,2.91366217693,6.31677545871,0.553321953396,14.8229217709,2.13423318948,30.2142857143,15.3211060603,24.4118378083,1.45591411314e-05,24.6735029874,26.3724146031,24.8450091291,24.9501639641,24.8191860963,24.8191860963,25.9064189507,27.8093033644,26.1053935068,26.2570764607,25.8410327437,26.0730718364,26.0730718364,25.0,37.0,20.4154280038,30.2148334456,21.8064636769,32.352942621,20.5426530011,30.4825028207,20.6443437055,30.5536286842,20.1793649309,29.9708782817,20.5359695832,30.3932349831,0.179287094917,0.618003837102,5.82172946268,9.46240238119,0.2,0.2,0.2,0.2,0.4,0.3
201567,2.41596438696,0.566234755523,5.49750904566,4.58411517923,1.8094422778,8.45387461752,0.714506177038,1.48869197813,10.2633168953,5.32750475339,1.92649002732,12.363416618,3.70854878032,32.4285714286,16.2900483144,35.5645380129,0.00011200186907,33.3027650562,36.3154204026,34.6078293999,34.2660100699,33.815930901,33.815930901,32.674319177,35.7679728655,33.9121209758,33.6299956914,34.9241178124,33.1741663239,33.1741663239,24.0,39.0,24.6469803059,40.0513429971,26.5526434764,43.8700610236,25.2888756858,41.816438364,25.3598664834,41.2097830356,25.8890946549,43.0311479579,25.0267682439,40.6684983963,-0.155868186364,-0.716002057458,5.36910815726,9.6497305945,0.4,0.3,0.3,0.2,0.5,0.5
201568,2.4602287479,0.316741060383,4.62601781451,8.88517409271,1.01631721548,4.82156963936,0.89919387579,1.57142234007,5.83788685484,5.79035595514,1.79117412626,13.8052455001,7.58934978367,36.2857142857,20.9612358202,33.2019857686,1.74887424353e-05,32.5174907002,34.5982549288,32.9169566957,33.4130777633,32.8093850429,32.8093850429,31.8698931468,33.8864838799,32.2287555891,32.7686387976,32.4941891352,32.1466536728,32.1466536728,28.0,39.0,25.0922369182,34.9499014218,26.6388583399,37.2233907468,25.3414786009,35.4163261104,25.7833198488,35.912481218,25.5417790968,35.7349863338,25.3174782221,35.2636303807,0.017160243307,-0.660099568293,4.34981607138,8.91993250738,0.2,0.1,0.25,0.2,0.3,0.35
201571,2.98461358694,0.048731770785,2.98796776576,2.13704346134,0.207973366705,1.50195411932,0.608326174538,1.50907807253,1.70992748603,2.57511739555,1.25643138398,6.50091778057,1.77417460979,21.9285714286,8.18084078486,15.5399396838,5.76973912413e-09,14.5147119666,15.9836592517,14.6009045234,15.1429276586,14.6002083409,14.6002083409,14.1918470806,15.5695364567,14.2769877608,14.7822151217,15.1647443819,14.2762175847,14.2762175847,10.0,23.0,6.61908689031,15.2238998477,7.28864783349,16.7649604337,6.65807564471,15.3146443995,6.9055696163,15.8828101175,7.08619438723,16.2996742864,6.65807546491,15.3135735693,0.729304071078,0.559930036648,6.25734241017,8.62943240278,0.2,0.2,0.55,0.4,0.5,0.25
201574,0.433109341158,0.22098999521,0.0315556338884,0.544595270194,0.342734486985,1.14435131815,0.1245431095,0.222307800081,1.48708580513,0.568747770913,0.0152225882428,1.19067922193,0.359335602596,5.07142857143,1.51205373266,4.41391212952,2.32212499891e-19,4.4149791199,4.60809861237,4.4893334182,4.42259041402,4.48933341015,4.48933341015,4.20073260304,4.38898624866,4.27163014334,4.20767587497,4.1908942494,4.27163013802,4.27163013802,2.0,12.0,1.74111852616,10.4467111569,1.81727832283,10.9038861044,1.77044134485,10.6228642365,1.74412016327,10.4647209796,1.74069773698,10.4444746451,1.77044134485,10.6226480691,1.15560421646,1.45387129725,4.78275157662,5.17002968043,0.8,0.9,0.9,0.2,0.1,0.05
201579,1.12592468249,1.05337247007,0.0233070673358,1.62063755694,1.32746841484,2.62952143094,0.289516906744,0.821768409373,3.95698984578,2.27833158742,9.67319896977e-05,4.87015929908,1.2254093684,20.7142857143,5.78216927523,13.9484048886,7.27142143285e-10,14.0834544582,14.6943995046,14.2834669339,14.0835028242,14.2813039504,14.2813039504,15.0882561857,15.7701058694,15.3150343565,15.0883176676,15.013615833,15.3104539474,15.3104539474,17.0,30.0,11.5581453829,20.3967271463,12.0580783075,21.3237996083,11.7208301977,20.7286558852,11.5581850764,20.3967971936,11.4453604595,20.2574779856,11.7205184145,20.6832677903,0.415264900942,-0.281409999955,5.04542854536,7.54094494705,0.2,0.4,0.45,0.4,0.2,0.25
201589,1.24656340515,0.629063189615,1.34580502318,0.781165647649,1.24069132577,3.12591224915,1.06278237101,1.01868414773,4.36660357492,3.26961574552,0.539940843519,6.87749346299,0.63364250551,23.2857142857,7.71281484007,17.5273887812,5.53670890752e-09,17.1875912112,18.1935099105,17.4141974149,17.457561633,17.40592139,17.40592139,17.4902770264,18.4862217786,17.7134881703,17.7636103667,17.7032982447,17.7056624096,17.7056624096,12.0,30.0,8.85740896775,22.1435224194,9.37154522311,23.4825784652,8.96993632966,22.4785562316,8.99653482927,22.4913370732,9.02685098405,22.6387473412,8.9699226795,22.4248066988,0.760076661814,0.100165152439,6.82506362655,8.82114766365,0.4,0.4,0.35,0.2,0.3,0.45
201619,0.14438708077,0.102064225693,0.0422446076494,0.301177426932,0.302970774357,0.3075195606,0.0759966945888,0.147202608928,0.610490334958,0.237958537569,0.0101848451731,0.472632635392,0.205346013964,2.5,0.691447934275,1.8812204777,5.19937438781e-29,1.84953618901,1.95875443281,1.88006070576,1.8546286116,1.88006070576,1.88006070576,1.74563898913,1.87541296199,1.7748108252,1.75392060179,1.79167211896,1.7748108252,1.7748108252,0.0,6.0,0.0,4.43888685363,0.0,4.70101064876,0.0,4.51214570384,0.0,4.45110866784,0.0,4.51492915983,0.0,4.51214569383,0.90390265615,-0.656896640155,2.4899799196,2.66157847902,1.0,1.0,1.0,0.0,0.0,0.0
201942,3.95374518249,0.275270905912,1.90851331974,6.76414144297,0.995004906508,3.15090274042,1.17707558964,2.60403029397,4.14590764693,7.90258842859,0.652269791391,17.8218664191,5.586141873,35.2857142857,22.0435885216,32.6726243005,7.65492605893e-05,33.2499581688,35.1120723185,33.4839222759,33.5760930645,33.4572535511,33.4572535511,34.0856102682,35.7497945736,34.326709818,34.3726403846,33.3311788542,34.2989798925,34.2989798925,33.0,40.0,31.0961147246,37.6922602723,32.8296968508,39.8320730605,31.3070140173,37.9863968988,31.4011234732,38.0619678463,30.5457134376,37.075781414,31.289982066,37.9272509891,-0.149506900108,-0.472375035641,3.05307363051,8.34751821115,0.0,0.2,0.2,0.2,0.2,0.25
201949,1.42552324538,0.829474273314,1.250401828,1.19891234534,0.646824490969,2.10523873901,0.682789137773,1.08820623918,2.75206322998,2.39124165093,0.400436210314,4.82270270966,0.761429885098,18.3571428571,5.94434939726,13.6865926349,3.37495919535e-10,13.3214307243,14.2035465852,13.4592253605,13.5216488295,13.4590338858,13.4590338858,12.5833871964,13.4378074453,12.7146863618,12.7660327134,12.9094941336,12.7145557437,12.7145557437,5.0,27.0,3.62840525565,19.5933883805,3.86861812354,20.8970091865,3.66588471602,19.8022487859,3.68293936989,19.8878725974,3.7277961616,20.1387271064,3.66588471598,19.7957774663,0.520488123169,-0.491707040526,7.95307046286,7.08216218937,0.6,0.6,0.55,0.2,0.3,0.2
201952,6.1835184627,0.333162099604,3.34000237062,4.14373103064,0.396112900544,2.29874081427,1.17842123576,2.76605672432,2.69485371481,5.59667162715,1.3420961944,12.6096318346,3.48300273352,29.7142857143,16.0184421822,29.9051800463,4.40415058747e-05,28.7846542804,31.107849975,29.0537735157,29.4557023776,28.9193969662,28.9193969662,28.6565273611,31.0326128622,28.9143622515,29.3244534649,29.8137429944,28.7948730673,28.7948730673,23.0,34.0,22.2804295151,32.9362871093,24.0033453215,35.698546835,22.413411139,33.3482093479,22.7998465519,33.7041209898,23.0473892116,34.3567193008,22.3847255363,33.0904638363,0.0868339136366,-0.324655680637,4.52871831951,9.94250356043,0.2,0.2,0.2,0.4,0.5,0.35
201959,1.43451205083,0.984958803273,0.0390797783432,1.97346091944,2.8009759793,5.1143884592,0.707365782373,1.17942037036,7.9153644385,3.80691658668,9.7068474954e-08,7.57013406818,1.33767205063,29.8571428571,8.95150532106,22.9709752217,4.01110674367e-07,22.8069395244,24.0011501672,23.4114399335,22.806939573,23.2027077464,23.2027077464,23.4910011896,24.7067238201,24.0956405006,23.4910012469,23.6570646181,23.8815005352,23.8815005352,19.0,37.0,14.5135069701,28.2631451523,15.1497773526,30.0258870064,14.7745072039,29.2950977694,14.513507001,28.2631452124,14.4529847065,28.8435249,14.765359475,28.753594767,0.229055254961,0.22574213455,7.2784959114,8.05364764794,0.2,0.3,0.2,0.2,0.2,0.3
201960,0.883205058513,0.173393425875,3.71356390776,1.49204415806,1.07197893328,2.71080618026,1.15174891752,0.992289435785,3.78278511354,3.45241804103,1.30847343971,8.65542102976,0.91587753205,25.0,9.12918705383,17.2061200735,1.26624823311e-09,16.6513320288,17.9952200004,16.8448385627,17.3055687487,16.8404712845,16.8404712845,17.1533300053,18.5103024079,17.349907585,17.8601528232,17.7927127328,17.3450224593,17.3450224593,24.0,39.0,15.9852787477,25.976077965,17.2743293306,28.1632312238,16.1699631504,26.3686361809,16.6133459988,26.996687248,16.5164327787,26.962461947,16.1668524331,26.2711352039,0.527300169696,-0.774124453096,6.42069283198,7.75463650675,0.8,0.6,0.4,0.0,0.1,0.2
201978,0.880103991179,0.191375921483,1.22202302177,0.828373451077,0.404251759002,1.60110221817,0.45476685082,0.526420567338,2.00535397717,1.44214014434,0.363739660154,3.39793235838,0.613492301524,12.2857142857,3.86151225037,8.53851388321,1.142872422e-13,8.35395798701,8.89931074543,8.45423063168,8.53582781709,8.45422568587,8.45422568587,8.00567133994,8.550157714,8.10780832274,8.18647993566,8.18696775234,8.10780319176,8.10780319176,8.0,22.0,5.43978659619,14.9594131395,5.7948968326,15.9378154874,5.50507722365,15.1408115628,5.55821346229,15.2850870213,5.55995827836,15.292350847,5.5050771908,15.1389622747,0.6700487085,0.923403700937,5.2743507193,5.91996414771,0.8,0.9,0.8,0.2,0.1,0.05
201980,2.01028438727,0.971364480107,4.87185630407,0.642735105823,0.658913043652,3.72467229974,1.03223994097,1.00426855926,4.38358534339,3.42110717703,1.67533808117,8.97512970982,0.482733289386,30.8571428571,9.00028572462,21.2617860894,3.56603007912e-07,20.2789550005,21.8489522839,20.5091489637,21.1166240411,20.4981342677,20.4981342677,20.6843523849,22.4303899926,20.9318918225,21.5917096285,21.9893663029,20.9162994068,20.9162994068,19.0,33.0,12.4865787734,21.6872157644,13.4466586711,23.3727155784,12.6216871823,21.939870361,13.002365729,22.5830562662,13.0829064983,22.7469309887,12.6215363778,21.921615814,0.768967270651,0.179846939968,5.68331340006,7.72628260604,0.4,0.4,0.3,0.4,0.4,0.5
201988,2.69719641887,0.0956998987927,3.32412950091,0.655581588807,0.457416178807,1.68916724621,0.832536770652,0.744394038258,2.14658342502,3.43977703964,1.17761755447,8.18946502173,0.48597024169,21.0,8.54314187545,16.7047761859,1.92064580631e-08,16.2769159144,17.3456569301,16.3846511337,16.8657246916,16.3842450856,16.3842450856,16.5571562767,17.9229313661,16.6601183862,17.362539165,17.5779827238,16.6595642093,16.6595642093,16.0,25.0,12.4014597443,19.3772808505,13.215457282,20.651039698,12.4832623895,19.5069851785,12.8500759555,20.0782436805,12.7270734431,19.8885684658,12.483234351,19.5050536734,0.751240397758,0.454834982606,3.80879829401,8.12265045394,0.2,0.4,0.3,0.6,0.5,0.4
202335,1.50232969241,0.451248937048,4.79137945219,0.429967602421,1.17775031193,4.21215763325,0.94646069558,0.982471777942,5.38990794518,2.87247876815,1.67670459349,7.31511514728,0.368523906984,29.3571428571,7.79018603678,19.6744457083,8.12608439492e-08,18.3245175969,19.9524854895,18.6228973038,19.1628698937,18.5940129942,18.5940129942,17.278130305,18.8094914764,17.5567582339,18.0429027441,18.4951434598,17.5352889941,17.5352889941,19.0,32.0,11.8596634569,19.9741700327,12.8954012517,21.7693201015,12.0348891899,20.320036629,12.4022466952,20.887994434,12.7094914045,21.4731246888,12.0340814026,20.2679265727,0.268359233888,-0.0471168771726,5.51657279087,7.23138924974,0.4,0.4,0.45,0.2,0.3,0.25
202389,0.410560372374,0.701690114501,0.0725626056781,1.2688239209,1.47147477567,3.05279958862,0.244918865199,0.719613991047,4.52427436429,2.63605568304,0.00979961285675,4.46733259179,0.986252127663,16.3571428571,6.2681631066,13.5624759231,1.77967465573e-11,13.4867368707,14.0839430668,13.7192362649,13.4916366771,13.7129505889,13.7129505889,12.7411856048,13.418037668,12.9587516137,12.7491539732,12.8215206886,12.9547331718,12.9547331718,9.0,25.0,7.42064998124,20.6129166145,7.74580022822,21.6537899428,7.54513185684,21.0963778001,7.4233459446,20.6204054017,7.45773158996,20.8994919747,7.5451169179,20.9586581053,-0.0719519976094,-0.668708224911,5.32689436948,7.22899747142,0.4,0.3,0.4,0.4,0.4,0.35
202681,5.39341058973,0.238151905034,4.92747482798,4.59319248783,0.933775674405,2.13345110942,1.05615819239,2.04399649015,3.06722678382,8.74863951521,1.68108093605,17.7298367987,3.94032148824,32.8571428571,23.1186814547,35.9807992725,6.23032109699e-05,35.4340931846,37.5241736705,35.6616349574,36.2746336526,35.5874545238,35.5874545238,32.3909528355,34.5602483546,32.582601317,33.2138257449,32.9911525642,32.5424456553,32.5424456553,21.0,38.0,22.6470073832,40.9802990743,23.9394135713,43.4698153914,22.7490083938,41.3157488797,23.184222378,41.9524023982,22.9385995005,41.7083760668,22.7450252826,41.157664797,-0.130708606322,-0.302107467459,7.02237949799,11.3739560786,0.0,0.2,0.15,0.6,0.5,0.5
202684,0.734923641711,0.558277302756,4.8043855921e-05,2.93867348555,3.36724319526,6.39491295895,0.324850709924,0.634674466494,9.7621561542,3.23771400826,5.05477484579e-07,5.2322739817,2.004112433,27.9285714286,8.47954095501,22.9775922375,1.66654712889e-09,22.4280953615,23.5907893472,23.2734518613,22.4280956142,22.9162031692,22.9162031692,21.2100691132,22.3525565814,21.9545096967,21.2100695242,21.6118723164,21.6715029281,21.6715029281,21.0,36.0,16.8640921644,28.9098722818,17.5455534458,30.7826306713,17.3069416277,30.3735818402,16.8640923544,28.9098726076,17.0202162602,30.1168989072,17.2311092883,29.5390444943,0.179141556382,-0.500376450659,5.99961596313,8.54487776366,0.0,0.2,0.2,0.6,0.4,0.4
202685,0.720740228126,1.00387822408,0.00140905292359,3.65635516092,3.3131150454,6.03296157287,0.318756220134,1.35257351197,9.34607661827,4.59108297609,2.11342735916e-05,7.82500642428,2.81630955896,24.5714285714,11.9984966454,26.4152143617,4.24465641952e-08,25.587594306,27.2580709715,26.5817736483,25.5876048731,26.0548981369,26.0548981369,24.6871278,26.1838735883,25.5094051776,24.687137938,25.2372241901,25.1131114441,25.1131114441,20.0,32.0,20.8271116444,33.323378631,21.967473989,35.8813770692,21.4169994237,35.0006177646,20.8271202456,33.3233923929,21.2083186537,34.9111995913,21.2074752277,33.9319603643,-0.250963374796,-0.123612115555,4.23167469296,7.32652094045,0.4,0.2,0.2,0.2,0.3,0.4
202687,0.288962799706,1.39097018856,0.0135816478588,2.73980199761,2.39257059831,5.79945140052,0.200138049164,0.970756753786,8.19202199883,1.72595466576,4.12829952311e-06,3.1174424312,1.7729131483,21.0714285714,5.22482660812,18.0890585817,8.87204686409e-08,17.7001569279,18.6577727537,18.1723923127,17.7001589921,18.1097580279,18.1097580279,16.9959020922,17.8974324309,17.4133643961,16.9959040725,17.3085207664,17.3706070039,17.3706070039,15.0,33.0,12.6001117114,27.7202457651,13.2418928416,29.6574737231,12.8963677819,28.8973185917,12.6001131808,27.7202489978,12.8237417601,28.9125779827,12.8916921554,28.361722742,0.870496656837,0.704003439189,6.74315368569,8.89296434901,0.4,0.3,0.35,0.2,0.3,0.3
202688,6.16415926907,0.378144596402,6.43443393803,3.59128835388,0.750554905916,3.49914510191,1.35774948184,3.41722514012,4.24970000783,7.56847256298,2.25000329937,17.5353492716,3.03811275809,39.5,20.4250611834,36.5789969098,0.00111921008072,34.8255031128,38.0325856505,35.1989714308,35.9505047625,35.0379881132,35.0379881132,34.5496610592,37.8692842227,34.8635563902,35.6829548381,36.2011390966,34.7560765426,34.7560765426,31.0,41.0,27.3314075062,36.1479905728,29.7612664387,39.5049906687,27.5374173042,36.5637708457,28.2143201933,37.3157138041,28.5930882819,38.0045173425,27.4981678863,36.3685446238,0.944350606971,1.80629807584,4.4791425262,12.3668595863,0.2,0.2,0.3,0.2,0.3,0.35
202695,2.57666284528,0.95112707515,3.86313497388,4.3246781211,1.47798906846,5.64300813722,2.01042371788,1.33923586324,7.12099720567,8.78948369005,1.71070005728,17.4648381639,3.73236155842,35.8571428571,23.0220289958,40.7973068434,7.20150083289e-05,40.0160856333,42.1685398164,40.6435718561,40.871435662,40.3721354936,40.3721354936,39.906108849,42.3805604444,40.6165279662,40.8853965497,41.3163157236,40.2816301081,40.2816301081,25.0,39.0,27.8996612981,43.5234716251,29.2531444359,45.9479389159,28.1899197624,44.2893084253,28.4960208799,44.4537925726,28.2481274247,44.4840763423,28.1479032326,43.9107290429,-0.0109887949843,-0.353869709568,4.87637945236,9.11156130344,0.2,0.1,0.35,0.6,0.6,0.3
202697,1.87945613741,0.385394563936,2.85400226125,0.925242587302,0.785190780943,2.85398302833,1.02292456481,0.948863995993,3.63917380927,2.42612710582,0.933257269603,6.06024173899,0.689585212358,23.7857142857,6.4750966936,16.1536742517,3.34004732172e-08,15.5290637323,16.6538872782,15.7128266454,15.9956923671,15.7110224228,15.7110224228,14.6266830195,15.82595444,14.8097722018,15.0731998359,15.2762604882,14.8081906596,14.8081906596,17.0,31.0,11.0988503552,20.2390800596,11.9015595675,21.7189348509,11.2289696858,20.4924474196,11.4323567068,20.8472387007,11.5436437621,21.0716234056,11.2288989088,20.4762274219,1.17458520958,1.49120881564,5.54459484595,8.37423782651,0.6,0.5,0.6,0.2,0.2,0.15
202702,1.05369475453,0.842248592035,0.0231051989581,3.57527674959,3.72961137885,5.85441245663,0.618681452682,1.39956064221,9.58402383548,5.6667267812,0.00120253534762,9.5101513454,2.25405005105,27.9285714286,13.5887061488,28.9094399656,8.42434035593e-08,28.1923763304,29.9929910393,29.2926094505,28.1929775981,28.6715775222,28.6715775222,28.6477446778,30.4205861293,29.733856005,28.6483534353,29.1502818719,29.1223843918,29.1223843918,18.0,34.0,18.1700225966,34.3211537935,19.0015306733,36.7814846304,18.5501338437,35.9288461745,18.1704101144,34.3218857716,18.1935172604,35.5518036046,18.4788683775,34.9045291574,0.14410276928,-0.00283516176167,5.94855766937,10.0974763591,0.2,0.3,0.4,0.6,0.5,0.35
202703,1.11635645985,0.49821081125,3.21439104002,2.0922375013,0.738155525455,4.62748211784,0.841640741073,1.27234586582,5.36563764329,2.93600397314,1.22893802022,7.66476484872,1.65478832557,20.7857142857,8.75573429208,19.1639380915,7.42074725239e-09,18.2763913926,19.8295950112,18.5789530682,18.8908604027,18.5446732748,18.5446732748,18.6722963242,20.3359192835,18.9518349105,19.3971507212,19.761650998,18.92462512,18.92462512,15.0,31.0,13.1891484277,27.2575734172,14.2878263449,29.860698528,13.3853012314,27.9954799601,13.6325796721,28.1739979889,13.8000584914,28.9634814168,13.3827539096,27.6576914132,0.33513984342,-0.669374980966,7.20684725404,10.403508559,0.4,0.6,0.4,0.6,0.4,0.5
202709,3.17018014011,0.273565138698,1.18095439528,2.069259836,0.490340997973,2.1322150166,0.709317223599,1.36552611629,2.62255601458,2.83487563723,0.310593144916,6.41160570428,1.63712407627,24.0,7.61746849565,16.2438546212,2.48729168013e-07,16.1200445316,17.0903892429,16.2523296123,16.2753411041,16.2511723323,16.2511723323,16.4888021197,17.3753618656,16.6137587657,16.6585521075,16.5050818062,16.6129291797,16.6129291797,20.0,31.0,13.433370443,20.8217241867,14.2412213055,22.0843956076,13.54283828,21.001901918,13.5627842534,21.0223155927,13.535519605,20.9940292971,13.5426436103,20.9910975959,-0.165746329041,-0.54373585926,4.86126946096,7.09322227348,0.6,0.4,0.25,0.0,0.3,0.45
202710,3.48872102513,0.470435952944,2.55781621589,5.75962610344,0.988408520918,3.04816661171,1.46528531533,2.04690076057,4.03657513263,6.90342250556,0.873999312982,14.8858920064,4.84147466278,36.2857142857,19.5223189869,31.3212140192,2.73667614731e-05,31.4238324597,33.103596062,31.6431460252,31.8608321162,31.6256612163,31.6256612163,36.0423137673,37.8405397023,36.3643460345,36.5706715708,35.9895223426,36.2974825213,36.2974825213,32.0,43.0,27.7123561849,37.2384786235,29.1855145708,39.2608074042,27.8975586329,37.5301166126,28.0977417088,37.7563404212,27.6109529872,37.1587667864,27.8903468995,37.4776536461,0.978266406832,2.08411398744,5.62648317559,10.8637855619,0.2,0.3,0.2,0.2,0.2,0.3
202720,0.706367583199,0.288885262082,0.771251989658,0.841323944314,0.543424106328,2.3147496196,0.311102220588,0.517399187899,2.85817372593,1.95834906459,0.303109703016,4.01297076714,0.650248242767,10.5,4.87005607497,10.1854854837,4.49793894726e-13,10.0419916983,10.5953049449,10.1850504995,10.1935465498,10.1849003846,10.1849003846,9.32745101537,9.94483993078,9.47137993706,9.50087280205,9.56753364475,9.47125220215,9.47125220215,9.0,29.0,8.6074214557,27.7350246906,9.08159099917,29.5973221114,8.72994433164,28.4642384049,8.73732561414,28.1536047567,8.73028419072,28.5767891835,8.72991461539,28.1297248718,0.515276350478,-0.739282708648,8.50121650989,9.61879094961,0.8,0.6,0.55,0.0,0.3,0.3
202734,1.75280886066,0.249735553047,1.84534301238,0.76584024259,0.404702967807,1.76371269334,0.82798818382,1.15235037822,2.16841566115,3.99894413183,0.801256919611,8.31484891753,0.489062595427,28.1428571429,9.2882077787,15.8604117845,7.45021757236e-10,15.5226169586,16.6079257984,15.6311221495,15.9232454184,15.6310377416,15.6310377416,17.5455994355,18.7026360665,17.6846468996,18.0299823633,17.9656334668,17.684075326,17.684075326,8.0,36.0,4.41252055675,19.8563425054,4.72101075066,21.2453498311,4.44334067787,19.9958345035,4.52640478898,20.3688215504,4.50851145976,20.2893700675,4.44334067783,19.9950330502,0.737940502623,0.0269409555695,9.85743270795,9.34724143526,0.0,0.2,0.3,0.4,0.5,0.45
203082,0.764492611892,0.349852069092,4.57492670002,0.627486972899,0.306981524835,2.06857416771,0.696898047785,0.711695878674,2.37555569254,3.61543252032,1.65752847823,8.42741013794,0.504971962522,24.1428571429,9.39336548139,15.6713060658,1.33236664795e-12,14.7725755854,16.0761151249,14.8915029465,15.6013398245,14.89135337,14.89135337,15.1762493453,16.5199273407,15.2992351896,16.0716278177,16.2156317576,15.2990379919,15.2990379919,14.0,33.0,8.56634560571,20.1921003563,9.32215809884,21.9759100275,8.63522322613,20.3567063989,9.04693078579,21.3249082808,9.08738802606,21.4232739772,8.63522266426,20.3544534229,0.328895248508,-0.432828129957,6.81623348786,7.89759272052,0.2,0.3,0.2,0.4,0.2,0.35
203098,0.739487458817,0.0352244096117,1.72196561193,0.751646075281,0.191718444465,1.41852190861,0.20936604383,0.621444252587,1.61024035308,2.14526656573,0.527328914981,4.56959206014,0.599688322056,13.4285714286,5.41755036849,8.60130158321,9.30267783596e-15,8.3268066347,8.98170726226,8.40732067847,8.5904710922,8.40731865236,8.40731865236,7.78070152326,8.42846559482,7.85713414768,8.03228597229,8.04538995608,7.85713307842,7.85713307842,2.0,23.0,1.24016269028,14.2618709382,1.33770077985,15.3840315621,1.25215384184,14.4002417749,1.2794318648,14.7134664451,1.2810445143,14.7326420389,1.25215384184,14.3997691812,2.02963108044,6.17550848722,8.29515062006,5.7733102386,0.6,0.8,0.9,0.0,0.0,0.0
203115,2.38545096512,0.407385130895,3.75416954243,3.64861240355,0.875254794179,5.72822331404,1.00163613229,1.85083064158,6.60347810822,5.77091041503,1.38374869962,12.9167537171,2.92919988618,30.1428571429,15.8547694158,29.2373261628,2.30270273748e-05,28.3243314782,30.45180763,28.8345179594,29.016205828,28.6545053836,28.6545053836,27.9171446699,29.9564533427,28.3682045682,28.6114591463,28.7117332034,28.2297492879,28.2297492879,20.0,37.0,18.7933952936,34.7677812931,20.0994977427,37.5922163073,19.026414549,35.6070123988,19.2524588432,35.61704886,19.2585467244,36.1719745131,19.012468027,35.17306585,-0.0183356665939,-0.158529245063,6.59182318759,10.280548747,0.4,0.3,0.25,0.2,0.4,0.45
203118,1.19352620788,0.184754088308,2.55933932942,0.936104612914,0.703246803922,2.2293557398,0.347577519282,0.623292257501,2.93260254372,2.83249697916,1.04366842967,5.91815468055,0.724619578432,17.7857142857,7.43328196642,13.8624036161,1.86369493302e-10,13.1840652884,14.164685254,13.3312049104,13.7058995032,13.3306954156,13.3306954156,13.5240828785,14.5119353289,13.6773150667,14.0098372457,14.1253444172,13.6766088959,13.6766088959,8.0,22.0,5.9301819771,16.308000437,6.37103498135,17.5236759207,5.99613619227,16.4927042507,6.16490258779,16.9534821164,6.23499258738,17.1506692288,5.99613609054,16.489374249,0.547256077079,-0.398805541026,5.16072585486,6.48899505827,0.6,0.5,0.55,0.0,0.2,0.2
203135,0.346849711044,0.251079249919,0.00243796504387,0.627240732031,0.569595374796,0.710362302028,0.103039473884,0.256101978876,1.27995767682,0.712514876812,0.00028638522391,1.74531696466,0.365225593037,7.35714285714,1.79054173189,4.16753193659,1.43538399517e-20,4.29890097937,4.49109304933,4.36289886728,4.29904417198,4.36289886321,4.36289886321,4.57190749686,4.78506597978,4.64308126815,4.57208952052,4.45532078867,4.6430812578,4.6430812578,2.0,23.0,1.16863327594,13.4392826734,1.22087966279,14.0422448078,1.18603075893,13.6414824134,1.16867220209,13.4397303241,1.13292130167,13.0314332161,1.18603075893,13.6393537277,0.680514838529,0.411304923353,7.7266910373,5.34668285424,1.0,0.9,0.8,0.0,0.1,0.05
203141,1.44124567174,0.54009515367,6.11249591166,2.47834719752,0.819542265259,3.7882882959,0.483332647543,1.06513895454,4.60783056116,5.36411643406,2.52599967126,12.2191828053,1.95539454122,26.5,15.2096270806,25.361522307,4.99067923214e-08,23.8826089095,25.9344129337,24.1388436208,25.1456087451,24.1130004376,24.1130004376,22.4092825996,24.7296686911,22.6667674061,23.8545130617,24.3834244598,22.6410795265,22.6410795265,7.0,29.0,6.30861367421,26.1356852217,6.84377322772,28.3985189114,6.36947189979,26.4335562671,6.6422362723,27.5178359852,6.69016818289,27.777402806,6.36947181369,26.3878117996,0.0641640443949,-0.490984981912,8.04160256174,9.40128778717,0.2,0.1,0.35,0.0,0.4,0.2
203145,2.51655044564,0.495370387137,3.58051481284,2.07234093152,0.346680732349,4.55606787064,1.04668604572,1.692198527,4.90274860299,4.33584833525,1.4226832937,9.41516429895,1.68225059155,28.7142857143,11.7766305557,24.0147364194,5.99722181121e-06,22.8266688865,24.6603805639,23.1029396536,23.5380105333,23.0718063166,23.0718063166,23.1425788233,25.0976232874,23.4393620258,23.8668967341,24.3936718136,23.3990491692,23.3990491692,23.0,33.0,18.2840482126,26.2336343919,19.7338500251,28.3813044891,18.4863476043,26.5914097115,18.8538293327,27.0511464338,19.2103707883,27.6526486777,18.4804020745,26.5153594982,-0.188575289584,-0.194191992396,4.75341705509,8.10685649008,0.2,0.5,0.25,0.6,0.4,0.4
203200,0.885152045194,0.220674902553,1.91780496635,0.583890345375,0.205439880963,1.07878628823,0.720968597836,0.817019543807,1.28422616919,1.5484953431,0.531553551059,4.420773174,0.405960032621,15.7142857143,4.03450426988,8.21129398015,3.78665949706e-15,7.96957119767,8.70806919379,8.03378264636,8.2353479732,8.03378250613,8.03378250613,9.23639364068,10.0184540651,9.31878633485,9.55773310001,9.53195932578,9.31878486466,9.31878486466,2.0,20.0,1.01430906152,10.1430906152,1.10829969773,11.0829991363,1.02248140987,10.2248162577,1.04813519659,10.4813519659,1.04507375549,10.4507404337,1.02248140987,10.2248140987,1.22480616301,1.10319231675,7.56123987748,5.90426142971,0.6,0.8,0.9,0.2,0.1,0.05
203458,1.12094310521,1.95212888076,0.108420891664,5.38097203895,3.18009955913,7.39611563342,0.858725954716,2.29064931056,10.5762151926,5.05369704168,0.0224377675549,10.8357179361,4.20584076946,32.9285714286,14.3356726204,33.0821552889,2.08508480026e-05,32.0396058696,34.5389396529,33.3823961138,32.0508247534,32.5684166293,32.5684166293,30.3295708984,32.8710391859,31.6734530583,30.3425972393,31.3878140557,30.8738629753,30.8738629753,9.0,35.0,8.75702893617,34.0551125295,9.21773578072,36.7878845008,8.90163060519,35.5585865959,8.76009526883,34.0670371566,8.74544443747,35.2648277828,8.9015628965,34.617189042,0.547761197753,-0.432801884135,9.04506920019,13.0797954121,0.0,0.2,0.35,0.4,0.4,0.35
203461,0.0997330561672,0.0331165658245,0.220821573942,0.212767247896,0.18502518347,0.50798055038,0.121592508974,0.121187566128,0.693005733851,0.328073791137,0.0521029571695,0.880488443587,0.169122577328,2.64285714286,0.87737311677,2.04514236128,2.27674092314e-28,2.04681016511,2.16810571345,2.0814604518,2.0728616437,2.0814604518,2.0814604518,1.95063940898,2.06755817281,1.98360335795,1.97440442149,1.94418488297,1.98360335795,1.98360335795,2.0,10.0,1.54893742225,7.74468711123,1.64072864802,8.20366684515,1.57515926082,7.87581990918,1.56865205469,7.84326027344,1.54767530043,7.73840797556,1.57515926082,7.87579630412,0.522720398381,-0.805888931267,3.87826451812,3.0350390423,1.0,1.0,0.95,0.0,0.0,0.05
203462,2.07247052867,0.255502215334,1.74689428554,3.92556523264,0.566698275246,2.22086689569,0.454887651558,1.6646409249,2.78756517094,3.40911081763,0.41765711136,7.90304918883,2.68976361655,20.3571428571,9.92564236317,16.0933286035,2.38819161836e-08,16.1355651702,17.316724431,16.2755754129,16.3443937259,16.2749434287,16.2749434287,15.0212690981,16.2097961491,15.1540401789,15.2205299982,15.0296157671,15.1536631133,15.1536631133,5.0,38.0,3.96312126987,30.119721651,4.25307533789,32.3915005612,3.99735452642,30.448022394,4.01441249407,30.509534955,3.95254042254,30.1296405727,3.99735452636,30.3798944003,0.591789552112,0.0137423813856,12.1002463589,10.3661222492,0.6,0.5,0.35,0.0,0.1,0.4
203471,4.10146074332,0.117227740593,2.62226688722,2.06336224144,0.292327495369,2.04684753393,0.658270866249,1.77711456669,2.3391750293,3.69030656852,0.876657130315,8.55809202738,1.63340080252,18.2142857143,9.89067106988,19.1929459416,9.2643708688e-07,18.623754867,20.0761918321,18.7493059836,19.0620834322,18.7407136185,18.7407136185,18.5529170571,20.0482486484,18.6801661831,18.9892063364,19.15732889,18.6728533898,18.6728533898,15.0,28.0,15.3372098905,28.6294584622,16.527947638,30.9976582348,15.4352181157,28.9578964599,15.6981863559,29.3032811977,15.7987745154,29.6842750217,15.4335288623,28.8092538763,0.644760649385,0.504420268905,5.43090340484,8.78118586967,0.4,0.3,0.35,0.2,0.5,0.35
203488,0.404850640917,0.236640552443,0.432327619826,0.42421079615,0.482566688851,0.979132881167,0.164867405943,0.327558808858,1.46169957002,0.93462418284,0.139090092825,1.84025313685,0.349824523846,7.07142857143,2.35816298235,5.32588628837,9.48008941052e-19,5.19493553566,5.50134502765,5.26802057681,5.26448058207,5.26802051416,5.26802051416,5.4373884125,5.7616242466,5.51354806546,5.50212508375,5.56706946418,5.51354796916,5.51354796916,2.0,20.0,1.46927469695,14.6927469695,1.5559359497,15.5636604468,1.48994519592,14.903752909,1.48894400301,14.8894400301,1.50631124985,15.0688470961,1.48994519592,14.8994519592,0.63461262014,-0.377356392699,6.52668329396,6.47911538485,0.6,0.7,0.75,0.2,0.2,0.15
203492,0.419947377928,0.0518690399441,0.183322119404,0.157707169766,0.119172312082,0.315669330246,0.0829105877239,0.133810969705,0.434841642328,0.402108515999,0.0521931207304,1.00429406815,0.120101875167,3.35714285714,0.976512027895,2.24488432722,7.04379347913e-25,2.26399135121,2.37873547854,2.28573343333,2.29008791158,2.28573343333,2.28573343333,2.23225963793,2.37064817705,2.252726015,2.26795496717,2.25676970663,2.252726015,2.252726015,1.0,25.0,0.674380402488,16.8595100622,0.708559504247,17.7157526393,0.680856767374,17.0231842175,0.682153846001,17.05384615,0.668688948534,16.7195751218,0.680856767374,17.0214191844,1.14254821778,0.00792927851219,8.20857144461,6.74191351542,1.0,1.0,0.8,0.0,0.0,0.15
203501,1.17431063772,0.216842340457,2.77080290459,1.0919654979,0.216784698055,1.50857605153,0.352300898849,0.548040659561,1.72536074959,2.27180256887,0.989665130704,5.29201470601,0.955680625594,17.4285714286,6.48895089403,11.4719325832,1.7822722353e-12,10.9110955692,11.7662223281,10.997369433,11.4059281345,10.9973636067,10.9973636067,10.6018010625,11.374605169,10.69382742,11.0139496961,10.949690635,10.6938187776,10.6938187776,8.0,23.0,5.00837173667,14.3990687429,5.40088626384,15.527644942,5.04797018083,14.5130112033,5.23550799617,15.052085489,5.26580155529,15.1393087154,5.0479701801,14.5129142678,1.0894687032,1.29140466079,5.54424353394,6.54317102949,0.8,0.6,0.65,0.2,0.2,0.15
203503,0.862606251638,0.204103001208,1.78759298407,0.409268790043,0.233580762407,2.19863651019,0.232446637293,0.73338749743,2.4322172726,1.71292572941,0.645055377609,4.82679776797,0.374485564427,19.1428571429,4.44539240085,9.1439211322,7.28860190622e-13,8.797674285,9.60854459112,8.9193231536,9.12020197381,8.91928514863,8.91928514863,10.1281866738,11.074398688,10.2743673138,10.5449729076,10.6977705541,10.2741546233,10.2741546233,10.0,30.0,4.59579999963,13.7873999989,5.01936913681,15.0609620419,4.65932808736,13.9808388935,4.76428461318,14.2928538395,4.77664878005,14.3337525091,4.65932806272,13.9779841882,1.10092238627,1.48134479492,7.38468518744,7.3594357539,0.8,0.7,0.7,0.2,0.2,0.15
203512,0.144404387107,0.11604300964,0.0879152012368,0.38706226213,0.413740703748,0.742766688221,0.180738150606,0.230800380573,1.15650739197,0.541587394798,0.0291392081746,1.04181132719,0.263098463865,4.57142857143,1.37541246164,3.38890768895,4.77226490831e-24,3.34258985258,3.53038501728,3.40041522291,3.35715945667,3.40041522218,3.40041522218,3.28592970292,3.46769836605,3.33863227088,3.29990761648,3.31789776904,3.33863227057,3.33863227057,2.0,16.0,1.4623830605,11.699064484,1.54454344474,12.3578770454,1.4876816597,11.9029827651,1.46875726229,11.7500580983,1.48264711349,11.8632162246,1.4876816597,11.9014532776,1.90501043499,4.4170654716,6.41798069415,5.88007936454,1.0,1.0,0.9,0.0,0.0,0.05
203521,4.40680897086,0.0791407018001,2.86058170828,0.844163897559,0.489967757717,1.43389336301,0.573092712624,1.20285090431,1.92386112073,2.76262043967,1.22896287435,6.26449507014,0.719288241559,22.7142857143,7.47349199525,17.524953083,1.87020869042e-07,16.493954721,17.8143833602,16.5984764708,17.1084361581,16.590147777,16.590147777,15.0933743746,16.473528096,15.1924012244,15.6949398521,16.1727574535,15.1889065436,15.1889065436,20.0,33.0,14.5229789996,23.9629153493,15.6811620335,25.9817346494,14.6105521938,24.2152284139,15.0640318373,24.8556525316,15.4248318708,25.5946320068,14.6076772879,24.1026675251,0.357068676014,-0.260374479374,5.59929730643,6.48497588898,0.4,0.4,0.35,0.2,0.2,0.3
203527,0.568966258722,0.193054286392,1.02682289099,0.985029595855,0.309987075615,1.52037781643,0.261781684545,0.248443269325,1.83036489204,1.13813331594,0.260163533245,2.89841801965,0.714516899744,9.14285714286,3.25094706486,6.93026875346,4.95834190684e-16,6.96206299595,7.30788591305,7.05358251177,7.09214476257,7.05358124055,7.05358124055,7.22342570472,7.61667700064,7.32508286784,7.33815898541,7.21072782672,7.32507999903,7.32507999903,5.0,21.0,3.80737820091,15.9909884438,3.99649941431,16.7913812684,3.85742724173,16.2072781435,3.87851666703,16.2897700015,3.78998979869,15.9260687822,3.85742724092,16.2011944119,0.646480182666,0.091280178803,6.98700091729,5.77881848504,0.8,0.8,0.75,0.2,0.1,0.15
203530,0.921904008017,0.282362853331,0.895340472793,1.36779081558,1.55808588768,3.62298829721,0.334461162863,1.03562871168,5.18107418488,3.06431025702,0.302244813137,6.35550021037,1.07381376164,17.8571428571,7.50467908883,15.5141070083,7.54062109896e-10,15.3028434434,16.2521657451,15.5832289827,15.45396585,15.5618971527,15.5618971527,15.3473813513,16.2740466193,15.6236311697,15.4965874458,15.5447494577,15.6037050729,15.6037050729,6.0,26.0,5.14175539699,22.2809400536,5.45356052178,23.8643769856,5.22879776961,22.8904050596,5.1925325256,22.5009742776,5.20318373054,22.8568375392,5.2287974433,22.6581222543,-0.0175329737796,-1.01598607803,7.34534703827,8.93977786856,0.2,0.3,0.45,0.4,0.4,0.35
203613,0.800478068512,0.0928693255109,0.585716055234,0.97791382873,0.21975556457,1.03611998935,0.323419573599,0.642918160317,1.25587555392,1.60800424641,0.229046246775,3.35993596246,0.749527959547,10.9285714286,4.19458269914,7.2102299566,1.01904849866e-15,7.09201010451,7.59078619358,7.15480399003,7.2065332279,7.15480388221,7.15480388221,7.23861831955,7.80751773803,7.305027248,7.36266896548,7.45499924742,7.30502706423,7.30502706423,4.0,24.0,2.59576840427,15.5746104256,2.77832693335,16.6704447532,2.61875174774,15.7129936395,2.63768536446,15.8261121868,2.63903836287,15.8348743714,2.61875174774,15.7125104864,0.303983709395,-0.664764360573,6.92500352049,5.97480191962,0.8,0.8,0.65,0.0,0.0,0.0
203903,2.98544880446,0.103446751816,3.29789741947,2.54690717917,1.08539286127,2.61599703373,1.00551829185,1.68095166671,3.701389895,6.14813011603,1.18275093275,13.7746062395,2.05708250713,33.0714285714,15.5360936719,25.1828028116,4.65155419894e-06,24.9929131732,26.6178423774,25.1859910776,25.5842886396,25.177982668,25.177982668,25.8941396053,27.7004242729,26.1137536405,26.5651214288,26.3034602384,26.0995453949,26.0995453949,27.0,37.0,20.4045813812,27.9618337446,21.726293656,29.7886437233,20.5573092255,28.1867020964,20.8873889974,28.6234589964,20.5530788615,28.1860512507,20.5556748348,28.1688877365,0.100306895739,-0.470934509387,4.26083091233,8.09874689173,0.4,0.2,0.3,0.6,0.7,0.45
203914,2.04359731599,0.287065648352,4.96653658125,1.9585972818,0.854098551058,2.73029518539,1.78966975435,1.67804133571,3.58439373644,5.81054097652,1.80951008935,12.1622090321,1.54167995394,39.0714285714,14.9722719963,25.9569154672,2.52797824664e-07,24.8143699237,26.7425717862,24.9987960737,25.7191249684,24.9935896106,24.9935896106,23.579990684,25.4206824215,23.759845157,24.3765846956,24.489487632,23.7554735361,23.7554735361,24.0,41.0,15.2424648892,26.0392108523,16.4237641202,28.0645436246,15.3526331524,26.2346948879,15.798219359,26.9886247383,15.9401284062,27.2407581856,15.3525523019,26.2272768491,-0.184789941812,-0.923710661427,7.15771680502,6.97813541469,0.0,0.1,0.25,0.6,0.5,0.35
203926,0.683553716742,0.0881203029114,3.01995065756,0.808618652408,0.453622853635,2.03485414624,0.24887365228,0.913288594867,2.48847699987,3.85915608861,1.22664569485,9.33419799673,0.687263289172,27.7857142857,9.63222116124,13.8133382651,4.95835013172e-13,13.4044234517,14.5990396633,13.5290725185,14.0177462991,13.5288473017,13.5288473017,15.3694961322,16.7916198778,15.521797984,16.1620622545,16.1851862817,15.5206550367,15.5206550367,15.0,32.0,7.2363211436,15.4374851063,7.88110844775,16.8138230404,7.30349122302,15.581572961,7.56742088128,16.1438312134,7.45691048377,15.909131279,7.30349083126,15.58078044,0.463016407299,0.745986008314,6.76615653949,7.42538365368,0.4,0.3,0.4,0.2,0.4,0.25
203928,0.154514206001,0.259300286991,0.134445371323,0.672921004513,0.528639035846,1.05412854465,0.108932723127,0.159674220885,1.5827675805,0.957682215692,0.0225497365191,2.08104626024,0.425104123853,5.71428571429,2.36301829176,4.9096326126,1.82512883739e-20,5.0709024967,5.24115294534,5.15004096664,5.08217736496,5.15004087573,5.15004087573,4.67692062651,4.8621842782,4.75668803476,4.68982227749,4.54255853691,4.75668796678,4.75668796678,0.0,17.0,0.0,15.0859349277,0.0,15.6030232756,0.0,15.331965139,0.0,15.1194776608,0.0,14.6202813734,0.0,15.3213716053,-0.481538916186,-1.29943736662,5.7008771255,3.87814388593,1.0,1.0,0.85,0.0,0.0,0.0
203934,0.437789424797,0.0380948764889,0.526796275515,0.251179743524,0.0647525465331,0.4570426623,0.0981169145286,0.250016036711,0.521795208833,0.328375384039,0.155634233922,0.87993724294,0.182091201641,4.28571428571,0.99447620364,2.45129154928,1.33799388683e-23,2.29972213676,2.52863703252,2.3258118972,2.37753925372,2.3258118972,2.3258118972,2.26484450072,2.48004526888,2.29268243744,2.32965878472,2.38230449707,2.29268243744,2.29268243744,2.0,22.0,1.07320366382,11.805240302,1.18003061517,12.9804775615,1.08537888536,11.9393085335,1.1095183184,12.2047015024,1.14393605633,12.5834843278,1.08537888536,11.939167739,0.951583712008,0.672586942176,7.18775803337,5.92543300549,1.0,0.9,0.95,0.0,0.0,0.0
203937,1.61319139842,0.542798617693,0.515577140253,1.33448121757,0.421338986205,2.84509069877,0.778248918893,0.839024977166,3.26642968498,2.28687835842,0.130753342756,4.97579113905,0.945162896735,19.0714285714,5.64967295634,13.737030532,2.88673078367e-09,13.7922457719,14.4410228354,13.9561336754,13.8576224433,13.9555672562,13.9555672562,13.871411802,14.6126932688,14.0462047957,13.9462613584,13.9634682396,14.0454062777,14.0454062777,5.0,29.0,3.6159445844,20.9724785895,3.78588745,21.9801435003,3.65876295113,21.2428214069,3.6330845357,21.0718903071,3.60127068118,20.9166913665,3.65876295106,21.2208251162,0.534514318086,-0.341544979353,8.34523443967,7.61561657512,0.2,0.3,0.35,0.4,0.5,0.35
203944,1.55649587042,0.316345112978,0.568813357673,3.14645856235,2.18437836723,7.45015534136,0.713033896545,1.33466794131,9.63453370859,5.12913095474,0.17542232719,11.5125591545,2.16021319005,29.7857142857,12.5938974267,27.4833581186,2.22048457261e-06,27.2141717604,29.0412882367,28.2862431025,27.301882924,27.6958984458,27.6958984458,28.0638794663,30.3668767144,29.3393963331,28.1412414965,28.7937223007,28.5977239574,28.5977239574,23.0,32.0,21.014300496,29.2372876466,22.1589164381,31.3045683118,21.5758839843,30.493392724,21.0820295001,29.3315193044,20.8671634031,29.6655938202,21.3862812939,29.754826148,0.00399269911743,1.2288250092,4.34419426471,8.89309621101,0.0,0.1,0.1,0.4,0.3,0.35
203946,0.398876923258,0.177229957337,0.260574866896,0.616151773644,0.468925064924,1.52103915453,0.292303739167,0.426610516918,1.98996421946,1.12654567362,0.0697792614813,2.96117553678,0.495611477748,9.28571428571,2.81848208647,6.21100338038,1.82557608004e-17,6.3172114108,6.66490584479,6.41671095559,6.35210104154,6.41670962177,6.41670962177,6.42481584273,6.78267424605,6.5204807614,6.46597317017,6.33159929317,6.52047961029,6.52047961029,2.0,14.0,1.36063015002,9.52441105013,1.43551789467,10.0487580581,1.38206053392,9.67455653281,1.36814483972,9.57701387801,1.33775419119,9.36445639881,1.38206053392,9.67442373744,1.49596686352,2.06269221581,4.70050755151,3.96898103517,1.0,0.9,0.95,0.0,0.0,0.0
203955,1.95176432436,0.094264098803,2.1657553639,1.68678762339,0.429470126542,1.72370445341,0.630898573602,1.34671261366,2.15317457995,2.97502264768,0.659966729931,7.08696259237,1.33472596169,19.3571428571,7.94473798698,13.8848888913,1.32373723806e-09,13.5598067006,14.6708807233,13.6675410515,13.8897900656,13.6674654296,13.6674654296,13.5224458512,14.6972484649,13.6269152728,13.8548614479,13.8276849148,13.6268586386,13.6268586386,6.0,21.0,4.20303971532,14.7106390036,4.5474082234,15.9160975809,4.23640994875,14.8276036196,4.30532238195,15.0686283368,4.30377194639,15.0634268662,4.23640994866,14.8274348203,1.49276907622,,8.66025403784,4.25245027406,0.6,0.5,0.722222222222,0.4,0.3,0.166666666667
203994,0.693585875331,0.912880594548,0.0754960490827,2.53692858796,1.76236851301,3.28984701908,0.564262787066,1.19131423053,5.05221553209,2.30264340217,0.00828851302678,5.92343992006,1.61762881812,14.2142857143,6.23120413548,14.8343342815,4.11298394326e-10,15.0972141197,15.9613171403,15.3615157685,15.1013583762,15.3498248963,15.3498248963,15.0919062217,15.9324505523,15.3518029537,15.0959979269,14.8318516942,15.341274604,15.341274604,5.0,22.0,5.31057783105,23.3665424566,5.61042145443,24.9136737543,5.39943604727,23.9853379628,5.31203560972,23.3729566828,5.2126245858,23.2393065031,5.39943589317,23.7575179299,0.824986149511,1.03424705721,5.35467222338,9.84532423827,0.4,0.4,0.4,0.4,0.3,0.35
203998,0.0564887184062,0.0348372719047,0.13776750018,0.0643128453129,0.0614014690795,0.141627782719,0.0401215185981,0.117282059336,0.203029251798,0.242943047367,0.047786158775,0.583855156424,0.0477199209875,1.35714285714,0.581392174496,0.96959826862,2.40143185012e-37,0.942395875933,1.03508144758,0.952547338523,0.96628895532,0.952547338523,0.952547338523,0.967467270851,1.05715311949,0.977730351209,0.993280823021,0.995646381404,0.977730351209,0.977730351209,1.0,2.0,0.694396961214,1.38879392243,0.762691592952,1.5253831859,0.70187698628,1.40375397256,0.712002388131,1.42400477626,0.714440829509,1.42888165902,0.70187698628,1.40375397256,1.73205080757,,0.57735026919,1.27017059222,1.0,1.0,1.0,0.0,0.0,0.0
203999,2.33439541179,0.654874644069,0.997891286676,3.28113798135,2.80251710628,5.10327771864,1.27051301702,1.73361908974,7.90579482492,4.57808636583,0.39923045286,9.09328034674,2.57694060732,25.3571428571,12.1323437918,28.0112196865,3.39119869574e-05,27.2380469319,29.0123304532,27.9459056819,27.4376621583,27.6333366731,27.6333366731,27.2514120993,28.9727598107,27.9366626626,27.4484960991,27.9908636185,27.6415212763,27.6415212763,11.0,30.0,11.8159414859,32.2252949616,12.4506919113,34.5584666703,11.9880738415,33.2967810254,11.9025351335,32.4614594549,11.9714570748,33.4516593098,11.9874192892,32.6929616978,0.229279101455,-0.488435745201,7.56729023787,11.9330429708,0.0,0.2,0.3,0.6,0.5,0.5
204002,0.463387754228,0.510815439327,0.137604398101,0.902499354346,0.660193200473,1.26933300052,0.197304919496,0.420826424877,1.92952620099,1.17336258262,0.0396471797902,2.349072943,0.550490094924,8.07142857143,2.93686243995,6.90739810142,2.1908297163e-16,6.94278980525,7.26950404177,7.03926723944,6.96261339514,7.03926611529,7.03926611529,6.8383061956,7.21379991848,6.94184288996,6.85983134559,6.85097708689,6.94184119605,6.94184119605,1.0,15.0,0.860168648437,12.9025297266,0.900646379175,13.5106668257,0.872121465612,13.0827931222,0.862624668424,12.9393700264,0.855783649876,12.8380495987,0.872121465612,13.0818219842,0.610645270971,-1.61613017115,4.77683805652,5.41395503222,0.8,0.7,0.727272727273,0.0,0.0,0.0
204028,0.338057707281,0.293765595247,0.00736593568972,1.09340643873,1.11089931625,2.30606660426,0.268497802014,0.43808279446,3.41696592051,1.4005633555,0.00164720483692,2.51235302353,0.465692060614,11.5714285714,3.26846597644,8.51918765558,4.60583525965e-16,8.56235564204,8.95319728296,8.73333228331,8.56317924446,8.73320393806,8.73320393806,9.17832820063,9.61427171122,9.37065999309,9.17937514796,9.1651585286,9.37037864286,9.37037864286,4.0,18.0,2.95982664169,13.3192198876,3.09488802813,13.9359115084,3.0188853122,13.5938992867,2.96011134376,13.3205010469,2.94484522013,13.2636906663,3.01888531192,13.5849839037,-0.061883696219,-0.674409768356,5.77807527176,4.92478816413,0.8,0.7,0.6,0.2,0.1,0.05
1626144,6.04525868335,0.605900457587,3.31214296169,3.70832489835,0.686329632244,3.09001887643,1.27541656067,3.6937527142,3.77634850868,5.07920857809,0.980049864366,14.5042683839,2.40583097845,32.7142857143,13.544297999,27.7013328572,0.000402187484743,27.2126855568,29.8551016164,27.5182003271,27.7027104889,27.4015029822,27.4015029822,26.7974289392,29.2869295422,27.1077074229,27.257931698,27.2922560535,26.9819490234,26.9819490234,24.0,37.0,19.9638915875,30.7776661974,21.8313385582,33.8626482022,20.1169306254,31.2196026392,20.3233858609,31.3318865355,20.228161878,31.456364475,20.1024126682,30.9912195301,0.152258882924,0.0042156701615,5.31539926889,8.35238594776,0.0,0.4,0.4,0.6,0.3,0.35
1626148,1.18329859771,0.244732984191,3.40640842185,1.09523499126,0.531143633307,2.83228038232,0.70571165991,0.924356223761,3.36342401562,2.21684588175,1.00416176163,6.39607077489,0.891222231833,30.0714285714,6.32907575695,13.656687916,3.38594812911e-10,13.1166655367,14.2500862693,13.2858272766,13.6187464175,13.2848367375,13.2848367375,13.5151055064,14.6566141896,13.6995371379,14.0144993984,14.0315257792,13.6977380447,13.6977380447,3.0,34.0,1.30855095616,14.8302441698,1.42152498971,16.1135748398,1.32532813058,15.0233437697,1.35863978512,15.3979175647,1.36229316463,15.4432669129,1.32532813058,15.0203854799,-0.0749413196513,-1.0193130083,10.7157634449,5.43582125436,0.4,0.5,0.55,0.2,0.1,0.05
1626153,0.67795887526,0.0464174275033,0.454617097269,0.592623530465,0.177994320324,0.627448255129,0.163129034445,0.3071319041,0.805442575453,0.590838663874,0.166613474107,1.48058645107,0.436495055363,4.85714285714,1.78478585722,3.97919876999,2.36411149029e-19,3.88021628045,4.15736109846,3.92048840936,3.9635230175,3.92048840922,3.92048840922,3.9574421808,4.21965597877,3.99547726791,4.0485022562,4.03638368051,3.9954772678,3.9954772678,1.0,7.0,0.798868057739,5.59207640417,0.855927284949,5.99149100858,0.807159378369,5.65011566252,0.81601944478,5.71213611346,0.819246805548,5.73472765742,0.807159378369,5.65011564858,3.29121209286,11.9396419905,7.03666866368,6.39119338944,0.8,0.9,0.941176470588,0.2,0.1,0.0588235294118
1626156,4.42402538235,0.1646904897,5.15928926005,2.28933978677,0.58014814126,3.21493832128,1.24047750795,2.52310802915,3.79508646254,5.87806309321,1.77546791937,13.8128897406,1.65518793528,33.0714285714,15.1867820411,27.7860849547,7.79287496978e-05,26.6641518358,29.0313621412,26.882074167,27.5518857955,26.8539061589,26.8539061589,27.4558551431,30.076483629,27.6948011691,28.463088931,28.9034595217,27.6654294407,27.6654294407,22.0,36.0,17.7377079167,29.0253402273,19.2948351234,31.6212791187,17.865071201,29.2816654275,18.3282523218,29.9916856175,18.460678562,30.2717962406,17.8639375744,29.231897849,0.617453623416,0.387929159813,5.36878577772,8.92698177349,0.2,0.3,0.5,0.8,0.5,0.3
1626164,3.24118626704,0.275440780302,5.18295529059,4.71671758761,0.534662357245,3.0014703246,0.730749882996,2.35623181691,3.53613268184,6.40940950017,1.93149796499,14.4454106916,3.83526062206,37.2857142857,18.5855775874,28.4144760994,6.59698711152e-06,27.3468657159,29.6754629478,27.5315980568,28.3126146983,27.5236723499,27.5236723499,25.4976780516,27.8048063002,25.6709698316,26.4191804337,26.5534228761,25.6655624229,25.6655624229,8.0,41.0,5.86752674363,30.0710745611,6.36544860484,32.638422511,5.90546226809,30.2809925351,6.07473725328,31.1330284231,6.0943280261,31.2540460355,5.90546226665,30.2654941166,0.270042340753,-0.718296233575,12.0805548884,11.254643728,0.2,0.4,0.3,0.6,0.3,0.3
1626171,0.83912967698,0.360159345441,0.811419227623,1.06270698315,1.79965875212,4.4406728137,0.695687320671,1.18872834995,6.24033156583,3.70802643082,0.288407353258,8.58148665683,0.780334275112,20.9285714286,8.48479449002,18.1541909917,1.22509258336e-09,18.1548518668,19.2755682374,18.5370003858,18.2990555434,18.466868445,18.466868445,18.3634672011,19.5188164284,18.7328015648,18.5335761364,18.4200325858,18.6669709465,18.6669709465,4.0,27.0,3.46986929877,23.4216177667,3.67066359493,25.0703729897,3.52950386903,24.1175448398,3.49743041102,23.6076552744,3.45187091592,23.6913202086,3.52950386663,23.8241510998,0.156096817394,-0.930868300388,8.64491821347,9.74232626338,0.4,0.3,0.35,0.6,0.6,0.45
1626181,0.488918476382,0.114794940244,0.821368886189,0.324113521324,0.458075796539,1.01372961799,0.393510823217,0.433898154742,1.47180541453,1.01265524807,0.189440675549,2.73463361956,0.239276839058,8.07142857143,2.45402801076,5.56456196993,8.90614304251e-18,5.53628559494,5.9215453669,5.60987595176,5.63100593272,5.60987586567,5.60987586567,5.48222302191,5.82915026446,5.55649143991,5.56558604114,5.47353171245,5.55649135722,5.55649135722,2.0,21.0,1.37182297928,14.4041412824,1.46728555631,15.4088972018,1.39005773663,14.5980050951,1.39529350545,14.6505818072,1.37882948623,14.4809080827,1.39005773663,14.5956062346,1.108571411,0.181318231993,6.82490368759,5.16729325085,0.4,0.7,0.85,0.2,0.1,0.05
1626204,0.557585288285,0.187883392828,0.120179947732,0.56076762615,1.30218460131,2.47331376071,0.698874947357,0.430717752784,3.77549836202,2.20124496572,0.032037080687,4.08152198312,0.393388141712,16.5714285714,4.82791515385,11.4632129566,2.87905671362e-12,11.5376900483,11.9587920021,11.7274145853,11.5537085886,11.7264649664,11.7264649664,11.7734975681,12.3041172946,11.9833710789,11.7876260638,11.7906734073,11.9816985018,11.9816985018,13.0,28.0,9.05111891719,19.4947176678,9.38080012165,20.2760956374,9.19928852749,19.8851475884,9.06368518591,19.5217834773,8.99180489898,19.4620248446,9.1992095857,19.8136821846,0.718447917937,0.369033719804,6.18507090023,7.61618342741,0.4,0.7,0.45,0.4,0.2,0.4
1626245,0.801618250245,0.135098314985,0.211108266896,0.567605100282,0.358417744507,1.34535961641,0.22492326667,0.320246550647,1.70377736092,0.595873784999,0.0511403936703,1.37303614262,0.369544276624,6.5,1.61243224029,5.31183586054,4.18579690343e-16,5.25918906142,5.53007144467,5.34437797252,5.28475925826,5.34437792947,5.34437792947,5.38741098489,5.66494781497,5.46885741707,5.41757470235,5.44232067958,5.46885738016,5.46885738016,2.0,12.0,1.6182120189,9.70927211339,1.70156043127,10.2094184921,1.6444239783,9.86659977422,1.62607977177,9.75647863062,1.63441101635,9.80654063709,1.6444239783,9.86654386978,1.92052668257,3.51185262667,3.69297918192,4.98715492899,1.0,0.9,0.933333333333,0.0,0.1,0.0666666666667
1626246,0.15763751034,0.160030829947,0.0153095012908,0.728072899129,0.573431022936,0.917042510933,0.0889159914827,0.186996663886,1.49047353387,0.692980055244,0.0043724586322,1.31241550503,0.55766132863,3.57142857143,1.94799389775,4.25884812215,6.62652473592e-23,4.28391538288,4.45412364113,4.35843907987,4.28610161219,4.35843905957,4.35843905957,4.27227814025,4.45734870762,4.34351085906,4.2745967594,4.26623595061,4.34351084375,4.34351084375,1.0,17.0,1.19949630721,20.3914372225,1.24715461383,21.3484882975,1.22036293668,20.8930297859,1.20010845141,20.401843674,1.19247746662,20.467930079,1.22036293668,20.7461699236,0.661723126498,-0.86019420338,6.15970194009,9.50749811071,0.8,0.8,0.65,0.2,0.2,0.25
1626273,4.83977053699,0.170870732549,1.77322970846,0.636336724906,0.478616648764,1.8438736858,0.691370355468,1.71436180243,2.32249033456,2.25223086598,0.519788691704,5.39166405059,0.563379585099,21.9285714286,5.58763000876,16.3446430823,7.91845509125e-07,15.6443945893,16.8852845142,15.7682092671,15.9042889352,15.7605191061,15.7605191061,15.7847995823,17.1480494941,15.9192814072,16.0796788798,16.6284937373,15.9132925871,15.9132925871,5.0,23.0,3.56712580213,16.4087786898,3.84831141676,17.7135805027,3.5936037057,16.5419250318,3.62638509923,16.6813714564,3.7244540018,17.1476156551,3.59360370496,16.5305770428,0.945901098024,1.13066801614,7.13470169341,6.79402865735,0.2,0.6,0.7,0.4,0.2,0.15
