Position,Name,Salary,GameInfo,AvgPointsPerGame,teamAbbrev
PG,Russell Westbrook,12300,Dal@OKC 07:00PM ET,58.865,OKC
PG,Stephen Curry,10900,GS@Den 08:00PM ET,55.107,GS
PF,Anthony Davis,10700,Pho@NO 06:00PM ET,44.050,NO
SF,Kevin Durant,9800,Dal@OKC 07:00PM ET,46.438,OKC
PF,Blake Griffin,9500,Tor@LAC 03:30PM ET,45.979,LAC
PG,Damian Lillard,8700,Por@LAL 09:30PM ET,43.054,Por
PG,Chris Paul,8600,Tor@LAC 03:30PM ET,36.417,LAC
PG,Kyle Lowry,8500,Tor@LAC 03:30PM ET,42.214,Tor
SG,Eric Bledsoe,8400,Pho@NO 06:00PM ET,40.875,Pho
PG,Brandon Knight,7900,Pho@NO 06:00PM ET,39.563,Pho
C,Brook Lopez,7500,Bos@Bkn 06:00PM ET,36.673,Bkn
PG,Isaiah Thomas,7400,Bos@Bkn 06:00PM ET,35.646,Bos
PF,Draymond Green,7400,GS@Den 08:00PM ET,37.661,GS
C,DeAndre Jordan,7300,Tor@LAC 03:30PM ET,33.875,LAC
SG,DeMar DeRozan,7200,Tor@LAC 03:30PM ET,34.696,Tor
PF,Thaddeus Young,6900,Bos@Bkn 06:00PM ET,31.846,Bkn
SG,Tyreke Evans,6800,Pho@NO 06:00PM ET,0,NO
PF,Serge Ibaka,6700,Dal@OKC 07:00PM ET,29.788,OKC
SF,Danilo Gallinari,6500,GS@Den 08:00PM ET,31.538,Den
SG,C.J. McCollum,6500,Por@LAL 09:30PM ET,31.214,Por
PF,Ryan Anderson,6400,Pho@NO 06:00PM ET,31.519,NO
PF,Dirk Nowitzki,6300,Dal@OKC 07:00PM ET,32.188,Dal
SG,Eric Gordon,6300,Pho@NO 06:00PM ET,29.635,NO
C,Jared Sullinger,6300,Bos@Bkn 06:00PM ET,30.104,Bos
PG,Jarrett Jack,6200,Bos@Bkn 06:00PM ET,32.167,Bkn
SF,Al-Farouq Aminu,6200,Por@LAL 09:30PM ET,28.893,Por
SG,Klay Thompson,6100,GS@Den 08:00PM ET,27.500,GS
PG,Ish Smith,6000,Pho@NO 06:00PM ET,29.288,NO
SG,Kobe Bryant,5900,Por@LAL 09:30PM ET,28.306,LAL
PG,Emmanuel Mudiay,5900,GS@Den 08:00PM ET,29.596,Den
PF,Julius Randle,5800,Por@LAL 09:30PM ET,27.146,LAL
SF,DeMarre Carroll,5700,Tor@LAC 03:30PM ET,25.182,Tor
PF,Kenneth Faried,5700,GS@Den 08:00PM ET,27.962,Den
C,Jonas Valanciunas,5700,Tor@LAC 03:30PM ET,26.714,Tor
SG,Will Barton,5600,GS@Den 08:00PM ET,27.385,Den
SF,Jae Crowder,5600,Bos@Bkn 06:00PM ET,27.292,Bos
PG,Deron Williams,5500,Dal@OKC 07:00PM ET,28.458,Dal
C,Zaza Pachulia,5500,Dal@OKC 07:00PM ET,28.731,Dal
SF,Wilson Chandler,5500,GS@Den 08:00PM ET,0,Den
C,Mason Plumlee,5500,Por@LAL 09:30PM ET,27.357,Por
PF,Markieff Morris,5400,Pho@NO 06:00PM ET,22.250,Pho
C,Jusuf Nurkic,5400,GS@Den 08:00PM ET,0,Den
SF,Harrison Barnes,5300,GS@Den 08:00PM ET,25.625,GS
SF,Joe Johnson,5200,Bos@Bkn 06:00PM ET,24.769,Bkn
SG,Jordan Clarkson,5200,Por@LAL 09:30PM ET,24.771,LAL
C,Enes Kanter,5100,Dal@OKC 07:00PM ET,26.288,OKC
SG,Jamal Crawford,5000,Tor@LAC 03:30PM ET,21.250,LAC
SF,Andre Iguodala,5000,GS@Den 08:00PM ET,23.929,GS
SG,Avery Bradley,5000,Bos@Bkn 06:00PM ET,24.250,Bos
C,Tyson Chandler,4900,Pho@NO 06:00PM ET,21.708,Pho
C,Andrew Bogut,4900,GS@Den 08:00PM ET,23.188,GS
C,Roy Hibbert,4800,Por@LAL 09:30PM ET,24.979,LAL
SG,Evan Turner,4800,Bos@Bkn 06:00PM ET,21.146,Bos
PG,Marcus Smart,4800,Bos@Bkn 06:00PM ET,23.278,Bos
PF,Dwight Powell,4700,Dal@OKC 07:00PM ET,24.288,Dal
PG,Jrue Holiday,4600,Pho@NO 06:00PM ET,22.944,NO
PF,Luis Scola,4500,Tor@LAC 03:30PM ET,20.518,Tor
PF,Amir Johnson,4400,Bos@Bkn 06:00PM ET,20.833,Bos
C,Festus Ezeli,4400,GS@Den 08:00PM ET,21.536,GS
SG,Dion Waiters,4400,Dal@OKC 07:00PM ET,19.827,OKC
SG,J.J. Redick,4300,Tor@LAC 03:30PM ET,19.556,LAC
PG,Lou Williams,4300,Por@LAL 09:30PM ET,21.313,LAL
PG,D'Angelo Russell,4300,Por@LAL 09:30PM ET,21.813,LAL
SG,Wesley Matthews,4200,Dal@OKC 07:00PM ET,17.659,Dal
C,Meyers Leonard,4200,Por@LAL 09:30PM ET,18.056,Por
C,Joffrey Lauvergne,4200,GS@Den 08:00PM ET,23.083,Den
SF,Chandler Parsons,4100,Dal@OKC 07:00PM ET,13.778,Dal
PF,Ed Davis,4000,Por@LAL 09:30PM ET,19.196,Por
PG,Cory Joseph,4000,Tor@LAC 03:30PM ET,19.714,Tor
PF,J.J. Hickson,3900,GS@Den 08:00PM ET,16.375,Den
C,Kelly Olynyk,3900,Bos@Bkn 06:00PM ET,19.045,Bos
C,Bismack Biyombo,3800,Tor@LAC 03:30PM ET,13.804,Tor
SF,T.J. Warren,3800,Pho@NO 06:00PM ET,16.841,Pho
PG,Jameer Nelson,3700,GS@Den 08:00PM ET,19.023,Den
SF,P.J. Tucker,3700,Pho@NO 06:00PM ET,16.583,Pho
SF,Bojan Bogdanovic,3700,Bos@Bkn 06:00PM ET,16.327,Bkn
C,Steven Adams,3700,Dal@OKC 07:00PM ET,17.981,OKC
PF,David Lee,3600,Bos@Bkn 06:00PM ET,15.396,Bos
SG,Austin Rivers,3600,Tor@LAC 03:30PM ET,15.354,LAC
SG,Gary Harris,3600,GS@Den 08:00PM ET,18.519,Den
SG,Rondae Hollis-Jefferson,3600,Bos@Bkn 06:00PM ET,16.654,Bkn
C,Nikola Jokic,3600,GS@Den 08:00PM ET,16.063,Den
SF,Paul Pierce,3500,Tor@LAC 03:30PM ET,14.659,LAC
PG,Devin Harris,3500,Dal@OKC 07:00PM ET,17.615,Dal
SG,Nick Young,3500,Por@LAL 09:30PM ET,15.667,LAL
PF,Patrick Patterson,3500,Tor@LAC 03:30PM ET,13.679,Tor
C,Alexis Ajinca,3500,Pho@NO 06:00PM ET,11.827,NO
PG,J.J. Barea,3400,Dal@OKC 07:00PM ET,17.462,Dal
C,Omer Asik,3400,Pho@NO 06:00PM ET,8.625,NO
SF,Maurice Harkless,3400,Por@LAL 09:30PM ET,13.875,Por
PG,Raymond Felton,3300,Dal@OKC 07:00PM ET,15.615,Dal
PG,Toney Douglas,3300,Pho@NO 06:00PM ET,15.409,NO
PF,Jon Leuer,3300,Pho@NO 06:00PM ET,15.271,Pho
SG,Allen Crabbe,3300,Por@LAL 09:30PM ET,14.375,Por
SF,Metta World Peace,3200,Por@LAL 09:30PM ET,13.875,LAL
PF,Charlie Villanueva,3200,Dal@OKC 07:00PM ET,13.773,Dal
PF,Josh Smith,3200,Tor@LAC 03:30PM ET,14.521,LAC
SF,Dante Cunningham,3200,Pho@NO 06:00PM ET,13.692,NO
SF,Luke Babbitt,3200,Pho@NO 06:00PM ET,14.350,NO
PF,Brandon Bass,3100,Por@LAL 09:30PM ET,13.477,LAL
PG,D.J. Augustin,3100,Dal@OKC 07:00PM ET,13.250,OKC
SG,Gerald Henderson,3100,Por@LAL 09:30PM ET,8.250,Por
SF,James Johnson,3100,Tor@LAC 03:30PM ET,10.250,Tor
SF,Lance Stephenson,3100,Tor@LAC 03:30PM ET,12.227,LAC
SG,Terrence Ross,3100,Tor@LAC 03:30PM ET,11.313,Tor
PG,Shane Larkin,3100,Bos@Bkn 06:00PM ET,16.519,Bkn
SG,Mike Miller,3000,GS@Den 08:00PM ET,3.250,Den
C,Nick Collison,3000,Dal@OKC 07:00PM ET,10.500,OKC
C,Chris Kaman,3000,Por@LAL 09:30PM ET,8.167,Por
PG,Ronnie Price,3000,Pho@NO 06:00PM ET,10.300,Pho
SF,Steve Novak,3000,Dal@OKC 07:00PM ET,4.750,OKC
PG,Randy Foye,3000,GS@Den 08:00PM ET,9.865,Den
C,Kendrick Perkins,3000,Pho@NO 06:00PM ET,9.667,NO
PG,Leandro Barbosa,3000,GS@Den 08:00PM ET,12.068,GS
PG,Shaun Livingston,3000,GS@Den 08:00PM ET,11.167,GS
SG,Anthony Morrow,3000,Dal@OKC 07:00PM ET,7.438,OKC
PF,Jason Thompson,3000,GS@Den 08:00PM ET,5.750,GS
SF,Luc Richard Mbah a Moute,3000,Tor@LAC 03:30PM ET,2.900,LAC
SF,Alonzo Gee,3000,Pho@NO 06:00PM ET,9.942,NO
SG,Brandon Rush,3000,GS@Den 08:00PM ET,7.250,GS
C,Andrea Bargnani,3000,Bos@Bkn 06:00PM ET,8.019,Bkn
SF,Wesley Johnson,3000,Tor@LAC 03:30PM ET,9.604,LAC
SG,Wayne Ellington,3000,Bos@Bkn 06:00PM ET,7.808,Bkn
SF,Quincy Pondexter,3000,Pho@NO 06:00PM ET,0,NO
PF,Darrell Arthur,3000,GS@Den 08:00PM ET,12.208,Den
PG,Donald Sloan,3000,Bos@Bkn 06:00PM ET,4.000,Bkn
C,Marreese Speights,3000,GS@Den 08:00PM ET,11.341,GS
SG,Sonny Weems,3000,Pho@NO 06:00PM ET,4.688,Pho
C,JaVale McGee,3000,Dal@OKC 07:00PM ET,0,Dal
SF,Jeremy Evans,3000,Dal@OKC 07:00PM ET,5.136,Dal
SF,Kyle Singler,3000,Dal@OKC 07:00PM ET,6.771,OKC
C,Cole Aldrich,3000,Tor@LAC 03:30PM ET,2.833,LAC
C,Robert Sacre,3000,Por@LAL 09:30PM ET,4.000,LAL
PG,Norris Cole,3000,Pho@NO 06:00PM ET,0,NO
C,Tyler Zeller,3000,Bos@Bkn 06:00PM ET,9.000,Bos
SF,Willie Reed,3000,Bos@Bkn 06:00PM ET,0,Bkn
PF,Jonas Jerebko,3000,Bos@Bkn 06:00PM ET,8.167,Bos
SG,Ian Clark,3000,GS@Den 08:00PM ET,5.900,GS
SG,C.J. Wilcox,3000,Tor@LAC 03:30PM ET,0,LAC
SG,John Jenkins,3000,Dal@OKC 07:00PM ET,10.375,Dal
SF,Ryan Kelly,3000,Por@LAL 09:30PM ET,12.450,LAL
PF,Cory Jefferson,3000,Pho@NO 06:00PM ET,4.500,Pho
PF,Thomas Robinson,3000,Bos@Bkn 06:00PM ET,10.654,Bkn
PG,Tim Frazier,3000,Por@LAL 09:30PM ET,2.036,Por
SG,Andre Roberson,3000,Dal@OKC 07:00PM ET,12.646,OKC
C,Tarik Black,3000,Por@LAL 09:30PM ET,9.321,LAL
SF,Anthony Brown,3000,Por@LAL 09:30PM ET,2.500,LAL
SF,Josh Huestis,3000,Dal@OKC 07:00PM ET,0,OKC
PG,Pablo Prigioni,3000,Tor@LAC 03:30PM ET,6.050,LAC
SG,Markel Brown,3000,Bos@Bkn 06:00PM ET,6.786,Bkn
PG,Marcelo Huertas,3000,Por@LAL 09:30PM ET,10.929,LAL
C,Salah Mejri,3000,Dal@OKC 07:00PM ET,2.350,Dal
SF,Pat Connaughton,3000,Por@LAL 09:30PM ET,1.563,Por
PF,Larry Nance Jr.,3000,Por@LAL 09:30PM ET,10.281,LAL
SF,Branden Dawson,3000,Tor@LAC 03:30PM ET,0,LAC
PF,James Michael McAdoo,3000,GS@Den 08:00PM ET,4.023,GS
SG,Norman Powell,3000,Tor@LAC 03:30PM ET,3.406,Tor
C,Alex Len,3000,Pho@NO 06:00PM ET,14.875,Pho
C,Lucas Nogueira,3000,Tor@LAC 03:30PM ET,3.500,Tor
SF,Mirza Teletovic,3000,Pho@NO 06:00PM ET,11.729,Pho
SF,Kostas Papanikolaou,3000,GS@Den 08:00PM ET,4.944,Den
SF,Sergey Karasev,3000,Bos@Bkn 06:00PM ET,3.313,Bkn
SG,R.J. Hunter,3000,Bos@Bkn 06:00PM ET,6.429,Bos
SF,Justin Anderson,3000,Dal@OKC 07:00PM ET,5.875,Dal
PF,Mitch McGary,3000,Dal@OKC 07:00PM ET,3.650,OKC
SG,Archie Goodwin,3000,Pho@NO 06:00PM ET,8.611,Pho
SF,Anthony Bennett,3000,Tor@LAC 03:30PM ET,4.000,Tor
PG,Delon Wright,3000,Tor@LAC 03:30PM ET,1.125,Tor
PF,Jordan Mickey,3000,Bos@Bkn 06:00PM ET,6.125,Bos
PG,Terry Rozier,3000,Bos@Bkn 06:00PM ET,4.583,Bos
PF,Noah Vonleh,3000,Por@LAL 09:30PM ET,7.357,Por
SG,James Young,3000,Bos@Bkn 06:00PM ET,0.000,Bos
PG,Cameron Payne,3000,Dal@OKC 07:00PM ET,2.542,OKC
SF,Bruno Caboclo,3000,Tor@LAC 03:30PM ET,0.000,Tor
PF,Cliff Alexander,3000,Por@LAL 09:30PM ET,4.875,Por
SG,Devin Booker,3000,Pho@NO 06:00PM ET,6.472,Pho
PF,Kevon Looney,3000,GS@Den 08:00PM ET,0,GS
PF,Chris McCullough,3000,Bos@Bkn 06:00PM ET,0,Bkn
SF,Luis Montero,3000,Por@LAL 09:30PM ET,2.125,Por
