"Position","Name","Salary","GameInfo","AvgPointsPerGame","teamAbbrev"
"PF","DeMarcus Cousins",10800,"Sac@Hou 08:00PM ET",49.208,"Sac"
"SG","James Harden",10500,"Sac@Hou 08:00PM ET",52.588,"Hou"
"SF","LeBron James",10000,"Cle@Mia 08:00PM ET",48.816,"Cle"
"SF","Paul George",9800,"Ind@Uta 09:00PM ET",46.958,"Ind"
"PF","Blake Griffin",9000,"Orl@LAC 10:30PM ET",44.513,"LAC"
"PG","Damian Lillard",8900,"Por@Min 08:00PM ET",43.500,"Por"
"PG","Rajon Rondo",8800,"Sac@Hou 08:00PM ET",40.313,"Sac"
"SF","Kawhi Leonard",8700,"Bos@SA 08:30PM ET",41.934,"SA"
"PF","Kevin Love",8600,"Cle@Mia 08:00PM ET",39.895,"Cle"
"PG","Chris Paul",8500,"Orl@LAC 10:30PM ET",36.950,"LAC"
"PF","Kristaps Porzingis",8100,"NY@Mil 08:30PM ET",32.988,"NY"
"SF","Carmelo Anthony",8000,"NY@Mil 08:30PM ET",36.763,"NY"
"PG","Isaiah Thomas",7700,"Bos@SA 08:30PM ET",36.303,"Bos"
"SG","Jimmy Butler",7700,"Cha@Chi 08:00PM ET",37.250,"Chi"
"C","Hassan Whiteside",7700,"Cle@Mia 08:00PM ET",37.574,"Mia"
"PF","Derrick Favors",7500,"Ind@Uta 09:00PM ET",35.859,"Uta"
"PF","Chris Bosh",7300,"Cle@Mia 08:00PM ET",36.456,"Mia"
"PG","Kemba Walker",7300,"Cha@Chi 08:00PM ET",34.083,"Cha"
"SG","Andrew Wiggins",7300,"Por@Min 08:00PM ET",31.632,"Min"
"C","Pau Gasol",7200,"Cha@Chi 08:00PM ET",36.953,"Chi"
"SF","Nicolas Batum",7200,"Cha@Chi 08:00PM ET",34.778,"Cha"
"SF","Rudy Gay",7100,"Sac@Hou 08:00PM ET",30.066,"Sac"
"C","DeAndre Jordan",7100,"Orl@LAC 10:30PM ET",34.868,"LAC"
"SG","Dwyane Wade",7000,"Cle@Mia 08:00PM ET",32.063,"Mia"
"C","Dwight Howard",7000,"Sac@Hou 08:00PM ET",35.429,"Hou"
"C","Greg Monroe",6900,"NY@Mil 08:30PM ET",35.675,"Mil"
"SF","Gordon Hayward",6900,"Ind@Uta 09:00PM ET",30.824,"Uta"
"C","Nikola Vucevic",6800,"Orl@LAC 10:30PM ET",33.531,"Orl"
"PF","LaMarcus Aldridge",6700,"Bos@SA 08:30PM ET",31.153,"SA"
"PG","Kyrie Irving",6700,"Cle@Mia 08:00PM ET",0,"Cle"
"SF","Giannis Antetokounmpo",6700,"NY@Mil 08:30PM ET",30.566,"Mil"
"C","Karl-Anthony Towns",6700,"Por@Min 08:00PM ET",32.208,"Min"
"PG","Ricky Rubio",6600,"Por@Min 08:00PM ET",31.146,"Min"
"SG","Avery Bradley",6600,"Bos@SA 08:30PM ET",27.132,"Bos"
"SG","C.J. McCollum",6600,"Por@Min 08:00PM ET",32.013,"Por"
"SG","Victor Oladipo",6500,"Orl@LAC 10:30PM ET",31.750,"Orl"
"C","Jared Sullinger",6400,"Bos@SA 08:30PM ET",29.500,"Bos"
"PG","Derrick Rose",6300,"Cha@Chi 08:00PM ET",27.464,"Chi"
"C","Al Jefferson",6200,"Cha@Chi 08:00PM ET",27.941,"Cha"
"SF","Tobias Harris",6200,"Orl@LAC 10:30PM ET",30.632,"Orl"
"C","Rudy Gobert",6200,"Ind@Uta 09:00PM ET",31.536,"Uta"
"C","Tim Duncan",6100,"Bos@SA 08:30PM ET",30.355,"SA"
"PG","Elfrid Payton",6100,"Orl@LAC 10:30PM ET",28.000,"Orl"
"SF","Evan Fournier",5900,"Orl@LAC 10:30PM ET",28.092,"Orl"
"SF","C.J. Miles",5800,"Ind@Uta 09:00PM ET",25.050,"Ind"
"SG","Monta Ellis",5800,"Ind@Uta 09:00PM ET",26.792,"Ind"
"PF","Tristan Thompson",5800,"Cle@Mia 08:00PM ET",23.868,"Cle"
"C","Clint Capela",5800,"Sac@Hou 08:00PM ET",21.813,"Hou"
"PG","George Hill",5700,"Ind@Uta 09:00PM ET",26.667,"Ind"
"SG","Khris Middleton",5700,"NY@Mil 08:30PM ET",26.288,"Mil"
"SF","Jae Crowder",5700,"Bos@SA 08:30PM ET",25.987,"Bos"
"PG","Mo Williams",5600,"Cle@Mia 08:00PM ET",25.781,"Cle"
"PF","Marvin Williams",5600,"Cha@Chi 08:00PM ET",25.458,"Cha"
"PF","Nikola Mirotic",5600,"Cha@Chi 08:00PM ET",24.125,"Chi"
"PG","Tony Parker",5500,"Bos@SA 08:30PM ET",24.775,"SA"
"C","Mason Plumlee",5500,"Por@Min 08:00PM ET",27.900,"Por"
"PG","Zach LaVine",5500,"Por@Min 08:00PM ET",25.861,"Min"
"SF","Al-Farouq Aminu",5400,"Por@Min 08:00PM ET",25.838,"Por"
"SF","Trevor Ariza",5300,"Sac@Hou 08:00PM ET",26.125,"Hou"
"SG","J.R. Smith",5300,"Cle@Mia 08:00PM ET",22.031,"Cle"
"SG","Alec Burks",5200,"Ind@Uta 09:00PM ET",25.338,"Uta"
"C","Ian Mahinmi",5100,"Ind@Uta 09:00PM ET",23.529,"Ind"
"PG","Michael Carter-Williams",5100,"NY@Mil 08:30PM ET",23.917,"Mil"
"PG","Jerryd Bayless",5000,"NY@Mil 08:30PM ET",24.158,"Mil"
"SG","Evan Turner",5000,"Bos@SA 08:30PM ET",21.921,"Bos"
"PG","Goran Dragic",5000,"Cle@Mia 08:00PM ET",23.426,"Mia"
"SG","Jeremy Lamb",5000,"Cha@Chi 08:00PM ET",23.426,"Cha"
"PF","Terrence Jones",5000,"Sac@Hou 08:00PM ET",22.100,"Hou"
"SG","Rodney Hood",5000,"Ind@Uta 09:00PM ET",22.609,"Uta"
"SG","Jamal Crawford",4900,"Orl@LAC 10:30PM ET",18.908,"LAC"
"PF","Ed Davis",4900,"Por@Min 08:00PM ET",21.438,"Por"
"PF","Jordan Hill",4800,"Ind@Uta 09:00PM ET",23.297,"Ind"
"PG","Marcus Smart",4800,"Bos@SA 08:30PM ET",23.278,"Bos"
"SG","Arron Afflalo",4700,"NY@Mil 08:30PM ET",21.917,"NY"
"SG","Gerald Green",4700,"Cle@Mia 08:00PM ET",15.091,"Mia"
"C","Kosta Koufos",4700,"Sac@Hou 08:00PM ET",21.300,"Sac"
"SF","Omri Casspi",4700,"Sac@Hou 08:00PM ET",22.789,"Sac"
"C","Meyers Leonard",4700,"Por@Min 08:00PM ET",19.212,"Por"
"PG","Darren Collison",4600,"Sac@Hou 08:00PM ET",22.583,"Sac"
"PF","Donatas Motiejunas",4600,"Sac@Hou 08:00PM ET",0,"Hou"
"PF","Amir Johnson",4500,"Bos@SA 08:30PM ET",20.605,"Bos"
"PG","Matthew Dellavedova",4500,"Cle@Mia 08:00PM ET",20.736,"Cle"
"C","Gorgui Dieng",4500,"Por@Min 08:00PM ET",20.083,"Min"
"PF","Jabari Parker",4500,"NY@Mil 08:30PM ET",17.054,"Mil"
"SG","Rodney Stuckey",4400,"Ind@Uta 09:00PM ET",20.654,"Ind"
"PF","Trevor Booker",4400,"Ind@Uta 09:00PM ET",15.172,"Uta"
"PG","Patrick Beverley",4400,"Sac@Hou 08:00PM ET",16.077,"Hou"
"SG","O.J. Mayo",4400,"NY@Mil 08:30PM ET",18.222,"Mil"
"C","Joakim Noah",4300,"Cha@Chi 08:00PM ET",20.717,"Chi"
"SG","J.J. Redick",4200,"Orl@LAC 10:30PM ET",18.672,"LAC"
"SF","Luol Deng",4200,"Cle@Mia 08:00PM ET",20.192,"Mia"
"SG","Marco Belinelli",4200,"Sac@Hou 08:00PM ET",18.525,"Sac"
"PF","Nemanja Bjelica",4200,"Por@Min 08:00PM ET",19.821,"Min"
"SG","Manu Ginobili",4100,"Bos@SA 08:30PM ET",21.656,"SA"
"SG","Danny Green",4100,"Bos@SA 08:30PM ET",18.375,"SA"
"PG","Jose Calderon",4100,"NY@Mil 08:30PM ET",18.575,"NY"
"PG","Jeremy Lin",4100,"Cha@Chi 08:00PM ET",20.264,"Cha"
"SF","Marcus Thornton",4100,"Sac@Hou 08:00PM ET",18.736,"Hou"
"SF","Justise Winslow",4100,"Cle@Mia 08:00PM ET",16.882,"Mia"
"C","Robin Lopez",4000,"NY@Mil 08:30PM ET",19.975,"NY"
"PF","Taj Gibson",4000,"Cha@Chi 08:00PM ET",17.500,"Chi"
"C","Kelly Olynyk",4000,"Bos@SA 08:30PM ET",17.986,"Bos"
"PF","Cody Zeller",4000,"Cha@Chi 08:00PM ET",15.844,"Cha"
"SG","Kevin Martin",3900,"Por@Min 08:00PM ET",17.559,"Min"
"PG","Ty Lawson",3900,"Sac@Hou 08:00PM ET",18.671,"Hou"
"C","Lavoy Allen",3900,"Ind@Uta 09:00PM ET",14.926,"Ind"
"PF","Andrew Nicholson",3900,"Orl@LAC 10:30PM ET",15.925,"Orl"
"SG","Austin Rivers",3900,"Orl@LAC 10:30PM ET",14.171,"LAC"
"SF","Aaron Gordon",3900,"Orl@LAC 10:30PM ET",18.737,"Orl"
"PF","David West",3800,"Bos@SA 08:30PM ET",13.000,"SA"
"PF","Josh Smith",3800,"Orl@LAC 10:30PM ET",16.500,"LAC"
"SG","Langston Galloway",3700,"NY@Mil 08:30PM ET",19.025,"NY"
"C","Timofey Mozgov",3700,"Cle@Mia 08:00PM ET",14.953,"Cle"
"SG","Tyler Johnson",3700,"Cle@Mia 08:00PM ET",16.359,"Mia"
"PF","David Lee",3600,"Bos@SA 08:30PM ET",14.921,"Bos"
"PG","Aaron Brooks",3600,"Cha@Chi 08:00PM ET",15.636,"Chi"
"PG","Patty Mills",3600,"Bos@SA 08:30PM ET",16.575,"SA"
"SG","Iman Shumpert",3600,"Cle@Mia 08:00PM ET",0,"Cle"
"PF","John Henson",3600,"NY@Mil 08:30PM ET",15.406,"Mil"
"PG","Trey Burke",3600,"Ind@Uta 09:00PM ET",18.074,"Uta"
"PG","Greivis Vasquez",3500,"NY@Mil 08:30PM ET",17.047,"Mil"
"SG","Ben McLemore",3500,"Sac@Hou 08:00PM ET",13.650,"Sac"
"PF","Boris Diaw",3400,"Bos@SA 08:30PM ET",14.088,"SA"
"SF","Corey Brewer",3400,"Sac@Hou 08:00PM ET",13.913,"Hou"
"SF","Lance Stephenson",3400,"Orl@LAC 10:30PM ET",13.417,"LAC"
"SG","Allen Crabbe",3400,"Por@Min 08:00PM ET",14.600,"Por"
"SF","Doug McDermott",3400,"Cha@Chi 08:00PM ET",13.734,"Chi"
"C","Willie Cauley-Stein",3400,"Sac@Hou 08:00PM ET",14.813,"Sac"
"SF","Paul Pierce",3300,"Orl@LAC 10:30PM ET",11.375,"LAC"
"PG","Kirk Hinrich",3300,"Cha@Chi 08:00PM ET",14.607,"Chi"
"PF","Channing Frye",3300,"Orl@LAC 10:30PM ET",13.071,"Orl"
"PF","Josh McRoberts",3300,"Cle@Mia 08:00PM ET",10.676,"Mia"
"SF","Maurice Harkless",3300,"Por@Min 08:00PM ET",14.700,"Por"
"PG","Jason Terry",3200,"Sac@Hou 08:00PM ET",10.141,"Hou"
"PG","Brian Roberts",3200,"Cha@Chi 08:00PM ET",6.313,"Cha"
"SF","Chase Budinger",3200,"Ind@Uta 09:00PM ET",10.806,"Ind"
"SG","Gerald Henderson",3200,"Por@Min 08:00PM ET",10.521,"Por"
"C","Nikola Pekovic",3200,"Por@Min 08:00PM ET",0,"Min"
"PF","Kevin Seraphin",3200,"NY@Mil 08:30PM ET",10.875,"NY"
"SF","Tony Snell",3200,"Cha@Chi 08:00PM ET",13.313,"Chi"
"C","Dewayne Dedmon",3200,"Orl@LAC 10:30PM ET",13.679,"Orl"
"C","Frank Kaminsky",3200,"Cha@Chi 08:00PM ET",11.044,"Cha"
"SF","Shabazz Muhammad",3200,"Por@Min 08:00PM ET",11.389,"Min"
"C","Myles Turner",3200,"Ind@Uta 09:00PM ET",12.031,"Ind"
"PF","Kevin Garnett",3100,"Por@Min 08:00PM ET",14.094,"Min"
"PG","Andre Miller",3100,"Por@Min 08:00PM ET",13.861,"Min"
"SF","Richard Jefferson",3100,"Cle@Mia 08:00PM ET",12.013,"Cle"
"PF","Matt Bonner",3100,"Bos@SA 08:30PM ET",2.875,"SA"
"SG","James Jones",3100,"Cle@Mia 08:00PM ET",6.079,"Cle"
"PG","C.J. Watson",3100,"Orl@LAC 10:30PM ET",13.875,"Orl"
"PF","Jason Smith",3100,"Orl@LAC 10:30PM ET",10.732,"Orl"
"PF","Tyler Hansbrough",3100,"Cha@Chi 08:00PM ET",8.042,"Cha"
"SF","Wesley Johnson",3100,"Orl@LAC 10:30PM ET",8.553,"LAC"
"C","Spencer Hawes",3100,"Cha@Chi 08:00PM ET",13.426,"Cha"
"SF","Lance Thomas",3100,"NY@Mil 08:30PM ET",10.000,"NY"
"C","Jeff Withey",3100,"Ind@Uta 09:00PM ET",7.528,"Uta"
"C","Tyler Zeller",3100,"Bos@SA 08:30PM ET",7.615,"Bos"
"PG","Seth Curry",3100,"Sac@Hou 08:00PM ET",7.125,"Sac"
"C","Miles Plumlee",3100,"NY@Mil 08:30PM ET",4.467,"Mil"
"PF","Kyle O'Quinn",3100,"NY@Mil 08:30PM ET",13.074,"NY"
"PF","Jonas Jerebko",3100,"Bos@SA 08:30PM ET",9.211,"Bos"
"SF","Derrick Williams",3100,"NY@Mil 08:30PM ET",12.592,"NY"
"PG","Jerian Grant",3100,"NY@Mil 08:30PM ET",13.238,"NY"
"PG","Shabazz Napier",3100,"Orl@LAC 10:30PM ET",9.778,"Orl"
"SG","Joe Ingles",3100,"Ind@Uta 09:00PM ET",8.206,"Uta"
"PF","Johnny O'Bryant",3100,"NY@Mil 08:30PM ET",9.292,"Mil"
"SF","P.J. Hairston",3100,"Cha@Chi 08:00PM ET",9.183,"Cha"
"SF","Kyle Anderson",3100,"Bos@SA 08:30PM ET",8.600,"SA"
"PG","Raul Neto",3100,"Ind@Uta 09:00PM ET",11.544,"Uta"
"PG","Tyler Ennis",3100,"NY@Mil 08:30PM ET",7.972,"Mil"
"PF","Noah Vonleh",3100,"Por@Min 08:00PM ET",7.588,"Por"
"SG","Rashad Vaughn",3100,"NY@Mil 08:30PM ET",5.000,"Mil"
"C","Chris Kaman",3000,"Por@Min 08:00PM ET",8.167,"Por"
"PF","Louis Amundson",3000,"NY@Mil 08:30PM ET",6.150,"NY"
"C","Chris Andersen",3000,"Cle@Mia 08:00PM ET",4.417,"Mia"
"PF","Amar'e Stoudemire",3000,"Cle@Mia 08:00PM ET",9.000,"Mia"
"SF","Caron Butler",3000,"Sac@Hou 08:00PM ET",5.469,"Sac"
"SF","Tayshaun Prince",3000,"Por@Min 08:00PM ET",7.542,"Min"
"SG","Rasual Butler",3000,"Bos@SA 08:30PM ET",6.735,"SA"
"SF","Mike Dunleavy",3000,"Cha@Chi 08:00PM ET",0,"Chi"
"PF","Chris Copeland",3000,"NY@Mil 08:30PM ET",4.533,"Mil"
"PF","Udonis Haslem",3000,"Cle@Mia 08:00PM ET",5.750,"Mia"
"SG","Sasha Vujacic",3000,"NY@Mil 08:30PM ET",9.875,"NY"
"PG","Beno Udrih",3000,"Cle@Mia 08:00PM ET",10.021,"Mia"
"C","Anderson Varejao",3000,"Cle@Mia 08:00PM ET",6.344,"Cle"
"C","Sasha Kaun",3000,"Cle@Mia 08:00PM ET",1.875,"Cle"
"SF","Luc Richard Mbah a Moute",3000,"Orl@LAC 10:30PM ET",4.456,"LAC"
"SG","Elijah Millsap",3000,"Ind@Uta 09:00PM ET",4.094,"Uta"
"SG","E'Twaun Moore",3000,"Cha@Chi 08:00PM ET",10.188,"Chi"
"C","Cole Aldrich",3000,"Orl@LAC 10:30PM ET",2.050,"LAC"
"SG","James Anderson",3000,"Sac@Hou 08:00PM ET",5.167,"Sac"
"SF","Chris Johnson",3000,"Ind@Uta 09:00PM ET",3.192,"Uta"
"PF","Quincy Acy",3000,"Sac@Hou 08:00PM ET",6.475,"Sac"
"C","Shayne Whittington",3000,"Ind@Uta 09:00PM ET",-1.000,"Ind"
"SF","Solomon Hill",3000,"Ind@Uta 09:00PM ET",4.464,"Ind"
"SG","C.J. Wilcox",3000,"Orl@LAC 10:30PM ET",0.000,"LAC"
"SG","Jared Cunningham",3000,"Cle@Mia 08:00PM ET",6.516,"Cle"
"PG","Troy Daniels",3000,"Cha@Chi 08:00PM ET",3.583,"Cha"
"PG","Tim Frazier",3000,"Por@Min 08:00PM ET",2.475,"Por"
"SG","Joe Harris",3000,"Cle@Mia 08:00PM ET",1.950,"Cle"
"C","Tibor Pleiss",3000,"Ind@Uta 09:00PM ET",1.688,"Uta"
"PF","Cameron Bairstow",3000,"Cha@Chi 08:00PM ET",2.875,"Chi"
"SF","Duje Dukan",3000,"Sac@Hou 08:00PM ET",0,"Sac"
"PG","Pablo Prigioni",3000,"Orl@LAC 10:30PM ET",6.500,"LAC"
"C","Boban Marjanovic",3000,"Bos@SA 08:30PM ET",3.975,"SA"
"PF","Eric Moreland",3000,"Sac@Hou 08:00PM ET",3.900,"Sac"
"SF","Jonathon Simmons",3000,"Bos@SA 08:30PM ET",8.321,"SA"
"SF","Devyn Marble",3000,"Orl@LAC 10:30PM ET",0.950,"Orl"
"PF","Adreian Payne",3000,"Por@Min 08:00PM ET",9.208,"Min"
"SG","Joe Young",3000,"Ind@Uta 09:00PM ET",3.036,"Ind"
"PG","Ray McCallum",3000,"Bos@SA 08:30PM ET",2.425,"SA"
"SF","Pat Connaughton",3000,"Por@Min 08:00PM ET",1.042,"Por"
"SF","Michael Kidd-Gilchrist",3000,"Cha@Chi 08:00PM ET",0,"Cha"
"SG","Josh Richardson",3000,"Cle@Mia 08:00PM ET",4.107,"Mia"
"SF","K.J. McDaniels",3000,"Sac@Hou 08:00PM ET",3.643,"Hou"
"SF","Branden Dawson",3000,"Orl@LAC 10:30PM ET",0,"LAC"
"PF","Rakeem Christmas",3000,"Ind@Uta 09:00PM ET",0,"Ind"
"PF","Jarnell Stokes",3000,"Cle@Mia 08:00PM ET",1.250,"Mia"
"SF","Sam Dekker",3000,"Sac@Hou 08:00PM ET",1.083,"Hou"
"SG","R.J. Hunter",3000,"Bos@SA 08:30PM ET",6.231,"Bos"
"PF","Montrezl Harrell",3000,"Sac@Hou 08:00PM ET",7.383,"Hou"
"SF","Glenn Robinson III",3000,"Ind@Uta 09:00PM ET",8.917,"Ind"
"SF","Cleanthony Early",3000,"NY@Mil 08:30PM ET",2.214,"NY"
"PF","Jordan Mickey",3000,"Bos@SA 08:30PM ET",6.125,"Bos"
"PF","Bobby Portis",3000,"Cha@Chi 08:00PM ET",7.417,"Chi"
"PG","Terry Rozier",3000,"Bos@SA 08:30PM ET",3.769,"Bos"
"SG","James Young",3000,"Bos@SA 08:30PM ET",1.625,"Bos"
"PG","Aaron Harrison",3000,"Cha@Chi 08:00PM ET",2.250,"Cha"
"PG","Dante Exum",3000,"Ind@Uta 09:00PM ET",0,"Uta"
"SF","Damien Inglis",3000,"NY@Mil 08:30PM ET",4.800,"Mil"
"SF","Damjan Rudez",3000,"Por@Min 08:00PM ET",4.438,"Min"
"C","Cristiano Felicio",3000,"Cha@Chi 08:00PM ET",1.750,"Chi"
"SG","Mario Hezonja",3000,"Orl@LAC 10:30PM ET",6.514,"Orl"
"PG","Tyus Jones",3000,"Por@Min 08:00PM ET",2.875,"Min"
"PF","Cliff Alexander",3000,"Por@Min 08:00PM ET",3.833,"Por"
"PF","Trey Lyles",3000,"Ind@Uta 09:00PM ET",5.083,"Uta"
"SF","Luis Montero",3000,"Por@Min 08:00PM ET",2.125,"Por"
