Position,Name,Salary,GameInfo,AvgPointsPerGame,teamAbbrev
PG,Russell Westbrook,12300,OKC@Uta 09:00PM ET,59.286,OKC
PF,DeMarcus Cousins,10300,Sac@Cha 07:00PM ET,50.250,Sac
SF,LeBron James,10100,Orl@Cle 07:00PM ET,49.000,Cle
SF,Kevin Durant,9800,OKC@Uta 09:00PM ET,46.438,OKC
C,Andre Drummond,9700,Det@Mil 08:00PM ET,48.423,Det
PG,Rajon Rondo,9000,Sac@Cha 07:00PM ET,41.214,Sac
SF,Carmelo Anthony,8500,NY@Mia 07:30PM ET,39.375,NY
SG,Eric Bledsoe,8400,Pho@SA 08:30PM ET,41.442,Pho
C,Hassan Whiteside,8400,NY@Mia 07:30PM ET,39.979,Mia
PF,Kevin Love,8200,Orl@Cle 07:00PM ET,40.385,Cle
SF,Kawhi Leonard,8200,Pho@SA 08:30PM ET,39.729,SA
PG,Brandon Knight,8200,Pho@SA 08:30PM ET,39.308,Pho
PF,Chris Bosh,7700,NY@Mia 07:30PM ET,37.750,Mia
PG,Reggie Jackson,7600,Det@Mil 08:00PM ET,35.923,Det
PF,Derrick Favors,7600,OKC@Uta 09:00PM ET,36.104,Uta
SF,Nicolas Batum,7200,Sac@Cha 07:00PM ET,32.615,Cha
C,Greg Monroe,7200,Det@Mil 08:00PM ET,36.942,Mil
C,Karl-Anthony Towns,7200,Phi@Min 08:00PM ET,36.558,Min
PG,Ricky Rubio,7100,Phi@Min 08:00PM ET,33.750,Min
SF,Giannis Antetokounmpo,7100,Det@Mil 08:00PM ET,33.250,Mil
SF,Rudy Gay,7000,Sac@Cha 07:00PM ET,29.558,Sac
C,Nikola Vucevic,7000,Orl@Cle 07:00PM ET,33.475,Orl
SG,Victor Oladipo,7000,Orl@Cle 07:00PM ET,31.341,Orl
PG,Kemba Walker,6900,Sac@Cha 07:00PM ET,33.442,Cha
SG,Andrew Wiggins,6900,Phi@Min 08:00PM ET,30.271,Min
SG,Dwyane Wade,6800,NY@Mia 07:30PM ET,32.614,Mia
PF,LaMarcus Aldridge,6800,Pho@SA 08:30PM ET,32.521,SA
SF,Evan Fournier,6800,Orl@Cle 07:00PM ET,32.135,Orl
PF,Serge Ibaka,6700,OKC@Uta 09:00PM ET,29.750,OKC
PG,Kyrie Irving,6700,Orl@Cle 07:00PM ET,0,Cle
C,Jahlil Okafor,6700,Phi@Min 08:00PM ET,32.286,Phi
PF,Kristaps Porzingis,6700,NY@Mia 07:30PM ET,30.018,NY
C,Rudy Gobert,6500,OKC@Uta 09:00PM ET,32.025,Uta
C,Al Jefferson,6400,Sac@Cha 07:00PM ET,30.404,Cha
C,Tim Duncan,6300,Pho@SA 08:30PM ET,30.231,SA
SF,Tobias Harris,6300,Orl@Cle 07:00PM ET,31.000,Orl
SF,Marcus Morris,6200,Det@Mil 08:00PM ET,29.923,Det
SF,Gordon Hayward,6200,OKC@Uta 09:00PM ET,28.250,Uta
PG,Elfrid Payton,6200,Orl@Cle 07:00PM ET,27.923,Orl
PF,Nerlens Noel,6100,Phi@Min 08:00PM ET,28.021,Phi
PG,Mo Williams,5900,Orl@Cle 07:00PM ET,29.045,Cle
PF,Marvin Williams,5700,Sac@Cha 07:00PM ET,26.404,Cha
PG,Michael Carter-Williams,5600,Det@Mil 08:00PM ET,26.125,Mil
SG,Khris Middleton,5400,Det@Mil 08:00PM ET,24.058,Mil
PF,Markieff Morris,5300,Pho@SA 08:30PM ET,23.455,Pho
PF,Tristan Thompson,5300,Orl@Cle 07:00PM ET,23.596,Cle
C,Enes Kanter,5300,OKC@Uta 09:00PM ET,26.000,OKC
PG,Goran Dragic,5200,NY@Mia 07:30PM ET,22.479,Mia
SG,Alec Burks,5200,OKC@Uta 09:00PM ET,25.479,Uta
PG,T.J. McConnell,5200,Phi@Min 08:00PM ET,25.196,Phi
SG,Kentavious Caldwell-Pope,5100,Det@Mil 08:00PM ET,22.769,Det
SG,Rodney Hood,5000,OKC@Uta 09:00PM ET,23.659,Uta
C,Tyson Chandler,4900,Pho@SA 08:30PM ET,21.115,Pho
PG,Tony Parker,4900,Pho@SA 08:30PM ET,22.500,SA
PG,Tony Wroten,4900,Phi@Min 08:00PM ET,0,Phi
SG,J.R. Smith,4800,Orl@Cle 07:00PM ET,18.800,Cle
PG,Darren Collison,4800,Sac@Cha 07:00PM ET,22.972,Sac
SF,Omri Casspi,4700,Sac@Cha 07:00PM ET,22.179,Sac
PG,Zach LaVine,4700,Phi@Min 08:00PM ET,24.538,Min
PG,Jeremy Lin,4500,Sac@Cha 07:00PM ET,21.712,Cha
PG,Jerryd Bayless,4500,Det@Mil 08:00PM ET,22.654,Mil
PG,Matthew Dellavedova,4500,Orl@Cle 07:00PM ET,20.154,Cle
PF,Nemanja Bjelica,4500,Phi@Min 08:00PM ET,20.167,Min
SG,Jeremy Lamb,4500,Sac@Cha 07:00PM ET,22.625,Cha
SG,Arron Afflalo,4400,NY@Mia 07:30PM ET,20.792,NY
SF,Robert Covington,4400,Phi@Min 08:00PM ET,20.450,Phi
SG,Dion Waiters,4400,OKC@Uta 09:00PM ET,19.982,OKC
SF,Jerami Grant,4400,Phi@Min 08:00PM ET,22.018,Phi
SG,Manu Ginóbili,4300,Pho@SA 08:30PM ET,24.600,SA
PF,Ersan Ilyasova,4300,Det@Mil 08:00PM ET,18.481,Det
SG,Danny Green,4300,Pho@SA 08:30PM ET,18.577,SA
SG,Marco Belinelli,4300,Sac@Cha 07:00PM ET,19.411,Sac
SG,Langston Galloway,4300,NY@Mia 07:30PM ET,22.339,NY
SF,Luol Deng,4200,NY@Mia 07:30PM ET,20.542,Mia
C,Robin Lopez,4200,NY@Mia 07:30PM ET,20.589,NY
PG,Brandon Jennings,4200,Det@Mil 08:00PM ET,0,Det
PF,Jabari Parker,4200,Det@Mil 08:00PM ET,15.429,Mil
SG,Tyler Johnson,4100,NY@Mia 07:30PM ET,16.727,Mia
C,Kosta Koufos,4000,Sac@Cha 07:00PM ET,19.268,Sac
C,Timofey Mozgov,4000,Orl@Cle 07:00PM ET,16.521,Cle
PG,Trey Burke,4000,OKC@Uta 09:00PM ET,20.542,Uta
SF,Aaron Gordon,4000,Orl@Cle 07:00PM ET,19.712,Orl
SF,Justise Winslow,4000,NY@Mia 07:30PM ET,16.604,Mia
SG,Kevin Martín,3900,Phi@Min 08:00PM ET,19.875,Min
SF,P.J. Tucker,3900,Pho@SA 08:30PM ET,17.385,Pho
PG,José Calderón,3800,NY@Mia 07:30PM ET,17.643,NY
SF,T.J. Warren,3800,Pho@SA 08:30PM ET,16.521,Pho
SG,Nik Stauskas,3800,Phi@Min 08:00PM ET,18.654,Phi
SG,O.J. Mayo,3700,Det@Mil 08:00PM ET,12.125,Mil
PF,Cody Zeller,3700,Sac@Cha 07:00PM ET,16.727,Cha
C,Steven Adams,3700,OKC@Uta 09:00PM ET,17.768,OKC
PF,David West,3600,Pho@SA 08:30PM ET,13.442,SA
PG,Greivis Vasquez,3600,Det@Mil 08:00PM ET,17.615,Mil
SG,Iman Shumpert,3600,Orl@Cle 07:00PM ET,0,Cle
SG,Hollis Thompson,3600,Phi@Min 08:00PM ET,17.679,Phi
C,Gorgui Dieng,3600,Phi@Min 08:00PM ET,16.327,Min
SG,Ben McLemore,3600,Sac@Cha 07:00PM ET,12.393,Sac
SF,Stanley Johnson,3600,Det@Mil 08:00PM ET,14.731,Det
PG,Patty Mills,3500,Pho@SA 08:30PM ET,17.558,SA
PF,John Henson,3500,Det@Mil 08:00PM ET,14.389,Mil
C,Willie Cauley-Stein,3500,Sac@Cha 07:00PM ET,15.929,Sac
PF,Boris Diaw,3400,Pho@SA 08:30PM ET,15.500,SA
PG,Isaiah Canaan,3400,Phi@Min 08:00PM ET,17.821,Phi
C,Dewayne Dedmon,3400,Orl@Cle 07:00PM ET,15.479,Orl
PF,Channing Frye,3300,Orl@Cle 07:00PM ET,13.031,Orl
SG,Gerald Green,3300,NY@Mia 07:30PM ET,11.458,Mia
PF,Jon Leuer,3300,Pho@SA 08:30PM ET,14.712,Pho
C,Anderson Varejao,3200,Orl@Cle 07:00PM ET,6.932,Cle
PF,Trevor Booker,3200,OKC@Uta 09:00PM ET,13.955,Uta
C,Nikola Pekovic,3200,Phi@Min 08:00PM ET,0,Min
PF,Kyle O'Quinn,3200,NY@Mia 07:30PM ET,14.979,NY
PG,Jerian Grant,3200,NY@Mia 07:30PM ET,14.393,NY
C,Frank Kaminsky,3200,Sac@Cha 07:00PM ET,10.271,Cha
SF,Richard Jefferson,3100,Orl@Cle 07:00PM ET,12.500,Cle
PG,C.J. Watson,3100,Orl@Cle 07:00PM ET,13.875,Orl
SG,Sasha Vujacic,3100,NY@Mia 07:30PM ET,11.705,NY
PG,D.J. Augustin,3100,OKC@Uta 09:00PM ET,13.000,OKC
SF,Derrick Williams,3100,NY@Mia 07:30PM ET,13.286,NY
PF,Kevin Garnett,3000,Phi@Min 08:00PM ET,12.545,Min
PG,André Miller,3000,Phi@Min 08:00PM ET,13.000,Min
PF,Matt Bonner,3000,Pho@SA 08:30PM ET,0.750,SA
C,Nick Collison,3000,OKC@Uta 09:00PM ET,11.295,OKC
PG,Steve Blake,3000,Det@Mil 08:00PM ET,10.417,Det
SG,James Jones,3000,Orl@Cle 07:00PM ET,5.865,Cle
PF,Louis Amundson,3000,NY@Mia 07:30PM ET,7.125,NY
C,Chris Andersen,3000,NY@Mia 07:30PM ET,3.500,Mia
PG,Ronnie Price,3000,Pho@SA 08:30PM ET,9.364,Pho
PF,Amar'e Stoudemire,3000,NY@Mia 07:30PM ET,9.000,Mia
SF,Caron Butler,3000,Sac@Cha 07:00PM ET,5.964,Sac
SF,Tayshaun Prince,3000,Phi@Min 08:00PM ET,8.385,Min
SG,Rasual Butler,3000,Pho@SA 08:30PM ET,7.938,SA
SF,Steve Novak,3000,OKC@Uta 09:00PM ET,4.750,OKC
PF,Chris Copeland,3000,Det@Mil 08:00PM ET,5.800,Mil
PF,Udonis Haslem,3000,NY@Mia 07:30PM ET,5.500,Mia
PF,Anthony Tolliver,3000,Det@Mil 08:00PM ET,9.042,Det
PG,Beno Udrih,3000,NY@Mia 07:30PM ET,11.125,Mia
PF,Carl Landry,3000,Phi@Min 08:00PM ET,0,Phi
C,Sasha Kaun,3000,Orl@Cle 07:00PM ET,2.083,Cle
PG,Brian Roberts,3000,Sac@Cha 07:00PM ET,3.714,Cha
PF,Jason Smith,3000,Orl@Cle 07:00PM ET,11.281,Orl
SG,Anthony Morrow,3000,OKC@Uta 09:00PM ET,8.558,OKC
PF,Joel Anthony,3000,Det@Mil 08:00PM ET,0,Det
PF,Tyler Hansbrough,3000,Sac@Cha 07:00PM ET,4.875,Cha
PF,Josh McRoberts,3000,NY@Mia 07:30PM ET,9.188,Mia
C,Aron Baynes,3000,Det@Mil 08:00PM ET,9.731,Det
C,Spencer Hawes,3000,Sac@Cha 07:00PM ET,14.038,Cha
SG,Jodie Meeks,3000,Det@Mil 08:00PM ET,2.000,Det
SF,Lance Thomas,3000,NY@Mia 07:30PM ET,9.964,NY
SG,Sonny Weems,3000,Pho@SA 08:30PM ET,4.688,Pho
SG,Elijah Millsap,3000,OKC@Uta 09:00PM ET,4.000,Uta
SF,Kyle Singler,3000,OKC@Uta 09:00PM ET,6.250,OKC
SG,James Anderson,3000,Sac@Cha 07:00PM ET,5.917,Sac
C,Jeff Withey,3000,OKC@Uta 09:00PM ET,5.900,Uta
SF,Chris Johnson,3000,OKC@Uta 09:00PM ET,3.139,Uta
PF,Andrew Nicholson,3000,Orl@Cle 07:00PM ET,7.125,Orl
PG,Seth Curry,3000,Sac@Cha 07:00PM ET,5.375,Sac
C,Miles Plumlee,3000,Det@Mil 08:00PM ET,5.659,Mil
PF,Quincy Acy,3000,Sac@Cha 07:00PM ET,5.429,Sac
PF,Cory Jefferson,3000,Pho@SA 08:30PM ET,4.500,Pho
SG,Jared Cunningham,3000,Orl@Cle 07:00PM ET,6.659,Cle
PG,Troy Daniels,3000,Sac@Cha 07:00PM ET,2.550,Cha
SG,Andre Roberson,3000,OKC@Uta 09:00PM ET,13.365,OKC
SG,Joe Harris,3000,Orl@Cle 07:00PM ET,2.563,Cle
PF,Kevin Seraphin,3000,NY@Mia 07:30PM ET,8.400,NY
C,Tibor Pleiss,3000,OKC@Uta 09:00PM ET,1.688,Uta
SF,Duje Dukan,3000,Sac@Cha 07:00PM ET,0,Sac
PG,Phil Pressey,3000,Phi@Min 08:00PM ET,12.028,Phi
SF,Josh Huestis,3000,OKC@Uta 09:00PM ET,0,OKC
PG,Kendall Marshall,3000,Phi@Min 08:00PM ET,0,Phi
SF,Reggie Bullock,3000,Det@Mil 08:00PM ET,1.656,Det
PG,Shabazz Napier,3000,Orl@Cle 07:00PM ET,8.979,Orl
SG,Joe Ingles,3000,OKC@Uta 09:00PM ET,8.833,Uta
C,Boban Marjanovic,3000,Pho@SA 08:30PM ET,3.625,SA
PF,Eric Moreland,3000,Sac@Cha 07:00PM ET,2.583,Sac
SF,Jonathon Simmons,3000,Pho@SA 08:30PM ET,5.375,SA
SF,Devyn Marble,3000,Orl@Cle 07:00PM ET,1.625,Orl
PF,Adreian Payne,3000,Phi@Min 08:00PM ET,8.969,Min
PG,Ray McCallum,3000,Pho@SA 08:30PM ET,2.688,SA
SG,Darrun Hilliard,3000,Det@Mil 08:00PM ET,0,Det
PG,Spencer Dinwiddie,3000,Det@Mil 08:00PM ET,11.500,Det
SF,Michael Kidd-Gilchrist,3000,Sac@Cha 07:00PM ET,0,Cha
PF,Johnny O'Bryant,3000,Det@Mil 08:00PM ET,10.885,Mil
SG,Josh Richardson,3000,NY@Mia 07:30PM ET,4.438,Mia
SF,P.J. Hairston,3000,Sac@Cha 07:00PM ET,9.375,Cha
SF,Jakarr Sampson,3000,Phi@Min 08:00PM ET,10.446,Phi
C,Alex Len,3000,Pho@SA 08:30PM ET,13.731,Pho
PF,Jarnell Stokes,3000,NY@Mia 07:30PM ET,1.250,Mia
SF,Mirza Teletovic,3000,Pho@SA 08:30PM ET,12.212,Pho
PF,Richaun Holmes,3000,Phi@Min 08:00PM ET,10.714,Phi
SF,Kyle Anderson,3000,Pho@SA 08:30PM ET,8.404,SA
SF,Shabazz Muhammad,3000,Phi@Min 08:00PM ET,11.558,Min
PF,Mitch McGary,3000,OKC@Uta 09:00PM ET,3.650,OKC
SG,Archie Goodwin,3000,Pho@SA 08:30PM ET,8.611,Pho
SF,Cleanthony Early,3000,NY@Mia 07:30PM ET,2.700,NY
PG,Raul Neto,3000,OKC@Uta 09:00PM ET,10.688,Uta
PF,Christian Wood,3000,Phi@Min 08:00PM ET,9.182,Phi
PG,Tyler Ennis,3000,Det@Mil 08:00PM ET,9.208,Mil
PG,Aaron Harrison,3000,Sac@Cha 07:00PM ET,1.250,Cha
PG,Cameron Payne,3000,OKC@Uta 09:00PM ET,2.964,OKC
C,Joel Embiid,3000,Phi@Min 08:00PM ET,0,Phi
PG,Dante Exum,3000,OKC@Uta 09:00PM ET,0,Uta
SF,Damien Inglis,3000,Det@Mil 08:00PM ET,4.800,Mil
SF,Damjan Rudez,3000,Phi@Min 08:00PM ET,1.917,Min
SG,Mario Hezonja,3000,Orl@Cle 07:00PM ET,8.096,Orl
PG,Tyus Jones,3000,Phi@Min 08:00PM ET,2.875,Min
SG,Devin Booker,3000,Pho@SA 08:30PM ET,7.825,Pho
PF,Trey Lyles,3000,OKC@Uta 09:00PM ET,4.850,Uta
SG,Rashad Vaughn,3000,Det@Mil 08:00PM ET,4.656,Mil
