Position,Name,Salary,GameInfo,AvgPointsPerGame,teamAbbrev
PG,Russell Westbrook,12200,NO@OKC 08:00PM ET,57.659,OKC
PF,Anthony Davis,10800,NO@OKC 08:00PM ET,48.063,NO
PF,DeMarcus Cousins,10300,Sac@Atl 08:00PM ET,49.107,Sac
SG,James Harden,10100,Por@Hou 08:00PM ET,47.500,Hou
SF,Kevin Durant,9900,NO@OKC 08:00PM ET,46.438,OKC
SF,Paul George,9500,Ind@Phi 07:00PM ET,45.341,Ind
PG,Damian Lillard,8800,Por@Hou 08:00PM ET,43.917,Por
PG,Rajon Rondo,8700,Sac@Atl 08:00PM ET,39.500,Sac
SG,Eric Bledsoe,8600,Chi@Pho 10:30PM ET,41.475,Pho
PG,Kyle Lowry,8300,Tor@Uta 09:00PM ET,41.864,Tor
SF,Kawhi Leonard,8200,Den@SA 08:30PM ET,40.250,SA
PF,Paul Millsap,8000,Sac@Atl 08:00PM ET,40.521,Atl
SG,Jimmy Butler,7800,Chi@Pho 10:30PM ET,35.825,Chi
PF,Derrick Favors,7600,Tor@Uta 09:00PM ET,36.825,Uta
C,Pau Gasol,7500,Chi@Pho 10:30PM ET,34.700,Chi
C,Dwight Howard,7500,Por@Hou 08:00PM ET,37.429,Hou
PG,Brandon Knight,7500,Chi@Pho 10:30PM ET,37.325,Pho
C,Nikola Vucevic,7400,Min@Orl 07:00PM ET,35.469,Orl
PG,Ricky Rubio,7400,Min@Orl 07:00PM ET,36.000,Min
SG,Victor Oladipo,7400,Min@Orl 07:00PM ET,34.278,Orl
SG,DeMar DeRozan,7300,Tor@Uta 09:00PM ET,35.295,Tor
PG,Isaiah Thomas,7300,Dal@Bos 07:30PM ET,35.975,Bos
C,Karl-Anthony Towns,7300,Min@Orl 07:00PM ET,35.050,Min
C,Al Horford,7200,Sac@Atl 08:00PM ET,36.854,Atl
C,Brook Lopez,7200,Bkn@Cha 07:00PM ET,36.775,Bkn
C,Jahlil Okafor,7200,Ind@Phi 07:00PM ET,33.864,Phi
PF,LaMarcus Aldridge,7100,Den@SA 08:30PM ET,31.575,SA
PG,Jeff Teague,7000,Sac@Atl 08:00PM ET,33.409,Atl
SF,Nicolas Batum,7000,Bkn@Cha 07:00PM ET,34.675,Cha
SF,Rudy Gay,6900,Sac@Atl 08:00PM ET,29.205,Sac
PF,Serge Ibaka,6900,NO@OKC 08:00PM ET,32.477,OKC
PF,Nerlens Noel,6900,Ind@Phi 07:00PM ET,31.028,Phi
SG,Tyreke Evans,6800,NO@OKC 08:00PM ET,0,NO
C,Rudy Gobert,6700,Tor@Uta 09:00PM ET,34.125,Uta
SG,Andrew Wiggins,6600,Min@Orl 07:00PM ET,28.556,Min
PF,Dirk Nowitzki,6500,Dal@Bos 07:30PM ET,31.550,Dal
PG,Kemba Walker,6500,Bkn@Cha 07:00PM ET,31.000,Cha
SG,C.J. McCollum,6500,Por@Hou 08:00PM ET,31.146,Por
SF,Evan Fournier,6500,Min@Orl 07:00PM ET,31.159,Orl
SG,Eric Gordon,6400,NO@OKC 08:00PM ET,29.825,NO
SF,Gordon Hayward,6400,Tor@Uta 09:00PM ET,27.100,Uta
SF,Danilo Gallinari,6300,Den@SA 08:30PM ET,29.000,Den
C,Tim Duncan,6200,Den@SA 08:30PM ET,29.550,SA
PF,Terrence Jones,6200,Por@Hou 08:00PM ET,26.375,Hou
PF,Thaddeus Young,6100,Bkn@Cha 07:00PM ET,29.975,Bkn
PF,Kenneth Faried,6100,Den@SA 08:30PM ET,29.725,Den
SF,Tobias Harris,6100,Min@Orl 07:00PM ET,29.886,Orl
PG,Emmanuel Mudiay,6100,Den@SA 08:30PM ET,29.100,Den
C,Al Jefferson,6000,Bkn@Cha 07:00PM ET,27.900,Cha
PG,George Hill,6000,Ind@Phi 07:00PM ET,28.175,Ind
SG,Monta Ellis,6000,Ind@Phi 07:00PM ET,28.091,Ind
PG,Derrick Rose,6000,Chi@Pho 10:30PM ET,27.000,Chi
SF,Al-Farouq Aminu,6000,Por@Hou 08:00PM ET,27.271,Por
C,Jared Sullinger,6000,Dal@Bos 07:30PM ET,30.075,Bos
PG,Jarrett Jack,5900,Bkn@Cha 07:00PM ET,32.528,Bkn
PF,Ryan Anderson,5900,NO@OKC 08:00PM ET,28.625,NO
C,Jonas Valanciunas,5900,Tor@Uta 09:00PM ET,28.818,Tor
PF,Nikola Mirotic,5900,Chi@Pho 10:30PM ET,22.900,Chi
PF,Markieff Morris,5800,Chi@Pho 10:30PM ET,23.188,Pho
PG,Elfrid Payton,5700,Min@Orl 07:00PM ET,26.273,Orl
PG,Deron Williams,5600,Dal@Bos 07:30PM ET,25.675,Dal
C,Zaza Pachulia,5600,Dal@Bos 07:30PM ET,27.045,Dal
SF,Trevor Ariza,5600,Por@Hou 08:00PM ET,26.091,Hou
SF,DeMarre Carroll,5600,Tor@Uta 09:00PM ET,23.750,Tor
SF,Jae Crowder,5600,Dal@Bos 07:30PM ET,26.225,Bos
PF,Marvin Williams,5500,Bkn@Cha 07:00PM ET,27.300,Cha
SF,Wilson Chandler,5500,Den@SA 08:30PM ET,0,Den
PG,Ish Smith,5500,NO@OKC 08:00PM ET,27.625,NO
C,Mason Plumlee,5500,Por@Hou 08:00PM ET,26.208,Por
SF,Marcus Thornton,5400,Por@Hou 08:00PM ET,24.972,Hou
SF,Kent Bazemore,5400,Sac@Atl 08:00PM ET,25.396,Atl
SG,Alec Burks,5400,Tor@Uta 09:00PM ET,26.050,Uta
PG,T.J. McConnell,5400,Ind@Phi 07:00PM ET,25.477,Phi
PG,Zach LaVine,5400,Min@Orl 07:00PM ET,24.500,Min
C,Jusuf Nurkic,5400,Den@SA 08:30PM ET,0,Den
C,Tyson Chandler,5300,Chi@Pho 10:30PM ET,23.175,Pho
SF,Joe Johnson,5300,Bkn@Cha 07:00PM ET,24.825,Bkn
PG,Ty Lawson,5300,Por@Hou 08:00PM ET,23.864,Hou
C,Enes Kanter,5200,NO@OKC 08:00PM ET,24.591,OKC
SG,Will Barton,5100,Den@SA 08:30PM ET,26.825,Den
PG,Jrue Holiday,5000,NO@OKC 08:00PM ET,22.643,NO
PF,Dwight Powell,5000,Dal@Bos 07:30PM ET,24.932,Dal
PG,Tony Wroten,4900,Ind@Phi 07:00PM ET,0,Phi
PG,Dennis Schroder,4900,Sac@Atl 08:00PM ET,22.958,Atl
C,Joakim Noah,4800,Chi@Pho 10:30PM ET,21.278,Chi
PG,Darren Collison,4800,Sac@Atl 08:00PM ET,26.375,Sac
SG,Evan Turner,4800,Dal@Bos 07:30PM ET,20.925,Bos
SG,Rodney Hood,4800,Tor@Uta 09:00PM ET,23.222,Uta
PG,Marcus Smart,4800,Dal@Bos 07:30PM ET,26.071,Bos
SF,Robert Covington,4700,Ind@Phi 07:00PM ET,13.875,Phi
PF,Nemanja Bjelica,4700,Min@Orl 07:00PM ET,22.300,Min
C,Clint Capela,4700,Por@Hou 08:00PM ET,20.318,Hou
PF,Jordan Hill,4600,Ind@Phi 07:00PM ET,22.575,Ind
SG,Dion Waiters,4600,NO@OKC 08:00PM ET,19.841,OKC
PF,Donatas Motiejunas,4600,Por@Hou 08:00PM ET,0,Hou
SF,Jerami Grant,4600,Ind@Phi 07:00PM ET,21.909,Phi
SG,Kyle Korver,4500,Sac@Atl 08:00PM ET,20.325,Atl
SG,Wesley Matthews,4500,Dal@Bos 07:30PM ET,17.222,Dal
SG,Avery Bradley,4500,Dal@Bos 07:30PM ET,21.844,Bos
SG,Jeremy Lamb,4500,Bkn@Cha 07:00PM ET,23.556,Cha
PG,Trey Burke,4500,Tor@Uta 09:00PM ET,21.000,Uta
SG,Kevin Martín,4400,Min@Orl 07:00PM ET,20.472,Min
PF,Amir Johnson,4400,Dal@Bos 07:30PM ET,21.575,Bos
SF,Omri Casspi,4400,Sac@Atl 08:00PM ET,21.614,Sac
SG,Manu Ginóbili,4300,Den@SA 08:30PM ET,24.500,SA
PG,Tony Parker,4300,Den@SA 08:30PM ET,20.050,SA
SF,C.J. Miles,4300,Ind@Phi 07:00PM ET,20.938,Ind
SG,Marco Belinelli,4300,Sac@Atl 08:00PM ET,19.114,Sac
PF,J.J. Hickson,4300,Den@SA 08:30PM ET,16.972,Den
SG,Nik Stauskas,4300,Ind@Phi 07:00PM ET,18.850,Phi
PF,Luis Scola,4200,Tor@Uta 09:00PM ET,20.273,Tor
C,Ian Mahinmi,4200,Ind@Phi 07:00PM ET,21.150,Ind
SG,Danny Green,4200,Den@SA 08:30PM ET,18.250,SA
SF,Chandler Parsons,4200,Dal@Bos 07:30PM ET,13.786,Dal
C,Meyers Leonard,4200,Por@Hou 08:00PM ET,18.056,Por
C,Joffrey Lauvergne,4200,Den@SA 08:30PM ET,23.083,Den
SF,Aaron Gordon,4200,Min@Orl 07:00PM ET,20.227,Orl
PG,Jeremy Lin,4100,Bkn@Cha 07:00PM ET,21.100,Cha
PF,Ed Davis,4100,Por@Hou 08:00PM ET,18.646,Por
PG,Cory Joseph,4100,Tor@Uta 09:00PM ET,19.250,Tor
SF,Bojan Bogdanovic,4000,Bkn@Cha 07:00PM ET,18.550,Bkn
SF,T.J. Warren,4000,Chi@Pho 10:30PM ET,18.225,Pho
C,Kelly Olynyk,3900,Dal@Bos 07:30PM ET,19.306,Bos
C,Steven Adams,3900,NO@OKC 08:00PM ET,19.386,OKC
SG,Rodney Stuckey,3800,Ind@Phi 07:00PM ET,19.000,Ind
PF,Taj Gibson,3800,Chi@Pho 10:30PM ET,18.550,Chi
C,Kosta Koufos,3800,Sac@Atl 08:00PM ET,19.341,Sac
PG,Isaiah Canaan,3800,Ind@Phi 07:00PM ET,18.227,Phi
C,Dewayne Dedmon,3800,Min@Orl 07:00PM ET,18.075,Orl
PG,Jameer Nelson,3700,Den@SA 08:30PM ET,18.469,Den
PF,David Lee,3700,Dal@Bos 07:30PM ET,14.675,Bos
PG,J.J. Barea,3700,Dal@Bos 07:30PM ET,17.523,Dal
SF,Thabo Sefolosha,3700,Sac@Atl 08:00PM ET,18.667,Atl
PG,Devin Harris,3600,Dal@Bos 07:30PM ET,18.750,Dal
PG,Aaron Brooks,3600,Chi@Pho 10:30PM ET,15.750,Chi
PG,Toney Douglas,3600,NO@OKC 08:00PM ET,17.750,NO
C,Omer Asik,3600,NO@OKC 08:00PM ET,8.500,NO
SG,Hollis Thompson,3600,Ind@Phi 07:00PM ET,17.977,Phi
SF,Doug McDermott,3600,Chi@Pho 10:30PM ET,15.350,Chi
PF,Cody Zeller,3600,Bkn@Cha 07:00PM ET,17.889,Cha
PG,Raymond Felton,3500,Dal@Bos 07:30PM ET,15.909,Dal
SF,P.J. Tucker,3500,Chi@Pho 10:30PM ET,15.475,Pho
SF,Corey Brewer,3500,Por@Hou 08:00PM ET,14.295,Hou
SF,James Johnson,3500,Tor@Uta 09:00PM ET,10.893,Tor
PF,Jon Leuer,3500,Chi@Pho 10:30PM ET,16.150,Pho
SF,Maurice Harkless,3500,Por@Hou 08:00PM ET,14.458,Por
C,Willie Cauley-Stein,3500,Sac@Atl 08:00PM ET,16.795,Sac
PF,Channing Frye,3400,Min@Orl 07:00PM ET,15.417,Orl
C,Gorgui Dieng,3400,Min@Orl 07:00PM ET,14.800,Min
SG,Gary Harris,3400,Den@SA 08:30PM ET,16.425,Den
SG,Rondae Hollis-Jefferson,3400,Bkn@Cha 07:00PM ET,15.675,Bkn
PF,Boris Diaw,3300,Den@SA 08:30PM ET,17.150,SA
SG,Gerald Henderson,3300,Por@Hou 08:00PM ET,6.500,Por
PG,Patrick Beverley,3300,Por@Hou 08:00PM ET,11.857,Hou
PG,Patty Mills,3300,Den@SA 08:30PM ET,16.450,SA
C,Alexis Ajinca,3300,NO@OKC 08:00PM ET,10.500,NO
SF,Luke Babbitt,3300,NO@OKC 08:00PM ET,13.281,NO
SF,Tony Snell,3300,Chi@Pho 10:30PM ET,14.875,Chi
C,Bismack Biyombo,3300,Tor@Uta 09:00PM ET,15.977,Tor
PF,Charlie Villanueva,3200,Dal@Bos 07:30PM ET,15.150,Dal
PF,Trevor Booker,3200,Tor@Uta 09:00PM ET,14.556,Uta
PF,Patrick Patterson,3200,Tor@Uta 09:00PM ET,14.091,Tor
C,Nikola Pekovic,3200,Min@Orl 07:00PM ET,0,Min
SG,Allen Crabbe,3200,Por@Hou 08:00PM ET,14.000,Por
C,Myles Turner,3200,Ind@Phi 07:00PM ET,12.031,Ind
PF,Kevin Garnett,3100,Min@Orl 07:00PM ET,12.583,Min
PG,André Miller,3100,Min@Orl 07:00PM ET,13.000,Min
PF,David West,3100,Den@SA 08:30PM ET,13.425,SA
PG,C.J. Watson,3100,Min@Orl 07:00PM ET,13.875,Orl
SG,Anthony Morrow,3100,NO@OKC 08:00PM ET,6.700,OKC
PG,D.J. Augustin,3100,NO@OKC 08:00PM ET,14.182,OKC
SF,Chase Budinger,3100,Ind@Phi 07:00PM ET,10.114,Ind
C,Tiago Splitter,3100,Sac@Atl 08:00PM ET,13.318,Atl
SG,Terrence Ross,3100,Tor@Uta 09:00PM ET,11.464,Tor
SG,Ben McLemore,3100,Sac@Atl 08:00PM ET,11.159,Sac
PG,Shane Larkin,3100,Bkn@Cha 07:00PM ET,14.650,Bkn
SF,Kyle Anderson,3100,Den@SA 08:30PM ET,7.825,SA
SF,Shabazz Muhammad,3100,Min@Orl 07:00PM ET,12.050,Min
PG,Jason Terry,3000,Por@Hou 08:00PM ET,7.750,Hou
SG,Mike Miller,3000,Den@SA 08:30PM ET,3.656,Den
PF,Matt Bonner,3000,Den@SA 08:30PM ET,1.125,SA
C,Nick Collison,3000,NO@OKC 08:00PM ET,8.875,OKC
PG,Kirk Hinrich,3000,Chi@Pho 10:30PM ET,7.917,Chi
C,Chris Kaman,3000,Por@Hou 08:00PM ET,8.167,Por
PG,Ronnie Price,3000,Chi@Pho 10:30PM ET,9.250,Pho
SF,Caron Butler,3000,Sac@Atl 08:00PM ET,6.958,Sac
SF,Tayshaun Prince,3000,Min@Orl 07:00PM ET,8.675,Min
SG,Rasual Butler,3000,Den@SA 08:30PM ET,8.222,SA
SF,Mike Dunleavy,3000,Chi@Pho 10:30PM ET,0,Chi
SF,Steve Novak,3000,NO@OKC 08:00PM ET,4.750,OKC
PG,Randy Foye,3000,Den@SA 08:30PM ET,11.300,Den
C,Kendrick Perkins,3000,NO@OKC 08:00PM ET,9.667,NO
PF,Carl Landry,3000,Ind@Phi 07:00PM ET,0,Phi
PG,Brian Roberts,3000,Bkn@Cha 07:00PM ET,3.250,Cha
PF,Jason Smith,3000,Min@Orl 07:00PM ET,10.833,Orl
SF,Dante Cunningham,3000,NO@OKC 08:00PM ET,11.750,NO
PF,Tyler Hansbrough,3000,Bkn@Cha 07:00PM ET,3.083,Cha
SF,Alonzo Gee,3000,NO@OKC 08:00PM ET,9.900,NO
C,Andrea Bargnani,3000,Bkn@Cha 07:00PM ET,8.725,Bkn
SG,Wayne Ellington,3000,Bkn@Cha 07:00PM ET,8.125,Bkn
C,Spencer Hawes,3000,Bkn@Cha 07:00PM ET,12.500,Cha
SF,Quincy Pondexter,3000,NO@OKC 08:00PM ET,0,NO
PF,Darrell Arthur,3000,Den@SA 08:30PM ET,11.800,Den
PG,Donald Sloan,3000,Bkn@Cha 07:00PM ET,4.000,Bkn
SG,Sonny Weems,3000,Chi@Pho 10:30PM ET,4.688,Pho
C,JaVale McGee,3000,Dal@Bos 07:30PM ET,0,Dal
SG,Elijah Millsap,3000,Tor@Uta 09:00PM ET,4.000,Uta
SF,Jeremy Evans,3000,Dal@Bos 07:30PM ET,6.333,Dal
SG,Justin Holiday,3000,Sac@Atl 08:00PM ET,8.000,Atl
PF,Mike Scott,3000,Sac@Atl 08:00PM ET,7.705,Atl
SG,E'Twaun Moore,3000,Chi@Pho 10:30PM ET,10.825,Chi
SF,Kyle Singler,3000,NO@OKC 08:00PM ET,6.525,OKC
SG,James Anderson,3000,Sac@Atl 08:00PM ET,5.917,Sac
PG,Jimmer Fredette,3000,NO@OKC 08:00PM ET,2.750,NO
C,Lavoy Allen,3000,Ind@Phi 07:00PM ET,13.900,Ind
PG,Norris Cole,3000,NO@OKC 08:00PM ET,0,NO
C,Jeff Withey,3000,Tor@Uta 09:00PM ET,8.250,Uta
C,Tyler Zeller,3000,Dal@Bos 07:30PM ET,8.500,Bos
SF,Chris Johnson,3000,Tor@Uta 09:00PM ET,3.857,Uta
PF,Andrew Nicholson,3000,Min@Orl 07:00PM ET,1.375,Orl
PG,Seth Curry,3000,Sac@Atl 08:00PM ET,5.375,Sac
PF,Quincy Acy,3000,Sac@Atl 08:00PM ET,6.500,Sac
SF,Willie Reed,3000,Bkn@Cha 07:00PM ET,0,Bkn
PG,Shelvin Mack,3000,Sac@Atl 08:00PM ET,3.625,Atl
PF,Jonas Jerebko,3000,Dal@Bos 07:30PM ET,8.900,Bos
SG,Lamar Patterson,3000,Sac@Atl 08:00PM ET,6.179,Atl
C,Shayne Whittington,3000,Ind@Phi 07:00PM ET,-1.000,Ind
SF,Solomon Hill,3000,Ind@Phi 07:00PM ET,2.375,Ind
SG,John Jenkins,3000,Dal@Bos 07:30PM ET,10.375,Dal
PF,Cory Jefferson,3000,Chi@Pho 10:30PM ET,4.500,Pho
PF,Thomas Robinson,3000,Bkn@Cha 07:00PM ET,11.500,Bkn
PG,Troy Daniels,3000,Bkn@Cha 07:00PM ET,3.188,Cha
PG,Tim Frazier,3000,Por@Hou 08:00PM ET,1.400,Por
C,Mike Muscala,3000,Sac@Atl 08:00PM ET,5.708,Atl
SG,Andre Roberson,3000,NO@OKC 08:00PM ET,12.225,OKC
C,Tibor Pleiss,3000,Tor@Uta 09:00PM ET,1.688,Uta
PF,Cameron Bairstow,3000,Chi@Pho 10:30PM ET,2.875,Chi
SG,Tim Hardaway Jr.,3000,Sac@Atl 08:00PM ET,0,Atl
SF,Duje Dukan,3000,Sac@Atl 08:00PM ET,0,Sac
PG,Phil Pressey,3000,Ind@Phi 07:00PM ET,12.000,Phi
SF,Josh Huestis,3000,NO@OKC 08:00PM ET,0,OKC
PG,Kendall Marshall,3000,Ind@Phi 07:00PM ET,0,Phi
PG,Shabazz Napier,3000,Min@Orl 07:00PM ET,8.250,Orl
SG,Markel Brown,3000,Bkn@Cha 07:00PM ET,8.800,Bkn
SG,Joe Ingles,3000,Tor@Uta 09:00PM ET,10.000,Uta
C,Boban Marjanovic,3000,Den@SA 08:30PM ET,4.050,SA
PF,Eric Moreland,3000,Sac@Atl 08:00PM ET,2.583,Sac
SF,Jonathon Simmons,3000,Den@SA 08:30PM ET,9.500,SA
SF,Devyn Marble,3000,Min@Orl 07:00PM ET,1.625,Orl
PF,Adreian Payne,3000,Min@Orl 07:00PM ET,8.550,Min
SG,Joe Young,3000,Ind@Phi 07:00PM ET,1.917,Ind
C,Salah Mejri,3000,Dal@Bos 07:30PM ET,2.350,Dal
PG,Ray McCallum,3000,Den@SA 08:30PM ET,3.167,SA
SF,Pat Connaughton,3000,Por@Hou 08:00PM ET,1.563,Por
SF,Michael Kidd-Gilchrist,3000,Bkn@Cha 07:00PM ET,0,Cha
SF,K.J. McDaniels,3000,Por@Hou 08:00PM ET,3.000,Hou
C,Frank Kaminsky,3000,Bkn@Cha 07:00PM ET,7.611,Cha
SF,P.J. Hairston,3000,Bkn@Cha 07:00PM ET,9.375,Cha
PF,Rakeem Christmas,3000,Ind@Phi 07:00PM ET,0,Ind
SF,Jakarr Sampson,3000,Ind@Phi 07:00PM ET,10.932,Phi
SG,Norman Powell,3000,Tor@Uta 09:00PM ET,3.607,Tor
C,Alex Len,3000,Chi@Pho 10:30PM ET,14.275,Pho
C,Lucas Nogueira,3000,Tor@Uta 09:00PM ET,3.500,Tor
SF,Mirza Teletovic,3000,Chi@Pho 10:30PM ET,10.025,Pho
SF,Kostas Papanikolaou,3000,Den@SA 08:30PM ET,5.875,Den
SF,Sergey Karasev,3000,Bkn@Cha 07:00PM ET,1.583,Bkn
SF,Sam Dekker,3000,Por@Hou 08:00PM ET,1.083,Hou
SG,R.J. Hunter,3000,Dal@Bos 07:30PM ET,6.583,Bos
PF,Richaun Holmes,3000,Ind@Phi 07:00PM ET,10.714,Phi
SF,Justin Anderson,3000,Dal@Bos 07:30PM ET,6.000,Dal
PF,Montrezl Harrell,3000,Por@Hou 08:00PM ET,8.650,Hou
SF,Glenn Robinson III,3000,Ind@Phi 07:00PM ET,9.393,Ind
PF,Mitch McGary,3000,NO@OKC 08:00PM ET,3.650,OKC
SG,Archie Goodwin,3000,Chi@Pho 10:30PM ET,11.071,Pho
SF,Anthony Bennett,3000,Tor@Uta 09:00PM ET,4.000,Tor
PG,Raul Neto,3000,Tor@Uta 09:00PM ET,10.425,Uta
PG,Delon Wright,3000,Tor@Uta 09:00PM ET,1.125,Tor
PF,Jordan Mickey,3000,Dal@Bos 07:30PM ET,6.125,Bos
PF,Bobby Portis,3000,Chi@Pho 10:30PM ET,9.500,Chi
PF,Christian Wood,3000,Ind@Phi 07:00PM ET,9.583,Phi
PG,Terry Rozier,3000,Dal@Bos 07:30PM ET,4.583,Bos
PF,Noah Vonleh,3000,Por@Hou 08:00PM ET,6.938,Por
SG,James Young,3000,Dal@Bos 07:30PM ET,0.000,Bos
PG,Aaron Harrison,3000,Bkn@Cha 07:00PM ET,0,Cha
PG,Cameron Payne,3000,NO@OKC 08:00PM ET,2.542,OKC
C,Joel Embiid,3000,Ind@Phi 07:00PM ET,0,Phi
PG,Dante Exum,3000,Tor@Uta 09:00PM ET,0,Uta
SF,Bruno Caboclo,3000,Tor@Uta 09:00PM ET,0.000,Tor
C,Nikola Jokic,3000,Den@SA 08:30PM ET,14.111,Den
C,Walter Tavares,3000,Sac@Atl 08:00PM ET,1.125,Atl
SF,Damjan Rudez,3000,Min@Orl 07:00PM ET,2.050,Min
C,Cristiano Felício,3000,Chi@Pho 10:30PM ET,1.500,Chi
SG,Mario Hezonja,3000,Min@Orl 07:00PM ET,8.182,Orl
PG,Tyus Jones,3000,Min@Orl 07:00PM ET,2.875,Min
PF,Cliff Alexander,3000,Por@Hou 08:00PM ET,6.500,Por
SG,Devin Booker,3000,Chi@Pho 10:30PM ET,6.250,Pho
PF,Trey Lyles,3000,Tor@Uta 09:00PM ET,5.389,Uta
PF,Chris McCullough,3000,Bkn@Cha 07:00PM ET,0,Bkn
SF,Luis Montero,3000,Por@Hou 08:00PM ET,2.125,Por
