Id,Position,First Name,Last Name,FPPG,Played,Salary,Game,Team,Opponent,Injury Indicator,Injury Details,,
9642,PG,Russell,Westbrook,53.5,16,11600,DET@OKC,OKC,DET,,,,
15755,PF,Anthony,Davis,44.1,12,11100,NO@LAC,NO,LAC,,,,
9524,PG,Stephen,Curry,49.1,16,10900,GS@PHO,GS,PHO,,,,
12362,C,DeMarcus,Cousins,46.4,10,10600,MIN@SAC,SAC,MIN,GTD,Back,,
9644,SG,James,Harden,47,15,10400,PHI@HOU,HOU,PHI,,,,
9646,SF,Kevin,Durant,43.4,10,10200,DET@OKC,OKC,DET,,,,
9488,SF,LeBron,James,45.1,15,10100,CLE@CHA,CLE,CHA,,,,
12341,SF,Paul,George,43.2,14,9900,CHI@IND,IND,CHI,,,,
15557,C,Andre,Drummond,45,15,9600,DET@OKC,DET,OKC,,,,
9560,PF,Blake,Griffin,43.1,15,9200,NO@LAC,LAC,NO,,,,
9508,SF,Carmelo,Anthony,37.9,16,9100,MIA@NY,NY,MIA,,,,
9623,PG,Chris,Paul,35.3,12,8900,NO@LAC,LAC,NO,,,,
14513,SF,Kawhi,Leonard,39.3,14,8800,SA@DEN,SA,DEN,,,,
9729,PF,Paul,Millsap,38.9,17,8700,ATL@MEM,ATL,MEM,,,,
12355,SG,Eric,Bledsoe,37.7,14,8500,GS@PHO,PHO,GS,,,,
12363,C,Hassan,Whiteside,37.1,14,8500,MIA@NY,MIA,NY,,,,
12332,PG,John,Wall,34.7,12,8500,WAS@BOS,WAS,BOS,,,,
9455,PG,Rajon,Rondo,38.4,16,8400,MIN@SAC,SAC,MIN,,,,
14528,SG,Jimmy,Butler,36.4,13,8400,CHI@IND,CHI,IND,,,,
9874,PF,Kevin,Love,37.4,15,8300,CLE@CHA,CLE,CHA,,,,
14507,PG,Kemba,Walker,33.2,15,8200,CLE@CHA,CHA,CLE,,,,
9660,C,Dwight,Howard,33.8,10,8100,PHI@HOU,HOU,PHI,,,,
9718,PF,Chris,Bosh,33.8,14,8000,MIA@NY,MIA,NY,,,,
14506,PG,Brandon,Knight,36.4,15,7900,GS@PHO,PHO,GS,,,,
9561,C,DeAndre,Jordan,33.5,15,7800,NO@LAC,LAC,NO,,,,
12337,C,Greg,Monroe,34.9,15,7800,MIL@ORL,MIL,ORL,,,,
9581,C,Marc,Gasol,30.2,16,7800,ATL@MEM,MEM,ATL,,,,
9688,PF,LaMarcus,Aldridge,30.4,13,7800,SA@DEN,SA,DEN,,,,
15860,PF,Draymond,Green,34.4,16,7700,GS@PHO,GS,PHO,,,,
9570,PF,Pau,Gasol,32.9,13,7700,CHI@IND,CHI,IND,,,,
9577,SF,Rudy,Gay,32.1,14,7600,MIN@SAC,SAC,MIN,,,,
14523,PG,Reggie,Jackson,31.8,15,7500,DET@OKC,DET,OKC,,,,
49116,SF,Andrew,Wiggins,29.7,14,7500,MIN@SAC,MIN,SAC,,,,
9692,PG,Tyreke,Evans,0,0,7400,NO@LAC,NO,LAC,GTD,Knee,,
14559,PG,Isaiah,Thomas,33,15,7300,WAS@BOS,BOS,WAS,,,,
14514,C,Nikola,Vucevic,31.7,12,7300,MIL@ORL,ORL,MIL,,,,
9453,C,Al,Horford,32.4,17,7200,ATL@MEM,ATL,MEM,,,,
15684,SG,Victor,Oladipo,28.4,13,7200,MIL@ORL,ORL,MIL,,,,
9585,SG,Dwyane,Wade,29.2,13,7200,MIA@NY,MIA,NY,,,,
9637,SF,Danilo,Gallinari,30.5,15,7200,SA@DEN,DEN,SA,,,,
63122,PF,Kristaps,Porzingis,29,16,7100,MIA@NY,NY,MIA,,,,
9446,PG,Jeff,Teague,31,14,7100,ATL@MEM,ATL,MEM,,,,
14496,PG,Ricky,Rubio,30.5,11,7100,MIN@SAC,MIN,SAC,GTD,Ankle,,
9609,C,Al,Jefferson,28.8,15,7100,CLE@CHA,CHA,CLE,,,,
9809,SF,Nicolas,Batum,31.4,15,7000,CLE@CHA,CHA,CLE,,,,
9475,PG,Derrick,Rose,25.7,11,7000,CHI@IND,CHI,IND,,,,
9575,PG,Mike,Conley,29.5,16,7000,ATL@MEM,MEM,ATL,,,,
40199,SG,Giannis,Antetokounmpo,31.3,14,7000,MIL@ORL,MIL,ORL,,,,
15595,SG,Brad,Beal,28.6,9,6900,WAS@BOS,WAS,BOS,,,,
9579,PF,Zach,Randolph,27.1,12,6900,ATL@MEM,MEM,ATL,GTD,Knee,,
58462,C,Karl-Anthony,Towns,31.3,15,6900,MIN@SAC,MIN,SAC,,,,
9710,C,Tim,Duncan,27.4,15,6800,SA@DEN,SA,DEN,O,Rest,,
9772,PF,Ryan,Anderson,29.3,15,6700,NO@LAC,NO,LAC,,,,
58083,C,Jahlil,Okafor,31.1,16,6600,PHI@HOU,PHI,HOU,,,,
14518,SF,Tobias,Harris,28.5,15,6600,MIL@ORL,ORL,MIL,,,,
19138,PG,Elfrid,Payton,25.3,15,6500,MIL@ORL,ORL,MIL,,,,
9526,SG,Monta,Ellis,26.1,14,6500,CHI@IND,IND,CHI,,,,
14521,PF,Kenneth,Faried,26.5,13,6500,SA@DEN,DEN,SA,GTD,Ankle,,
9957,PF,Serge,Ibaka,27.7,16,6400,DET@OKC,OKC,DET,,,,
14519,PF,Donatas,Motiejunas,0,0,6400,PHI@HOU,HOU,PHI,O,Back,,
23825,PF,Nerlens,Noel,24.1,14,6300,PHI@HOU,PHI,HOU,,,,
14509,SG,Klay,Thompson,25.4,15,6300,GS@PHO,GS,PHO,,,,
12511,PG,Ishmael,Smith,29.6,15,6300,NO@LAC,NO,LAC,,,,
9703,PG,George,Hill,25.8,11,6300,CHI@IND,IND,CHI,,,,
16201,PG,Michael,Carter-Williams,22.9,10,6200,MIL@ORL,MIL,ORL,,,,
9484,PG,Mo,Williams,26.5,12,6200,CLE@CHA,CLE,CHA,,,,
12334,SG,Avery,Bradley,24.1,13,6200,WAS@BOS,BOS,WAS,,,,
9636,SF,Wilson,Chandler,0,0,6200,SA@DEN,DEN,SA,O,Hip,,
9556,SG,Eric,Gordon,27.7,15,6100,NO@LAC,NO,LAC,,,,
63124,PG,Emmanuel,Mudiay,26.1,15,6000,SA@DEN,DEN,SA,,,,
9538,SF,Trevor,Ariza,24.6,15,6000,PHI@HOU,HOU,PHI,,,,
23096,SG,Evan,Fournier,27.2,15,5900,MIL@ORL,ORL,MIL,,,,
14512,SF,Marcus,Morris,26.4,15,5900,DET@OKC,DET,OKC,,,,
14516,C,Enes,Kanter,23,16,5900,DET@OKC,OKC,DET,,,,
9661,C,Marcin,Gortat,25.2,12,5900,WAS@BOS,WAS,BOS,,,,
16008,PF,Jared,Sullinger,27.3,15,5800,WAS@BOS,BOS,WAS,,,,
14511,PF,Markieff,Morris,23.4,13,5800,GS@PHO,PHO,GS,,,,
15757,PF,Terrence,Jones,22.1,10,5700,PHI@HOU,HOU,PHI,,,,
15628,SF,Otto,Porter,24.2,12,5700,WAS@BOS,WAS,BOS,,,,
14522,SF,Nikola,Mirotic,22.1,13,5700,CHI@IND,CHI,IND,,,,
14501,PF,Tristan,Thompson,23.1,15,5700,CLE@CHA,CLE,CHA,,,,
20491,SF,Robert,Covington,23,7,5700,PHI@HOU,PHI,HOU,,,,
9673,PG,Goran,Dragic,21.7,14,5700,MIA@NY,MIA,NY,,,,
16261,SF,Khris,Middleton,23.4,15,5500,MIL@ORL,MIL,ORL,,,,
40783,SG,Zach,LaVine,22.6,15,5500,MIN@SAC,MIN,SAC,,,,
9702,PG,Tony,Parker,23.3,15,5500,SA@DEN,SA,DEN,,,,
12359,SF,Evan,Turner,21.1,15,5400,WAS@BOS,BOS,WAS,,,,
9663,PG,Jrue,Holiday,21,11,5400,NO@LAC,NO,LAC,,,,
23670,PG,Marcus,Smart,21.7,9,5300,WAS@BOS,BOS,WAS,O,Leg,,
42550,PF,Jabari,Parker,15.4,9,5300,MIL@ORL,MIL,ORL,,,,
9506,SG,J.R.,Smith,19.2,12,5300,CLE@CHA,CLE,CHA,,,,
15946,SF,Harrison,Barnes,23.8,16,5300,GS@PHO,GS,PHO,,,,
9725,SF,C.J.,Miles,22.5,11,5200,CHI@IND,IND,CHI,,,,
9752,C,Jordan,Hill,22.4,13,5100,CHI@IND,IND,CHI,,,,
9964,PG,Ty,Lawson,17.7,15,5100,PHI@HOU,HOU,PHI,,,,
19781,SG,Kent,Bazemore,23.5,12,5100,ATL@MEM,ATL,MEM,,,,
9624,PG,Darren,Collison,21.1,11,5100,MIN@SAC,SAC,MIN,,,,
17333,SG,Will,Barton,24.8,15,5000,SA@DEN,DEN,SA,,,,
9479,SF,Luol,Deng,19,13,5000,MIA@NY,MIA,NY,O,Hamstring,,
18393,PG,T.J.,McConnell,22.5,16,5000,PHI@HOU,PHI,HOU,,,,
9664,SF,Andre,Iguodala,23.1,16,5000,GS@PHO,GS,PHO,,,,
15800,SF,Jae,Crowder,23.3,15,4900,WAS@BOS,BOS,WAS,,,,
9451,PF,Marvin,Williams,23.9,15,4900,CLE@CHA,CHA,CLE,,,,
15636,SG,Kentavious,Caldwell-Pope,20.8,15,4800,DET@OKC,DET,OKC,,,,
9953,C,Ian,Mahinmi,20.6,13,4800,CHI@IND,IND,CHI,,,,
16220,SG,Dion,Waiters,19.6,16,4800,DET@OKC,OKC,DET,,,,
9601,C,Andrew,Bogut,22.3,10,4800,GS@PHO,GS,PHO,GTD,Back,,
9648,SF,Jeff,Green,18.7,16,4800,ATL@MEM,MEM,ATL,,,,
12459,C,Nikola,Pekovic,0,0,4800,MIN@SAC,MIN,SAC,O,Achilles,,
40201,PG,Dennis,Schroder,20.8,17,4800,ATL@MEM,ATL,MEM,,,,
9704,SG,Manu,Ginobili,21.8,12,4800,SA@DEN,SA,DEN,O,Rest,,
9870,SG,Kyle,Korver,19.5,15,4700,ATL@MEM,ATL,MEM,,,,
9448,SG,Jamal,Crawford,18.6,15,4700,NO@LAC,LAC,NO,,,,
9473,C,Tyson,Chandler,19,14,4700,GS@PHO,PHO,GS,,,,
12443,PG,Jeremy,Lin,19.6,15,4700,CLE@CHA,CHA,CLE,,,,
9862,C,Amir,Johnson,18.3,15,4600,WAS@BOS,BOS,WAS,,,,
15559,SG,Jeremy,Lamb,22.1,14,4600,CLE@CHA,CHA,CLE,,,,
9712,PG,Jose,Calderon,17.2,16,4600,MIA@NY,NY,MIA,,,,
23831,PF,Jerami,Grant,20.7,16,4500,PHI@HOU,PHI,HOU,,,,
9514,SG,Rodney,Stuckey,17.3,9,4500,CHI@IND,IND,CHI,,,,
9507,SG,Arron,Afflalo,18.2,8,4500,MIA@NY,NY,MIA,,,,
9583,PG,Mario,Chalmers,18.7,13,4500,ATL@MEM,MEM,ATL,,,,
9655,SG,J.J.,Redick,17.1,12,4500,NO@LAC,LAC,NO,,,,
55059,C,Clint,Capela,19.5,15,4500,PHI@HOU,HOU,PHI,,,,
9694,SG,Kevin,Martin,18.1,14,4500,MIN@SAC,MIN,SAC,,,,
17230,SG,Langston,Galloway,19,16,4500,MIA@NY,NY,MIA,,,,
20064,PG,Matthew,Dellavedova,19.7,14,4400,CLE@CHA,CLE,CHA,GTD,Calf,,
9810,PG,Jerryd,Bayless,22,15,4400,MIL@ORL,MIL,ORL,,,,
9873,C,Robin,Lopez,20,16,4400,MIA@NY,NY,MIA,,,,
9483,C,Joakim,Noah,18.5,12,4400,CHI@IND,CHI,IND,,,,
9512,PF,Nene,Hilario,18.2,11,4400,WAS@BOS,WAS,BOS,,,,
55062,C,Nikola,Jokic,17.2,14,4400,SA@DEN,DEN,SA,,,,
9758,SG,Danny,Green,17.9,15,4300,SA@DEN,SA,DEN,,,,
16331,C,Festus,Ezeli,19.9,16,4300,GS@PHO,GS,PHO,,,,
9481,PF,Taj,Gibson,16.9,13,4300,CHI@IND,CHI,IND,,,,
9598,PF,Ersan,Ilyasova,16.6,15,4300,DET@OKC,DET,OKC,,,,
9647,SF,Thabo,Sefolosha,19.2,14,4300,ATL@MEM,ATL,MEM,,,,
23407,SF,P.J.,Tucker,15.4,15,4200,GS@PHO,PHO,GS,,,,
9547,SF,Mike,Dunleavy,0,0,4200,CHI@IND,CHI,IND,O,Back,,
9605,PG,Ramon,Sessions,16.3,12,4200,WAS@BOS,WAS,BOS,,,,
15771,C,Gorgui,Dieng,17.2,15,4100,MIN@SAC,MIN,SAC,,,,
19456,PG,Isaiah,Canaan,17,16,4100,PHI@HOU,PHI,HOU,,,,
24544,SG,Gary,Harris,17.3,15,4100,SA@DEN,DEN,SA,,,,
9955,SG,Marcus,Thornton,18.8,13,4100,PHI@HOU,HOU,PHI,,,,
9960,SF,Omri,Casspi,20.9,16,4100,MIN@SAC,SAC,MIN,,,,
9458,SG,Tony,Allen,16.1,16,4100,ATL@MEM,MEM,ATL,,,,
41594,PF,Aaron,Gordon,18.9,15,4100,MIL@ORL,ORL,MIL,,,,
9652,PG,Jameer,Nelson,15.8,13,4100,SA@DEN,DEN,SA,,,,
9731,C,Kosta,Koufos,19.8,16,4000,MIN@SAC,SAC,MIN,,,,
9491,PF,J.J.,Hickson,16.5,13,4000,SA@DEN,DEN,SA,,,,
9534,PG,Aaron,Brooks,15,10,4000,CHI@IND,CHI,IND,GTD,Hamstring,,
12368,SF,Nemanja,Bjelica,18.6,12,4000,MIN@SAC,MIN,SAC,GTD,Knee,,
23169,C,Steven,Adams,16.9,16,4000,DET@OKC,OKC,DET,,,,
9657,SF,Matt,Barnes,16.6,16,4000,ATL@MEM,MEM,ATL,,,,
9638,PF,David,Lee,13.5,15,4000,WAS@BOS,BOS,WAS,,,,
55057,C,Jusuf,Nurkic,0,0,4000,SA@DEN,DEN,SA,O,Knee,,
12424,C,Timofey,Mozgov,15.7,12,4000,CLE@CHA,CLE,CHA,GTD,Shoulder,,
40209,PF,Joffrey,Lauvergne,21.9,3,4000,SA@DEN,DEN,SA,GTD,Back,,
18600,PG,Tyler,Johnson,15.7,13,3900,MIA@NY,MIA,NY,,,,
15691,PF,Cody,Zeller,16.6,13,3900,CLE@CHA,CHA,CLE,,,,
9449,PF,Josh,Smith,14.2,15,3900,NO@LAC,LAC,NO,,,,
12357,SF,Quincy,Pondexter,0,0,3900,NO@LAC,NO,LAC,O,Knee,,
15954,PG,Kendall,Marshall,0,0,3900,PHI@HOU,PHI,HOU,O,Knee,,
9715,SG,Marco,Belinelli,18.4,16,3900,MIN@SAC,SAC,MIN,,,,
15631,SF,Hollis,Thompson,16.4,16,3800,PHI@HOU,PHI,HOU,,,,
9461,PF,Kevin,Garnett,13.2,13,3800,MIN@SAC,MIN,SAC,,,,
9939,PG,Patrick,Mills,15.6,15,3800,SA@DEN,SA,DEN,,,,
14549,PF,Lavoy,Allen,14.1,13,3800,CHI@IND,IND,CHI,,,,
12344,PG,Greivis,Vasquez,16.4,15,3800,MIL@ORL,MIL,ORL,,,,
9580,PF,Darrell,Arthur,13.4,14,3800,SA@DEN,DEN,SA,,,,
15560,PG,Shabazz,Napier,9.4,14,3800,MIL@ORL,ORL,MIL,,,,
11104,SF,Alonzo,Gee,10.1,15,3800,NO@LAC,NO,LAC,,,,
9629,PF,David,West,12.5,15,3800,SA@DEN,SA,DEN,,,,
23178,PF,Mirza,Teletovic,11.7,15,3800,GS@PHO,PHO,GS,,,,
9680,PF,Amar'e,Stoudemire,8.7,2,3800,MIA@NY,MIA,NY,O,Illness,,
58350,SF,Stanley,Johnson,14.4,15,3700,DET@OKC,DET,OKC,,,,
15846,SG,Tim,Hardaway Jr.,5.5,2,3700,ATL@MEM,ATL,MEM,,,,
23823,C,Willie,Cauley-Stein,14.7,16,3700,MIN@SAC,SAC,MIN,,,,
23447,PF,Richaun,Holmes,10.3,7,3700,PHI@HOU,PHI,HOU,O,Hamstring,,
16448,PF,Frank,Kaminsky,9.6,14,3700,CLE@CHA,CHA,CLE,,,,
15727,SG,Ben,McLemore,11.6,16,3700,MIN@SAC,SAC,MIN,,,,
9935,C,Brandan,Wright,14.1,7,3700,ATL@MEM,MEM,ATL,O,Knee,,
58084,SF,Justise,Winslow,15.5,14,3700,MIA@NY,MIA,NY,,,,
9478,SG,Kirk,Hinrich,13.5,6,3700,CHI@IND,CHI,IND,,,,
9529,SG,Anthony,Morrow,8.7,15,3700,DET@OKC,OKC,DET,,,,
23120,SF,T.J.,Warren,16.4,14,3700,GS@PHO,PHO,GS,,,,
23801,SG,Nik,Stauskas,15.8,14,3700,PHI@HOU,PHI,HOU,O,Knee,,
15405,PF,JaMychal,Green,14.1,16,3700,ATL@MEM,MEM,ATL,,,,
9682,PG,Andre,Miller,11.2,7,3700,MIN@SAC,MIN,SAC,,,,
17218,PF,Andrew,Nicholson,11.2,6,3700,MIL@ORL,ORL,MIL,,,,
12445,SG,Gary,Neal,13.7,12,3700,WAS@BOS,WAS,BOS,,,,
37931,C,Aron,Baynes,10.2,15,3600,DET@OKC,DET,OKC,,,,
9804,C,Alexis,Ajinca,11.2,13,3600,NO@LAC,NO,LAC,,,,
9968,SG,Jodie,Meeks,1.7,2,3600,DET@OKC,DET,OKC,O,Foot,,
9920,PF,Anthony,Tolliver,10.2,14,3600,DET@OKC,DET,OKC,,,,
9942,SF,Chase,Budinger,11.4,14,3600,CHI@IND,IND,CHI,,,,
9525,PG,C.J.,Watson,13.1,8,3600,MIL@ORL,ORL,MIL,O,Calf,,
22541,C,Kelly,Olynyk,16,14,3600,WAS@BOS,BOS,WAS,,,,
16089,SG,Lamar,Patterson,9,11,3600,ATL@MEM,ATL,MEM,,,,
9574,SG,O.J.,Mayo,14.2,4,3600,MIL@ORL,MIL,ORL,,,,
9615,SG,Courtney,Lee,16.5,16,3600,ATL@MEM,MEM,ATL,,,,
23248,SG,RJ,Hunter,6.6,10,3600,WAS@BOS,BOS,WAS,,,,
9669,PF,Jason,Smith,11.3,10,3600,MIL@ORL,ORL,MIL,,,,
23234,PG,Pablo,Prigioni,5.4,5,3600,NO@LAC,LAC,NO,,,,
9674,SG,Leandro,Barbosa,12.2,13,3600,GS@PHO,GS,PHO,,,,
9698,PF,Jason,Thompson,6.3,7,3600,GS@PHO,GS,PHO,,,,
15782,PG,Russ,Smith,2.9,8,3500,ATL@MEM,MEM,ATL,,,,
15792,C,Johnny,O'Bryant,10.2,14,3500,MIL@ORL,MIL,ORL,,,,
9785,SF,James,Jones,5.5,15,3500,CLE@CHA,CLE,CHA,,,,
20907,C,Shayne,Whittington,-2,1,3500,CHI@IND,IND,CHI,,,,
63123,SF,Mario,Hezonja,6.6,15,3500,MIL@ORL,ORL,MIL,,,,
9783,C,Joel,Anthony,5.7,2,3500,DET@OKC,DET,OKC,,,,
9778,PF,Josh,McRoberts,8.8,14,3500,MIA@NY,MIA,NY,,,,
9736,SF,Caron,Butler,5.7,7,3500,MIN@SAC,SAC,MIN,GTD,Knee,,
9734,SF,Mike,Miller,3.9,10,3500,SA@DEN,DEN,SA,,,,
16301,C,Dewayne,Dedmon,13.9,13,3500,MIL@ORL,ORL,MIL,,,,
9733,SG,Randy,Foye,8.6,15,3500,SA@DEN,DEN,SA,,,,
9751,PG,Toney,Douglas,12.6,13,3500,NO@LAC,NO,LAC,,,,
9849,SG,Gerald,Green,12.5,8,3500,MIA@NY,MIA,NY,,,,
16604,SG,Justin,Holiday,7.5,13,3500,ATL@MEM,ATL,MEM,,,,
15858,PF,Branden,Dawson,0,0,3500,NO@LAC,LAC,NO,,,,
16348,SG,Darrun,Hilliard,4.9,2,3500,DET@OKC,DET,OKC,,,,
15864,PF,Adreian,Payne,9.1,10,3500,MIN@SAC,MIN,SAC,,,,
15814,C,Alex,Len,12.3,15,3500,GS@PHO,PHO,GS,,,,
55376,SF,Damjan,Rudez,3.5,7,3500,MIN@SAC,MIN,SAC,,,,
16363,SG,Joe,Harris,1.7,5,3500,CLE@CHA,CLE,CHA,,,,
9796,SF,Luc Richard,Mbah a Moute,2.8,13,3500,NO@LAC,LAC,NO,,,,
16368,SF,Mike,Scott,8.2,15,3500,ATL@MEM,ATL,MEM,,,,
16378,SG,Erick,Green,0.9,3,3500,SA@DEN,DEN,SA,,,,
58253,PF,Myles,Turner,11.5,8,3500,CHI@IND,IND,CHI,O,Finger,,
23824,PG,Archie,Goodwin,7.1,10,3500,GS@PHO,PHO,GS,,,,
9895,SF,Steve,Novak,4.2,1,3500,DET@OKC,OKC,DET,,,,
17491,SF,James,Ennis,0.9,5,3500,ATL@MEM,MEM,ATL,,,,
16411,SG,C.J.,Wilcox,0,0,3500,NO@LAC,LAC,NO,,,,
17517,SG,Tony,Snell,11.4,13,3500,CHI@IND,CHI,IND,,,,
16191,SF,Josh,Huestis,0,0,3500,DET@OKC,OKC,DET,,,,
58661,SG,Rashad,Vaughn,4.1,9,3500,MIL@ORL,MIL,ORL,,,,
16183,SF,Jakarr,Sampson,8.8,16,3500,PHI@HOU,PHI,HOU,,,,
17520,PF,Cameron,Bairstow,2.8,2,3500,CHI@IND,CHI,IND,,,,
16925,PF,Jarnell,Stokes,1.2,2,3500,MIA@NY,MIA,NY,,,,
16443,PF,Duje,Dukan,0,0,3500,MIN@SAC,SAC,MIN,,,,
9952,C,DeJuan,Blair,4.4,5,3500,WAS@BOS,WAS,BOS,,,,
16202,PF,Rakeem,Christmas,0,0,3500,CHI@IND,IND,CHI,,,,
9962,PF,Jonas,Jerebko,7.2,15,3500,WAS@BOS,BOS,WAS,,,,
58153,SF,Kelly,Oubre,5.7,7,3500,WAS@BOS,WAS,BOS,,,,
16233,SG,Josh,Richardson,3.7,5,3500,MIA@NY,MIA,NY,,,,
9928,SF,Sonny,Weems,3.9,9,3500,GS@PHO,PHO,GS,,,,
9463,C,Kendrick,Perkins,9.5,3,3500,NO@LAC,NO,LAC,O,Pectoral,,
20805,SG,Troy,Daniels,2.2,5,3500,CLE@CHA,CHA,CLE,,,,
9940,PF,Dante,Cunningham,12.4,15,3500,NO@LAC,NO,LAC,,,,
9459,SF,Paul,Pierce,11.2,14,3500,NO@LAC,LAC,NO,,,,
9471,PF,Boris,Diaw,13.1,15,3500,SA@DEN,SA,DEN,,,,
9466,PG,D.J.,Augustin,11.4,16,3500,DET@OKC,OKC,DET,,,,
15699,SG,Roy Devyn,Marble,1.1,3,3500,MIL@ORL,ORL,MIL,,,,
9496,PG,Jason,Terry,9.3,13,3500,PHI@HOU,HOU,PHI,,,,
58081,PG,Tyus,Jones,2.9,2,3500,MIN@SAC,MIN,SAC,,,,
9501,PF,Kris,Humphries,14.6,12,3500,WAS@BOS,WAS,BOS,,,,
9503,PF,Drew,Gooden,10.7,6,3500,WAS@BOS,WAS,BOS,,,,
15542,PG,Spencer,Dinwiddie,10.8,6,3500,DET@OKC,DET,OKC,GTD,Knee,,
9490,C,Anderson,Varejao,6.6,13,3500,CLE@CHA,CLE,CHA,,,,
15548,SG,Andre,Roberson,11.8,15,3500,DET@OKC,OKC,DET,,,,
48567,PG,Cameron,Payne,2.5,8,3500,DET@OKC,OKC,DET,,,,
15532,SF,K.J.,McDaniels,4.4,5,3500,PHI@HOU,HOU,PHI,,,,
14554,PG,E'Twaun,Moore,9.6,13,3500,CHI@IND,CHI,IND,,,,
12354,C,Cole,Aldrich,2,4,3500,NO@LAC,LAC,NO,,,,
23098,SF,Kostas,Papanikolaou,3.9,11,3500,SA@DEN,DEN,SA,,,,
16063,PF,Eric,Moreland,2.5,3,3500,MIN@SAC,SAC,MIN,,,,
41063,PF,Jordan,Mickey,6.1,2,3500,WAS@BOS,BOS,WAS,,,,
12364,SG,James,Anderson,5.1,9,3500,MIN@SAC,SAC,MIN,,,,
16059,SG,Jared,Cunningham,7.3,13,3500,CLE@CHA,CLE,CHA,,,,
9513,C,Chris,Andersen,3.8,3,3500,MIA@NY,MIA,NY,,,,
9518,SF,Tayshaun,Prince,7.7,15,3500,MIN@SAC,MIN,SAC,,,,
14539,PF,Jon,Leuer,15,15,3500,GS@PHO,PHO,GS,,,,
17894,PF,Mike,Muscala,7.5,11,3500,ATL@MEM,ATL,MEM,,,,
12369,SG,Lance,Stephenson,9.6,14,3500,NO@LAC,LAC,NO,,,,
63826,C,Boban,Marjanovic,3.4,7,3500,SA@DEN,SA,DEN,,,,
14532,SF,Kyle,Singler,5.2,14,3500,DET@OKC,OKC,DET,,,,
14533,PG,Shelvin,Mack,8.7,7,3500,ATL@MEM,ATL,MEM,,,,
18352,PG,Ray,McCallum,2.2,9,3500,SA@DEN,SA,DEN,,,,
16859,SF,Lance,Thomas,8.6,16,3500,MIA@NY,NY,MIA,,,,
9567,SG,Sasha,Vujacic,9.6,13,3500,MIA@NY,NY,MIA,,,,
14527,PG,Norris,Cole,0,0,3500,NO@LAC,NO,LAC,O,Ankle,,
21665,SG,Alan,Anderson,0,0,3500,WAS@BOS,WAS,BOS,O,Ankle,,
9559,SF,Rasual,Butler,6.6,14,3500,SA@DEN,SA,DEN,,,,
12335,PF,Kevin,Seraphin,6.9,12,3500,MIA@NY,NY,MIA,,,,
9549,SG,Brandon,Rush,6.3,8,3500,GS@PHO,GS,PHO,,,,
15591,C,Miles,Plumlee,4.8,12,3500,MIL@ORL,MIL,ORL,,,,
9551,PF,Tyler,Hansbrough,4.6,4,3500,CLE@CHA,CHA,CLE,,,,
14508,SG,Jimmer,Fredette,1.1,4,3500,NO@LAC,NO,LAC,,,,
17384,C,Kyle,O'Quinn,13.1,14,3500,MIA@NY,NY,MIA,,,,
9540,C,Chuck,Hayes,6.8,2,3500,PHI@HOU,HOU,PHI,,,,
15592,PG,Austin,Rivers,13.6,15,3500,NO@LAC,LAC,NO,,,,
12348,SF,Wesley,Johnson,9,15,3500,NO@LAC,LAC,NO,,,,
14500,PF,Derrick,Williams,11.8,15,3500,MIA@NY,NY,MIA,,,,
12349,SF,Luke,Babbitt,11.5,12,3500,NO@LAC,NO,LAC,,,,
15583,SG,Seth,Curry,5,6,3500,MIN@SAC,SAC,MIN,,,,
63478,C,Cristiano,Felicio,1.5,1,3500,CHI@IND,CHI,IND,,,,
9589,PF,Udonis,Haslem,6.9,4,3500,MIA@NY,MIA,NY,,,,
15417,SG,Solomon,Hill,3.7,5,3500,CHI@IND,IND,CHI,,,,
42671,SF,James,Young,2.5,2,3500,WAS@BOS,BOS,WAS,,,,
18828,SG,Joseph,Young,3.9,5,3500,CHI@IND,IND,CHI,,,,
23799,PF,Mitch,McGary,3.3,6,3500,DET@OKC,OKC,DET,,,,
42664,PG,Aaron,Harrison,1.2,1,3500,CLE@CHA,CHA,CLE,,,,
17747,SG,Ian,Clark,5.8,12,3500,GS@PHO,GS,PHO,,,,
18821,SG,Jonathon,Simmons,4.2,3,3500,SA@DEN,SA,DEN,,,,
23800,SF,Glenn,Robinson III,9.9,10,3500,CHI@IND,IND,CHI,,,,
23776,PF,Montrezl,Harrell,7.1,13,3500,PHI@HOU,HOU,PHI,,,,
9606,SF,Corey,Brewer,13.4,15,3500,PHI@HOU,HOU,PHI,,,,
42677,PG,Terry,Rozier,3.5,9,3500,WAS@BOS,BOS,WAS,,,,
11074,PG,Garrett,Temple,10,10,3500,WAS@BOS,WAS,BOS,,,,
9649,PF,Nick,Collison,9.9,13,3500,DET@OKC,OKC,DET,,,,
9654,SF,Vince,Carter,9.6,5,3500,ATL@MEM,MEM,ATL,,,,
42156,PF,Bobby,Portis,9,2,3500,CHI@IND,CHI,IND,,,,
15925,PG,Phil (Flip),Pressey,11.8,10,3500,PHI@HOU,PHI,HOU,,,,
23220,SF,Chris,Copeland,4.8,12,3500,MIL@ORL,MIL,ORL,,,,
18256,SF,Doug,McDermott,12.9,13,3500,CHI@IND,CHI,IND,,,,
40819,PF,Jarell,Martin,0,0,3500,ATL@MEM,MEM,ATL,O,Foot,,
9643,PG,Shaun,Livingston,10.9,14,3500,GS@PHO,GS,PHO,,,,
23757,PG,Brian,Roberts,3.6,7,3500,CLE@CHA,CHA,CLE,,,,
9685,SF,Martell,Webster,0,0,3500,WAS@BOS,WAS,BOS,O,Hip,,
15961,C,Tyler,Zeller,7.6,11,3500,WAS@BOS,BOS,WAS,,,,
55063,C,Walter,Tavares,1.3,3,3500,ATL@MEM,ATL,MEM,,,,
55061,SF,Damien,Inglis,4.3,5,3500,MIL@ORL,MIL,ORL,,,,
9683,PG,Steve,Blake,8.7,11,3500,DET@OKC,DET,OKC,,,,
15955,PF,James Michael,McAdoo,4.3,12,3500,GS@PHO,GS,PHO,,,,
9693,PG,Beno,Udrih,10,11,3500,MIA@NY,MIA,NY,,,,
15952,PF,John,Henson,14.1,11,3500,MIL@ORL,MIL,ORL,,,,
15475,PF,Cory,Jefferson,4.4,1,3500,GS@PHO,PHO,GS,,,,
15947,SF,Reggie,Bullock,1.4,10,3500,DET@OKC,DET,OKC,,,,
15469,PF,Quincy,Acy,5.1,7,3500,MIN@SAC,SAC,MIN,,,,
23716,SF,Kyle,Anderson,7.3,15,3500,SA@DEN,SA,DEN,,,,
9671,PF,Marreese,Speights,10,13,3500,GS@PHO,GS,PHO,,,,
23717,SF,Shabazz,Muhammad,10.5,15,3500,MIN@SAC,MIN,SAC,,,,
12474,PG,Patrick,Beverley,10.2,8,3500,PHI@HOU,HOU,PHI,,,,
42202,PF,Christian,Wood,8.8,11,3500,PHI@HOU,PHI,HOU,,,,
15951,SF,P.J.,Hairston,9.4,12,3500,CLE@CHA,CHA,CLE,,,,
23715,SG,Jordan,Adams,9,2,3500,ATL@MEM,MEM,ATL,O,Knee,,
9677,SF,Jared,Dudley,12.8,11,3500,WAS@BOS,WAS,BOS,,,,
9679,PF,Louis,Amundson,6.5,8,3500,MIA@NY,NY,MIA,,,,
9678,PF,Channing,Frye,11.1,10,3500,MIL@ORL,ORL,MIL,,,,
58460,SG,Devin,Booker,7.9,12,3500,GS@PHO,PHO,GS,,,,
15996,PG,Jerian,Grant,11.9,16,3500,MIA@NY,NY,MIA,,,,
24244,SF,Cleanthony,Early,2.6,5,3500,MIA@NY,NY,MIA,,,,
42689,PG,Tyler,Ennis,8.4,6,3500,MIL@ORL,MIL,ORL,,,,
23282,SF,Sam,Dekker,1.1,3,3500,PHI@HOU,HOU,PHI,O,Back,,
9723,PG,Ronnie,Price,8.4,13,3500,GS@PHO,PHO,GS,,,,
12423,C,Omer,Asik,7.2,8,3500,NO@LAC,NO,LAC,,,,
12421,C,Tiago,Splitter,11.7,14,3500,ATL@MEM,ATL,MEM,O,Hip,,
66520,C,Sasha,Kaun,1.7,4,3500,CLE@CHA,CLE,CHA,,,,
9700,C,Spencer,Hawes,12.5,14,3500,CLE@CHA,CHA,CLE,,,,
9709,C,Matt,Bonner,0.7,3,3500,SA@DEN,SA,DEN,,,,
9706,SF,Richard,Jefferson,10.9,15,3500,CLE@CHA,CLE,CHA,,,,
