Id,Position,First Name,Last Name,FPPG,Played,Salary,Game,Team,Opponent,Injury Indicator,Injury Details,,
9524,PG,Stephen,Curry,50.9,10,11000,BKN@GS,GS,BKN,,,,
9488,SF,LeBron,James,45.3,8,10200,CLE@MIL,CLE,MIL,,,,
9644,SG,James,Harden,44.9,8,10000,DAL@HOU,HOU,DAL,,,,
9560,PF,Blake,Griffin,42.9,9,9700,DET@LAC,LAC,DET,,,,
15557,C,Andre,Drummond,47.2,8,9700,DET@LAC,DET,LAC,,,,
12332,PG,John,Wall,38,7,9200,ORL@WAS,WAS,ORL,,,,
9623,PG,Chris,Paul,31.7,7,8900,DET@LAC,LAC,DET,GTD,Groin,,
12355,SG,Eric,Bledsoe,39.1,8,8500,DEN@PHO,PHO,DEN,,,,
14513,SF,Kawhi,Leonard,37.6,8,8400,PHI@SA,SA,PHI,GTD,Illness,,
9660,C,Dwight,Howard,38.6,5,8400,DAL@HOU,HOU,DAL,GTD,Rest,,
12337,C,Greg,Monroe,37,9,8200,CLE@MIL,MIL,CLE,,,,
15860,PF,Draymond,Green,33.5,10,8000,BKN@GS,GS,BKN,,,,
9874,PF,Kevin,Love,36.5,8,8000,CLE@MIL,CLE,MIL,,,,
14523,PG,Reggie,Jackson,33.7,8,8000,DET@LAC,DET,LAC,,,,
9621,C,Brook,Lopez,34,8,8000,BKN@GS,BKN,GS,,,,
9688,PF,LaMarcus,Aldridge,29.5,8,8000,PHI@SA,SA,PHI,,,,
15684,SG,Victor,Oladipo,31.8,9,7900,ORL@WAS,ORL,WAS,O,Concussion,,
14514,C,Nikola,Vucevic,32.3,6,7700,ORL@WAS,ORL,WAS,,,,
9561,C,DeAndre,Jordan,32,9,7600,DET@LAC,LAC,DET,,,,
23825,PF,Nerlens,Noel,30.1,6,7400,PHI@SA,PHI,SA,,,,
15595,SG,Brad,Beal,31.6,6,7300,ORL@WAS,WAS,ORL,GTD,Shoulder,,
16201,PG,Michael,Carter-Williams,30,4,7000,CLE@MIL,MIL,CLE,GTD,Ankle,,
14521,PF,Kenneth,Faried,29.8,8,7000,DEN@PHO,DEN,PHO,,,,
14506,PG,Brandon,Knight,32.2,8,7000,DEN@PHO,PHO,DEN,,,,
40199,SG,Giannis,Antetokounmpo,30.6,8,7000,CLE@MIL,MIL,CLE,,,,
9710,C,Tim,Duncan,27,8,6800,PHI@SA,SA,PHI,,,,
9500,PF,Dirk,Nowitzki,31,8,6700,DAL@HOU,DAL,HOU,,,,
58083,C,Jahlil,Okafor,31.6,8,6700,PHI@SA,PHI,SA,,,,
9964,PG,Ty,Lawson,24.3,8,6500,DAL@HOU,HOU,DAL,,,,
19138,PG,Elfrid,Payton,23.2,9,6500,ORL@WAS,ORL,WAS,,,,
14518,SF,Tobias,Harris,27.2,9,6500,ORL@WAS,ORL,WAS,,,,
14509,SG,Klay,Thompson,24.8,10,6500,BKN@GS,GS,BKN,,,,
9637,SF,Danilo,Gallinari,28,8,6500,DEN@PHO,DEN,PHO,,,,
9447,SG,Joe,Johnson,24.7,8,6400,BKN@GS,BKN,GS,,,,
14519,PF,Donatas,Motiejunas,22.7,71,6400,DAL@HOU,HOU,DAL,O,Back,,
9722,PG,Deron,Williams,24.2,7,6400,DAL@HOU,DAL,HOU,,,,
9636,SF,Wilson,Chandler,24.6,78,6200,DEN@PHO,DEN,PHO,O,Hip,,
9484,PG,Mo,Williams,28.7,8,6100,CLE@MIL,CLE,MIL,,,,
14512,SF,Marcus,Morris,30,8,6100,DET@LAC,DET,LAC,,,,
9713,PG,Jarrett,Jack,26.1,7,6100,BKN@GS,BKN,GS,,,,
63124,PG,Emmanuel,Mudiay,26.8,8,6000,DEN@PHO,DEN,PHO,,,,
9661,C,Marcin,Gortat,23,7,6000,ORL@WAS,WAS,ORL,,,,
20491,SF,Robert,Covington,10.4,1,5800,PHI@SA,PHI,SA,O,Knee,,
16261,SF,Khris,Middleton,23.6,9,5700,CLE@MIL,MIL,CLE,,,,
9538,SF,Trevor,Ariza,23.4,8,5700,DAL@HOU,HOU,DAL,,,,
9666,PF,Thaddeus,Young,25.6,8,5700,BKN@GS,BKN,GS,,,,
42550,PF,Jabari,Parker,12.1,4,5600,CLE@MIL,MIL,CLE,GTD,Rest,,
9473,C,Tyson,Chandler,22.3,8,5600,DEN@PHO,PHO,DEN,,,,
23096,SG,Evan,Fournier,28,9,5600,ORL@WAS,ORL,WAS,,,,
15628,SF,Otto,Porter,24,7,5500,ORL@WAS,WAS,ORL,,,,
9454,C,Zaza,Pachulia,25,8,5500,DAL@HOU,DAL,HOU,,,,
14511,PF,Markieff,Morris,21.6,8,5500,DEN@PHO,PHO,DEN,GTD,Knee,,
15757,PF,Terrence,Jones,14.8,3,5400,DAL@HOU,HOU,DAL,,,,
14537,SF,Chandler,Parsons,9.3,5,5400,DAL@HOU,DAL,HOU,GTD,Rest,,
14501,PF,Tristan,Thompson,22.7,8,5400,CLE@MIL,CLE,MIL,,,,
15946,SF,Harrison,Barnes,24.6,10,5300,BKN@GS,GS,BKN,,,,
9799,SG,Wesley,Matthews,16.3,7,5200,DAL@HOU,DAL,HOU,,,,
9506,SG,J.R.,Smith,12.5,5,5200,CLE@MIL,CLE,MIL,,,,
9601,C,Andrew,Bogut,20.4,4,5200,BKN@GS,GS,BKN,,,,
15636,SG,Kentavious,Caldwell-Pope,23,8,5100,DET@LAC,DET,LAC,,,,
18393,PG,T.J.,McConnell,24.4,8,5000,PHI@SA,PHI,SA,,,,
9955,SG,Marcus,Thornton,29.7,6,4800,DAL@HOU,HOU,DAL,,,,
9702,PG,Tony,Parker,17.7,8,4800,PHI@SA,SA,PHI,,,,
9704,SG,Manu,Ginobili,22.2,8,4800,PHI@SA,SA,PHI,GTD,Thigh,,
19456,PG,Isaiah,Canaan,18.5,8,4700,PHI@SA,PHI,SA,,,,
17333,SG,Will,Barton,21.7,8,4700,DEN@PHO,DEN,PHO,,,,
9664,SF,Andre,Iguodala,22.2,10,4700,BKN@GS,GS,BKN,,,,
9655,SG,J.J.,Redick,18.5,8,4600,DET@LAC,LAC,DET,O,Back,,
55059,C,Clint,Capela,20.2,8,4600,DAL@HOU,HOU,DAL,,,,
16196,PF,Dwight,Powell,23,8,4500,DAL@HOU,DAL,HOU,,,,
9652,PG,Jameer,Nelson,17.6,6,4500,DEN@PHO,DEN,PHO,GTD,Back,,
23831,PF,Jerami,Grant,21.7,8,4400,PHI@SA,PHI,SA,,,,
9448,SG,Jamal,Crawford,15.4,9,4400,DET@LAC,LAC,DET,,,,
9491,PF,J.J.,Hickson,20,6,4400,DEN@PHO,DEN,PHO,,,,
20064,PG,Matthew,Dellavedova,20.6,8,4300,CLE@MIL,CLE,MIL,,,,
9810,PG,Jerryd,Bayless,21.4,9,4300,CLE@MIL,MIL,CLE,,,,
9598,PF,Ersan,Ilyasova,14.3,8,4300,DET@LAC,DET,LAC,,,,
23801,SG,Nik,Stauskas,20.8,7,4300,PHI@SA,PHI,SA,,,,
9758,SG,Danny,Green,17.4,8,4200,PHI@SA,SA,PHI,,,,
14530,SF,Bojan,Bogdanovic,17.2,8,4200,BKN@GS,BKN,GS,,,,
12344,PG,Greivis,Vasquez,17.3,9,4200,CLE@MIL,MIL,CLE,,,,
12424,C,Timofey,Mozgov,15.6,8,4200,CLE@MIL,CLE,MIL,,,,
16301,C,Dewayne,Dedmon,18.6,8,4100,ORL@WAS,ORL,WAS,,,,
16331,C,Festus,Ezeli,20.7,10,4100,BKN@GS,GS,BKN,,,,
23407,SF,P.J.,Tucker,13.2,8,4100,DEN@PHO,PHO,DEN,,,,
15834,PG,Shane,Larkin,13.8,8,4100,BKN@GS,BKN,GS,,,,
9495,PG,Jose Juan,Barea,17.5,8,4100,DAL@HOU,DAL,HOU,,,,
9512,PF,Nene,Hilario,15.6,6,4100,ORL@WAS,WAS,ORL,GTD,Back,,
9629,PF,David,West,11,8,4100,PHI@SA,SA,PHI,,,,
9605,PG,Ramon,Sessions,16.7,7,4100,ORL@WAS,WAS,ORL,,,,
58350,SF,Stanley,Johnson,14.5,8,4000,DET@LAC,DET,LAC,,,,
15730,PF,Thomas,Robinson,12.4,8,4000,BKN@GS,BKN,GS,,,,
9501,PF,Kris,Humphries,14.9,7,4000,ORL@WAS,WAS,ORL,,,,
9613,SG,Devin,Harris,16.1,8,4000,DAL@HOU,DAL,HOU,,,,
55057,C,Jusuf,Nurkic,18,62,4000,DEN@PHO,DEN,PHO,O,Knee,,
15952,PF,John,Henson,14,5,4000,CLE@MIL,MIL,CLE,,,,
40209,PF,Joffrey,Lauvergne,21.9,3,4000,DEN@PHO,DEN,PHO,O,Back,,
9698,PF,Jason,Thompson,6.2,5,4000,BKN@GS,GS,BKN,,,,
15814,C,Alex,Len,12.7,8,3900,DEN@PHO,PHO,DEN,,,,
9449,PF,Josh,Smith,13.2,9,3900,DET@LAC,LAC,DET,,,,
9471,PF,Boris,Diaw,15.2,8,3900,PHI@SA,SA,PHI,,,,
15954,PG,Kendall,Marshall,10.3,28,3900,PHI@SA,PHI,SA,O,Knee,,
24544,SG,Gary,Harris,16.4,8,3800,DEN@PHO,DEN,PHO,,,,
15631,SF,Hollis,Thompson,16.7,8,3800,PHI@SA,PHI,SA,,,,
41594,PF,Aaron,Gordon,16.9,9,3800,ORL@WAS,ORL,WAS,,,,
23120,SF,T.J.,Warren,16,8,3800,DEN@PHO,PHO,DEN,,,,
15592,PG,Austin,Rivers,13.7,9,3800,DET@LAC,LAC,DET,,,,
9574,SG,O.J.,Mayo,19,71,3800,CLE@MIL,MIL,CLE,O,Hamstring,,
9678,PF,Channing,Frye,14.5,4,3800,ORL@WAS,ORL,WAS,,,,
15792,C,Johnny,O'Bryant,13.5,9,3700,CLE@MIL,MIL,CLE,,,,
9739,C,JaVale,McGee,9.1,23,3700,DAL@HOU,DAL,HOU,O,Leg,,
23447,PF,Richaun,Holmes,10.3,7,3700,PHI@SA,PHI,SA,O,Hamstring,,
9939,PG,Patrick,Mills,15.7,8,3700,PHI@SA,SA,PHI,,,,
9459,SF,Paul,Pierce,14.1,9,3700,DET@LAC,LAC,DET,,,,
9520,PF,Charlie,Villanueva,13.4,7,3700,DAL@HOU,DAL,HOU,,,,
14539,PF,Jon,Leuer,15.7,8,3700,DEN@PHO,PHO,DEN,,,,
15560,PG,Shabazz,Napier,7.9,8,3700,ORL@WAS,ORL,WAS,,,,
9606,SF,Corey,Brewer,14.3,8,3700,DAL@HOU,HOU,DAL,,,,
16335,SG,John,Jenkins,10.9,3,3600,DAL@HOU,DAL,HOU,,,,
16183,SF,Jakarr,Sampson,9.2,8,3600,PHI@SA,PHI,SA,,,,
9968,SG,Jodie,Meeks,1.7,2,3600,DET@LAC,DET,LAC,O,Foot,,
9920,PF,Anthony,Tolliver,10.2,7,3600,DET@LAC,DET,LAC,,,,
9525,PG,C.J.,Watson,13.1,8,3600,ORL@WAS,ORL,WAS,O,Calf,,
12369,SG,Lance,Stephenson,13.1,9,3600,DET@LAC,LAC,DET,,,,
12348,SF,Wesley,Johnson,8.9,9,3600,DET@LAC,LAC,DET,,,,
15925,PG,Phil (Flip),Pressey,10.6,5,3600,PHI@SA,PHI,SA,,,,
55062,C,Nikola,Jokic,13.6,7,3600,DEN@PHO,DEN,PHO,,,,
23234,PG,Pablo,Prigioni,6.5,4,3600,DET@LAC,LAC,DET,,,,
9674,SG,Leandro,Barbosa,11.7,9,3600,BKN@GS,GS,BKN,O,Personal,,
9785,SF,James,Jones,4,8,3500,CLE@MIL,CLE,MIL,,,,
63123,SF,Mario,Hezonja,6.7,9,3500,ORL@WAS,ORL,WAS,,,,
9783,C,Joel,Anthony,6.5,49,3500,DET@LAC,DET,LAC,,,,
9734,SF,Mike,Miller,3.5,6,3500,DEN@PHO,DEN,PHO,,,,
9733,SG,Randy,Foye,8.8,8,3500,DEN@PHO,DEN,PHO,,,,
37931,C,Aron,Baynes,7.9,8,3500,DET@LAC,DET,LAC,,,,
64017,C,Salah,Mejri,2.2,5,3500,DAL@HOU,DAL,HOU,,,,
15858,PF,Branden,Dawson,0,0,3500,DET@LAC,LAC,DET,,,,
16348,SG,Darrun,Hilliard,0,0,3500,DET@LAC,DET,LAC,,,,
16363,SG,Joe,Harris,2.4,4,3500,CLE@MIL,CLE,MIL,,,,
9796,SF,Luc Richard,Mbah a Moute,2.6,7,3500,DET@LAC,LAC,DET,,,,
16378,SG,Erick,Green,0.9,3,3500,DEN@PHO,DEN,PHO,,,,
23824,PG,Archie,Goodwin,6.1,5,3500,DEN@PHO,PHO,DEN,,,,
16411,SG,C.J.,Wilcox,2.8,21,3500,DET@LAC,LAC,DET,,,,
58661,SG,Rashad,Vaughn,3.1,6,3500,CLE@MIL,MIL,CLE,,,,
9952,C,DeJuan,Blair,5.5,3,3500,ORL@WAS,WAS,ORL,,,,
9956,SG,Wayne,Ellington,7.2,8,3500,BKN@GS,BKN,GS,,,,
58153,SF,Kelly,Oubre,6.3,4,3500,ORL@WAS,WAS,ORL,,,,
9928,SF,Sonny,Weems,3.9,7,3500,DEN@PHO,PHO,DEN,,,,
9465,PG,Raymond,Felton,13.5,8,3500,DAL@HOU,DAL,HOU,,,,
15699,SG,Roy Devyn,Marble,3.2,1,3500,ORL@WAS,ORL,WAS,,,,
9496,PG,Jason,Terry,4.3,6,3500,DAL@HOU,HOU,DAL,,,,
12391,PF,Jeremy,Evans,5.9,7,3500,DAL@HOU,DAL,HOU,,,,
9503,PF,Drew,Gooden,13,5,3500,ORL@WAS,WAS,ORL,,,,
15542,PG,Spencer,Dinwiddie,1.2,1,3500,DET@LAC,DET,LAC,,,,
9490,C,Anderson,Varejao,5.7,7,3500,CLE@MIL,CLE,MIL,,,,
16026,SG,Markel,Brown,8.1,5,3500,BKN@GS,BKN,GS,,,,
15532,SF,K.J.,McDaniels,1.7,3,3500,DAL@HOU,HOU,DAL,,,,
12354,C,Cole,Aldrich,2.6,3,3500,DET@LAC,LAC,DET,,,,
23098,SF,Kostas,Papanikolaou,4.7,4,3500,DEN@PHO,DEN,PHO,,,,
16059,SG,Jared,Cunningham,5.5,7,3500,CLE@MIL,CLE,MIL,,,,
63826,C,Boban,Marjanovic,4.4,4,3500,PHI@SA,SA,PHI,,,,
18352,PG,Ray,McCallum,1.3,5,3500,PHI@SA,SA,PHI,,,,
21665,SG,Alan,Anderson,13.2,74,3500,ORL@WAS,WAS,ORL,O,Ankle,,
9559,SF,Rasual,Butler,8.6,7,3500,PHI@SA,SA,PHI,,,,
9549,SG,Brandon,Rush,5.6,5,3500,BKN@GS,GS,BKN,,,,
15591,C,Miles,Plumlee,5.6,8,3500,CLE@MIL,MIL,CLE,,,,
9540,C,Chuck,Hayes,6.8,2,3500,DAL@HOU,HOU,DAL,,,,
12832,PG,Donald,Sloan,3.7,2,3500,BKN@GS,BKN,GS,,,,
9580,PF,Darrell,Arthur,12.7,8,3500,DEN@PHO,DEN,PHO,,,,
17747,SG,Ian,Clark,6.3,6,3500,BKN@GS,GS,BKN,,,,
18821,SG,Jonathon,Simmons,0,0,3500,PHI@SA,SA,PHI,,,,
23178,PF,Mirza,Teletovic,5.8,8,3500,DEN@PHO,PHO,DEN,,,,
23776,PF,Montrezl,Harrell,8,7,3500,DAL@HOU,HOU,DAL,,,,
11074,PG,Garrett,Temple,4.5,5,3500,ORL@WAS,WAS,ORL,,,,
42148,SF,Rondae,Hollis-Jefferson,13.1,8,3500,BKN@GS,BKN,GS,,,,
23220,SF,Chris,Copeland,5.5,8,3500,CLE@MIL,MIL,CLE,,,,
23744,SF,Justin,Anderson,7.1,7,3500,DAL@HOU,DAL,HOU,,,,
9643,PG,Shaun,Livingston,10.8,10,3500,BKN@GS,GS,BKN,,,,
9685,SF,Martell,Webster,5.6,32,3500,ORL@WAS,WAS,ORL,O,Hip,,
9683,PG,Steve,Blake,9.5,8,3500,DET@LAC,DET,LAC,,,,
55061,SF,Damien,Inglis,4.3,5,3500,CLE@MIL,MIL,CLE,,,,
15955,PF,James Michael,McAdoo,4.2,9,3500,BKN@GS,GS,BKN,,,,
15475,PF,Cory,Jefferson,8.5,50,3500,DEN@PHO,PHO,DEN,,,,
9669,PF,Jason,Smith,10.3,6,3500,ORL@WAS,ORL,WAS,O,Knee,,
15947,SF,Reggie,Bullock,0.4,4,3500,DET@LAC,DET,LAC,,,,
9671,PF,Marreese,Speights,11.1,9,3500,BKN@GS,GS,BKN,,,,
23716,SF,Kyle,Anderson,5,8,3500,PHI@SA,SA,PHI,,,,
12474,PG,Patrick,Beverley,12.2,6,3500,DAL@HOU,HOU,DAL,GTD,Ankle,,
42202,PF,Christian,Wood,5.8,7,3500,PHI@SA,PHI,SA,,,,
9677,SF,Jared,Dudley,11.2,6,3500,ORL@WAS,WAS,ORL,,,,
58460,SG,Devin,Booker,5.9,5,3500,DEN@PHO,PHO,DEN,,,,
40202,SF,Sergey,Karasev,1.4,3,3500,BKN@GS,BKN,GS,,,,
42689,PG,Tyler,Ennis,8.6,5,3500,CLE@MIL,MIL,CLE,,,,
9723,PG,Ronnie,Price,8.3,8,3500,DEN@PHO,PHO,DEN,GTD,Concussion,,
23282,SF,Sam,Dekker,1.1,3,3500,DAL@HOU,HOU,DAL,,,,
9720,C,Andrea,Bargnani,8.4,8,3500,BKN@GS,BKN,GS,,,,
66520,C,Sasha,Kaun,2.9,2,3500,CLE@MIL,CLE,MIL,,,,
17218,PF,Andrew,Nicholson,0.2,1,3500,ORL@WAS,ORL,WAS,,,,
12445,SG,Gary,Neal,11,7,3500,ORL@WAS,WAS,ORL,,,,
9709,C,Matt,Bonner,1.2,1,3500,PHI@SA,SA,PHI,,,,
9706,SF,Richard,Jefferson,12.8,8,3500,CLE@MIL,CLE,MIL,GTD,Ankle,,
