Id,Position,First Name,Last Name,FPPG,Played,Salary,Game,Team,Opponent,Injury Indicator,Injury Details,,
9524,PG,Stephen,Curry,55.9,4,10800,LAC@GS,GS,LAC,,,,
9642,PG,Russell,Westbrook,52.1,4,10800,TOR@OKC,OKC,TOR,,,,
12362,C,DeMarcus,Cousins,38,3,10300,SAC@PHO,SAC,PHO,O,Achilles,,
9488,SF,LeBron,James,43.4,4,10200,NY@CLE,CLE,NY,,,,
9560,PF,Blake,Griffin,46.4,4,10000,LAC@GS,LAC,GS,,,,
9646,SF,Kevin,Durant,40.1,4,10000,TOR@OKC,OKC,TOR,,,,
9644,SG,James,Harden,41.8,4,9900,ORL@HOU,HOU,ORL,,,,
9508,SF,Carmelo,Anthony,38.4,4,9500,NY@CLE,NY,CLE,,,,
12332,PG,John,Wall,41.1,3,9400,SA@WAS,WAS,SA,,,,
9623,PG,Chris,Paul,31.9,4,9300,LAC@GS,LAC,GS,,,,
20848,PG,Damian,Lillard,40.7,4,8900,POR@UTA,POR,UTA,,,,
9688,PF,LaMarcus,Aldridge,31.3,4,8600,SA@WAS,SA,WAS,,,,
12341,SF,Paul,George,33.9,3,8300,BOS@IND,IND,BOS,,,,
12337,C,Greg,Monroe,40.5,4,8200,PHI@MIL,MIL,PHI,,,,
9660,C,Dwight,Howard,28.5,2,8200,ORL@HOU,HOU,ORL,,,,
15684,SG,Victor,Oladipo,41.6,3,8100,ORL@HOU,ORL,HOU,,,,
9561,C,DeAndre,Jordan,35.7,4,8100,LAC@GS,LAC,GS,,,,
40203,C,Rudy,Gobert,32.2,3,8100,POR@UTA,UTA,POR,,,,
14514,C,Nikola,Vucevic,36.2,3,8000,ORL@HOU,ORL,HOU,,,,
12351,PF,Derrick,Favors,39.7,3,8000,POR@UTA,UTA,POR,GTD,Illness,,
9714,SG,DeMar,DeRozan,35.9,3,8000,TOR@OKC,TOR,OKC,,,,
9729,PF,Paul,Millsap,36.5,4,7900,BKN@ATL,ATL,BKN,,,,
12355,SG,Eric,Bledsoe,35.9,4,7900,SAC@PHO,PHO,SAC,,,,
14513,SF,Kawhi,Leonard,39.6,4,7900,SA@WAS,SA,WAS,,,,
9577,SF,Rudy,Gay,31.7,3,7900,SAC@PHO,SAC,PHO,,,,
15860,PF,Draymond,Green,32.4,4,7800,LAC@GS,GS,LAC,,,,
9535,PG,Kyle,Lowry,38.7,3,7800,TOR@OKC,TOR,OKC,,,,
9621,C,Brook,Lopez,29.8,4,7700,BKN@ATL,BKN,ATL,,,,
9874,PF,Kevin,Love,36.4,4,7600,NY@CLE,CLE,NY,,,,
23825,PF,Nerlens,Noel,31.7,3,7500,PHI@MIL,PHI,MIL,,,,
9453,C,Al,Horford,34.9,4,7500,BKN@ATL,ATL,BKN,,,,
14559,PG,Isaiah,Thomas,34.8,3,7200,BOS@IND,BOS,IND,,,,
15595,SG,Brad,Beal,30.7,3,7200,SA@WAS,WAS,SA,,,,
9957,PF,Serge,Ibaka,31.8,4,7100,TOR@OKC,OKC,TOR,,,,
9446,PG,Jeff,Teague,28.2,4,7100,BKN@ATL,ATL,BKN,,,,
9710,C,Tim,Duncan,28.4,4,7100,SA@WAS,SA,WAS,,,,
16201,PG,Michael,Carter-Williams,30,4,7000,PHI@MIL,MIL,PHI,GTD,Ankle,,
19138,PG,Elfrid,Payton,23.6,3,7000,ORL@HOU,ORL,HOU,,,,
14506,PG,Brandon,Knight,33.9,4,7000,SAC@PHO,PHO,SAC,,,,
14518,SF,Tobias,Harris,30.4,3,6900,ORL@HOU,ORL,HOU,,,,
9964,PG,Ty,Lawson,25.1,4,6800,ORL@HOU,HOU,ORL,,,,
12366,SF,Gordon,Hayward,20.4,3,6800,POR@UTA,UTA,POR,,,,
40199,SG,Giannis,Antetokounmpo,37.2,3,6800,PHI@MIL,MIL,PHI,,,,
14509,SG,Klay,Thompson,20.9,4,6700,LAC@GS,GS,LAC,,,,
14516,C,Enes,Kanter,24,4,6600,TOR@OKC,OKC,TOR,,,,
19067,SG,C.J.,McCollum,33.6,4,6400,POR@UTA,POR,UTA,,,,
9455,PG,Rajon,Rondo,31.7,3,6400,SAC@PHO,SAC,PHO,,,,
14519,PF,Donatas,Motiejunas,22.7,71,6400,ORL@HOU,HOU,ORL,O,Back,,
9703,PG,George,Hill,26.3,3,6400,BOS@IND,IND,BOS,,,,
9526,SG,Monta,Ellis,19.1,3,6300,BOS@IND,IND,BOS,,,,
9713,PG,Jarrett,Jack,26.5,3,6300,BKN@ATL,BKN,ATL,GTD,Hamstring,,
9447,SG,Joe,Johnson,19.7,4,6200,BKN@ATL,BKN,ATL,,,,
42550,PF,Jabari,Parker,22.5,25,6200,PHI@MIL,MIL,PHI,,,,
14503,C,Jonas,Valanciunas,29.5,3,6200,TOR@OKC,TOR,OKC,,,,
9787,SF,DeMarre,Carroll,25.9,3,6100,TOR@OKC,TOR,OKC,,,,
9473,C,Tyson,Chandler,26.9,4,6100,SAC@PHO,PHO,SAC,,,,
9661,C,Marcin,Gortat,19.8,3,6100,SA@WAS,WAS,SA,,,,
14511,PF,Markieff,Morris,23.4,4,5900,SAC@PHO,PHO,SAC,,,,
23670,PG,Marcus,Smart,25.6,3,5800,BOS@IND,BOS,IND,,,,
20491,SF,Robert,Covington,10.4,1,5800,PHI@MIL,PHI,MIL,GTD,Knee,,
15757,PF,Terrence,Jones,18.3,2,5700,ORL@HOU,HOU,ORL,O,Eye,,
58083,C,Jahlil,Okafor,26.4,3,5700,PHI@MIL,PHI,MIL,,,,
12359,SF,Evan,Turner,11.1,3,5700,BOS@IND,BOS,IND,,,,
12334,SG,Avery,Bradley,20.7,3,5700,BOS@IND,BOS,IND,GTD,Finger,,
12342,SF,Al-Farouq,Aminu,27.2,4,5700,POR@UTA,POR,UTA,,,,
9624,PG,Darren,Collison,23.5,3,5700,SAC@PHO,SAC,PHO,,,,
16261,SF,Khris,Middleton,20.4,4,5600,PHI@MIL,MIL,PHI,,,,
9538,SF,Trevor,Ariza,19.7,4,5600,ORL@HOU,HOU,ORL,,,,
15628,SF,Otto,Porter,24.9,3,5500,SA@WAS,WAS,SA,,,,
9484,PG,Mo,Williams,23.1,4,5500,NY@CLE,CLE,NY,,,,
9666,PF,Thaddeus,Young,22.7,4,5500,BKN@ATL,BKN,ATL,,,,
15843,PG,Trey,Burke,16.8,3,5400,POR@UTA,UTA,POR,,,,
9506,SG,J.R.,Smith,13,4,5400,NY@CLE,CLE,NY,O,Knee,,
14510,SG,Alec,Burks,20.9,3,5400,POR@UTA,UTA,POR,,,,
9601,C,Andrew,Bogut,29.5,1,5400,LAC@GS,GS,LAC,GTD,Concussion,,
9870,SG,Kyle,Korver,16.6,3,5300,BKN@ATL,ATL,BKN,,,,
19456,PG,Isaiah,Canaan,18.1,3,5200,PHI@MIL,PHI,MIL,,,,
23823,C,Willie,Cauley-Stein,21.5,3,5200,SAC@PHO,SAC,PHO,,,,
9862,C,Amir,Johnson,23.1,3,5200,BOS@IND,BOS,IND,,,,
9951,SG,Gerald,Henderson,20.5,80,5100,POR@UTA,POR,UTA,O,Hip,,
15590,C,Mason,Plumlee,21,4,5100,POR@UTA,POR,UTA,,,,
14501,PF,Tristan,Thompson,21.3,4,5100,NY@CLE,CLE,NY,,,,
9638,PF,David,Lee,16.6,3,5100,BOS@IND,BOS,IND,,,,
16008,PF,Jared,Sullinger,21.4,3,5000,BOS@IND,BOS,IND,,,,
12365,PF,Ed,Davis,20.3,4,5000,POR@UTA,POR,UTA,,,,
9702,PG,Tony,Parker,15.8,4,5000,SA@WAS,SA,WAS,,,,
9953,C,Ian,Mahinmi,23.6,3,4900,BOS@IND,IND,BOS,GTD,Back,,
9448,SG,Jamal,Crawford,16.5,4,4900,LAC@GS,LAC,GS,,,,
9655,SG,J.J.,Redick,19.2,4,4900,LAC@GS,LAC,GS,,,,
63122,PF,Kristaps,Porzingis,25.7,4,4800,NY@CLE,NY,CLE,GTD,Neck,,
15946,SF,Harrison,Barnes,21.3,4,4800,LAC@GS,GS,LAC,,,,
9725,SF,C.J.,Miles,20.4,3,4800,BOS@IND,IND,BOS,,,,
17230,SG,Langston,Galloway,22.6,4,4800,NY@CLE,NY,CLE,,,,
15800,SF,Jae,Crowder,22.6,3,4700,BOS@IND,BOS,IND,,,,
16220,SG,Dion,Waiters,15.4,4,4700,TOR@OKC,OKC,TOR,,,,
19781,SG,Kent,Bazemore,21.8,4,4700,BKN@ATL,ATL,BKN,,,,
9514,SG,Rodney,Stuckey,18.3,3,4700,BOS@IND,IND,BOS,,,,
17384,C,Kyle,O'Quinn,21.9,4,4700,NY@CLE,NY,CLE,,,,
15669,C,Meyers,Leonard,15.5,4,4600,POR@UTA,POR,UTA,,,,
9507,SG,Arron,Afflalo,19.3,78,4600,NY@CLE,NY,CLE,O,Hamstring,,
9664,SF,Andre,Iguodala,21.3,4,4600,LAC@GS,GS,LAC,,,,
9698,PF,Jason,Thompson,11.2,2,4600,LAC@GS,GS,LAC,,,,
9704,SG,Manu,Ginobili,22.3,4,4600,SA@WAS,SA,WAS,,,,
9752,C,Jordan,Hill,15.4,2,4500,BOS@IND,IND,BOS,,,,
9873,C,Robin,Lopez,20,4,4500,NY@CLE,NY,CLE,,,,
23096,SG,Evan,Fournier,24.6,3,4500,ORL@HOU,ORL,HOU,,,,
15904,SG,Rodney,Hood,23.9,3,4500,POR@UTA,UTA,POR,,,,
55059,C,Clint,Capela,17.9,4,4500,ORL@HOU,HOU,ORL,,,,
12424,C,Timofey,Mozgov,16.2,4,4500,NY@CLE,CLE,NY,,,,
40201,PG,Dennis,Schroder,22.2,4,4500,BKN@ATL,ATL,BKN,,,,
23407,SF,P.J.,Tucker,10.3,4,4400,SAC@PHO,PHO,SAC,,,,
15730,PF,Thomas,Robinson,12.8,4,4400,BKN@ATL,BKN,ATL,,,,
9449,PF,Josh,Smith,13.1,4,4400,LAC@GS,LAC,GS,,,,
14500,PF,Derrick,Williams,16.6,4,4400,NY@CLE,NY,CLE,,,,
15952,PF,John,Henson,7.7,1,4400,PHI@MIL,MIL,PHI,O,Achilles,,
15996,PG,Jerian,Grant,19.6,4,4400,NY@CLE,NY,CLE,,,,
15834,PG,Shane,Larkin,14.8,4,4300,BKN@ATL,BKN,ATL,,,,
12344,PG,Greivis,Vasquez,17.9,4,4300,PHI@MIL,MIL,PHI,,,,
12348,SF,Wesley,Johnson,8.8,4,4300,LAC@GS,LAC,GS,,,,
15961,C,Tyler,Zeller,7.1,3,4300,BOS@IND,BOS,IND,,,,
9712,PG,Jose,Calderon,9.6,4,4300,NY@CLE,NY,CLE,,,,
20064,PG,Matthew,Dellavedova,23.5,4,4200,NY@CLE,CLE,NY,,,,
9758,SG,Danny,Green,16.4,4,4200,SA@WAS,SA,WAS,,,,
9512,PF,Nene,Hilario,14.5,3,4200,SA@WAS,WAS,SA,,,,
9563,C,Chris,Kaman,18.3,74,4200,POR@UTA,POR,UTA,,,,
9629,PF,David,West,6.7,4,4200,SA@WAS,SA,WAS,,,,
23169,C,Steven,Adams,15.8,4,4200,TOR@OKC,OKC,TOR,,,,
9459,SF,Paul,Pierce,14.2,4,4100,LAC@GS,LAC,GS,,,,
9471,PF,Boris,Diaw,17.2,4,4100,SA@WAS,SA,WAS,,,,
9466,PG,D.J.,Augustin,19.3,4,4100,TOR@OKC,OKC,TOR,,,,
41594,PF,Aaron,Gordon,21.5,3,4100,ORL@HOU,ORL,HOU,,,,
12340,PF,Patrick,Patterson,14.5,3,4100,TOR@OKC,TOR,OKC,,,,
9542,PF,Luis,Scola,15.9,3,4100,TOR@OKC,TOR,OKC,,,,
9605,PG,Ramon,Sessions,16.8,3,4100,SA@WAS,WAS,SA,,,,
9606,SF,Corey,Brewer,20.5,4,4100,ORL@HOU,HOU,ORL,,,,
9647,SF,Thabo,Sefolosha,17.5,3,4100,BKN@ATL,ATL,BKN,O,Ankle,,
15814,C,Alex,Len,11.4,4,4000,SAC@PHO,PHO,SAC,,,,
15727,SG,Ben,McLemore,7.4,3,4000,SAC@PHO,SAC,PHO,,,,
9960,SF,Omri,Casspi,18.8,3,4000,SAC@PHO,SAC,PHO,,,,
9942,SF,Chase,Budinger,8.2,3,4000,BOS@IND,IND,BOS,,,,
9501,PF,Kris,Humphries,11.6,3,4000,SA@WAS,WAS,SA,,,,
14530,SF,Bojan,Bogdanovic,15.7,4,4000,BKN@ATL,BKN,ATL,,,,
14505,C,Bismack,Biyombo,14.7,3,4000,TOR@OKC,TOR,OKC,,,,
12350,PF,Trevor,Booker,7.8,2,4000,POR@UTA,UTA,POR,,,,
9720,C,Andrea,Bargnani,12,4,4000,BKN@ATL,BKN,ATL,,,,
12421,C,Tiago,Splitter,14.4,4,4000,BKN@ATL,ATL,BKN,,,,
15846,SG,Tim,Hardaway Jr.,16.7,70,3900,BKN@ATL,ATL,BKN,,,,
23831,PF,Jerami,Grant,17.7,3,3900,PHI@MIL,PHI,MIL,,,,
15631,SF,Hollis,Thompson,19.3,3,3900,PHI@MIL,PHI,MIL,,,,
16183,SF,Jakarr,Sampson,9.8,3,3900,PHI@MIL,PHI,MIL,,,,
9955,SG,Marcus,Thornton,23.7,2,3900,ORL@HOU,HOU,ORL,,,,
22541,C,Kelly,Olynyk,14.7,2,3900,BOS@IND,BOS,IND,,,,
15954,PG,Kendall,Marshall,10.3,28,3900,PHI@MIL,PHI,MIL,O,Knee,,
9731,C,Kosta,Koufos,20.8,3,3800,SAC@PHO,SAC,PHO,,,,
16405,SG,Terrence,Ross,17.4,3,3800,TOR@OKC,TOR,OKC,,,,
9503,PF,Drew,Gooden,17.1,3,3800,SA@WAS,WAS,SA,,,,
9529,SG,Anthony,Morrow,7.8,4,3800,TOR@OKC,OKC,TOR,,,,
17894,PF,Mike,Muscala,0.2,1,3800,BKN@ATL,ATL,BKN,GTD,Ankle,,
14529,PG,Cory,Joseph,12.5,3,3800,TOR@OKC,TOR,OKC,,,,
9574,SG,O.J.,Mayo,19,71,3800,PHI@MIL,MIL,PHI,O,Hamstring,,
23801,SG,Nik,Stauskas,19.5,2,3800,PHI@MIL,PHI,MIL,,,,
23248,SG,RJ,Hunter,0,0,3800,BOS@IND,BOS,IND,,,,
9669,PF,Jason,Smith,10.6,2,3800,ORL@HOU,ORL,HOU,,,,
9671,PF,Marreese,Speights,15.8,4,3800,LAC@GS,GS,LAC,,,,
12474,PG,Patrick,Beverley,13.5,4,3800,ORL@HOU,HOU,ORL,,,,
9677,SF,Jared,Dudley,12.6,2,3800,SA@WAS,WAS,SA,,,,
9674,SG,Leandro,Barbosa,10.4,4,3800,LAC@GS,GS,LAC,,,,
9715,SG,Marco,Belinelli,17.4,3,3800,SAC@PHO,SAC,PHO,,,,
16301,C,Dewayne,Dedmon,14.7,2,3700,ORL@HOU,ORL,HOU,,,,
9939,PG,Patrick,Mills,14.2,4,3700,SA@WAS,SA,WAS,,,,
9490,C,Anderson,Varejao,7,4,3700,NY@CLE,CLE,NY,,,,
14539,PF,Jon,Leuer,18.3,4,3700,SAC@PHO,PHO,SAC,,,,
15501,SG,Allen,Crabbe,9.9,4,3700,POR@UTA,POR,UTA,,,,
9567,SG,Sasha,Vujacic,17.4,4,3700,NY@CLE,NY,CLE,,,,
23120,SF,T.J.,Warren,14.8,4,3700,SAC@PHO,PHO,SAC,,,,
12335,PF,Kevin,Seraphin,4.4,1,3700,NY@CLE,NY,CLE,,,,
9643,PG,Shaun,Livingston,10.2,4,3700,LAC@GS,GS,LAC,,,,
59318,SF,Joe,Ingles,10.1,3,3600,POR@UTA,UTA,POR,,,,
9796,SF,Luc Richard,Mbah a Moute,0.5,3,3600,LAC@GS,LAC,GS,,,,
15548,SG,Andre,Roberson,11.5,4,3600,TOR@OKC,OKC,TOR,,,,
12354,C,Cole,Aldrich,0.5,2,3600,LAC@GS,LAC,GS,,,,
9525,PG,C.J.,Watson,9.7,3,3600,ORL@HOU,ORL,HOU,,,,
15591,C,Miles,Plumlee,7.3,4,3600,PHI@MIL,MIL,PHI,,,,
15592,PG,Austin,Rivers,9.8,4,3600,LAC@GS,LAC,GS,,,,
23776,PF,Montrezl,Harrell,12.9,4,3600,ORL@HOU,HOU,ORL,,,,
11074,PG,Garrett,Temple,0,1,3600,SA@WAS,WAS,SA,,,,
15469,PF,Quincy,Acy,13.2,68,3600,SAC@PHO,SAC,PHO,,,,
9678,PF,Channing,Frye,4.9,1,3600,ORL@HOU,ORL,HOU,,,,
12445,SG,Gary,Neal,10.8,3,3600,SA@WAS,WAS,SA,,,,
15792,C,Johnny,O'Bryant,10.6,4,3500,PHI@MIL,MIL,PHI,,,,
9785,SF,James,Jones,4.6,4,3500,NY@CLE,CLE,NY,,,,
20907,C,Shayne,Whittington,-2,1,3500,BOS@IND,IND,BOS,,,,
63123,SF,Mario,Hezonja,5.9,3,3500,ORL@HOU,ORL,HOU,,,,
23920,PF,Anthony,Bennett,3.5,2,3500,TOR@OKC,TOR,OKC,,,,
16293,SG,Norman,Powell,0,1,3500,TOR@OKC,TOR,OKC,,,,
9736,SF,Caron,Butler,8.2,2,3500,SAC@PHO,SAC,PHO,,,,
16331,C,Festus,Ezeli,20.9,4,3500,LAC@GS,GS,LAC,,,,
16604,SG,Justin,Holiday,2,1,3500,BKN@ATL,ATL,BKN,,,,
15858,PF,Branden,Dawson,0,0,3500,LAC@GS,LAC,GS,,,,
16363,SG,Joe,Harris,2.8,3,3500,NY@CLE,CLE,NY,,,,
16368,SF,Mike,Scott,6.2,4,3500,BKN@ATL,ATL,BKN,,,,
9810,PG,Jerryd,Bayless,18,4,3500,PHI@MIL,MIL,PHI,,,,
58253,PF,Myles,Turner,16.3,2,3500,BOS@IND,IND,BOS,,,,
23824,PG,Archie,Goodwin,10.9,2,3500,SAC@PHO,PHO,SAC,,,,
9895,SF,Steve,Novak,3,35,3500,TOR@OKC,OKC,TOR,,,,
23447,PF,Richaun,Holmes,5.9,3,3500,PHI@MIL,PHI,MIL,,,,
16411,SG,C.J.,Wilcox,2.8,21,3500,LAC@GS,LAC,GS,,,,
16191,SF,Josh,Huestis,0,0,3500,TOR@OKC,OKC,TOR,,,,
58661,SG,Rashad,Vaughn,5.2,2,3500,PHI@MIL,MIL,PHI,,,,
16443,PF,Duje,Dukan,0,0,3500,SAC@PHO,SAC,PHO,,,,
16178,SF,Maurice,Harkless,14.1,4,3500,POR@UTA,POR,UTA,,,,
9952,C,DeJuan,Blair,-0.8,1,3500,SA@WAS,WAS,SA,,,,
16202,PF,Rakeem,Christmas,0,0,3500,BOS@IND,IND,BOS,,,,
9956,SG,Wayne,Ellington,5,4,3500,BKN@ATL,BKN,ATL,,,,
9962,PF,Jonas,Jerebko,8.6,3,3500,BOS@IND,BOS,IND,,,,
9966,SF,James,Johnson,0.6,3,3500,TOR@OKC,TOR,OKC,,,,
58153,SF,Kelly,Oubre,0,1,3500,SA@WAS,WAS,SA,,,,
15736,C,Jeff,Withey,0,1,3500,POR@UTA,UTA,POR,,,,
58150,PF,Cliff,Alexander,0,0,3500,POR@UTA,POR,UTA,O,Knee,,
9928,SF,Sonny,Weems,3.8,4,3500,SAC@PHO,PHO,SAC,,,,
17462,SG,Chris,Johnson,5.1,2,3500,POR@UTA,UTA,POR,,,,
15699,SG,Roy Devyn,Marble,7,16,3500,ORL@HOU,ORL,HOU,,,,
9496,PG,Jason,Terry,4.6,2,3500,ORL@HOU,HOU,ORL,,,,
16026,SG,Markel,Brown,7.8,4,3500,BKN@ATL,BKN,ATL,,,,
48567,PG,Cameron,Payne,6.5,1,3500,TOR@OKC,OKC,TOR,,,,
15532,SF,K.J.,McDaniels,2.6,2,3500,ORL@HOU,HOU,ORL,,,,
12353,C,Tibor,Pleiss,3.2,1,3500,POR@UTA,UTA,POR,,,,
16063,PF,Eric,Moreland,5.2,1,3500,SAC@PHO,SAC,PHO,,,,
14549,PF,Lavoy,Allen,5.2,3,3500,BOS@IND,IND,BOS,,,,
41063,PF,Jordan,Mickey,5.9,1,3500,BOS@IND,BOS,IND,,,,
12364,SG,James,Anderson,1.5,2,3500,SAC@PHO,SAC,PHO,,,,
16059,SG,Jared,Cunningham,7.3,4,3500,NY@CLE,CLE,NY,,,,
18393,PG,T.J.,McConnell,20.7,3,3500,PHI@MIL,PHI,MIL,,,,
12369,SG,Lance,Stephenson,12.1,4,3500,LAC@GS,LAC,GS,,,,
63826,C,Boban,Marjanovic,6.3,2,3500,SA@WAS,SA,WAS,,,,
14532,SF,Kyle,Singler,5.7,3,3500,TOR@OKC,OKC,TOR,,,,
14533,PG,Shelvin,Mack,11.7,55,3500,BKN@ATL,ATL,BKN,,,,
18352,PG,Ray,McCallum,2.5,2,3500,SA@WAS,SA,WAS,,,,
16859,SF,Lance,Thomas,11.2,4,3500,NY@CLE,NY,CLE,,,,
21665,SG,Alan,Anderson,13.2,74,3500,SA@WAS,WAS,SA,O,Ankle,,
16089,SG,Lamar,Patterson,8.9,4,3500,BKN@ATL,ATL,BKN,,,,
9559,SF,Rasual,Butler,3.8,3,3500,SA@WAS,SA,WAS,,,,
9549,SG,Brandon,Rush,7,4,3500,LAC@GS,GS,LAC,,,,
16071,PG,Tim,Frazier,2.5,2,3500,POR@UTA,POR,UTA,,,,
9540,C,Chuck,Hayes,1.2,1,3500,ORL@HOU,HOU,ORL,GTD,Foot,,
12828,SF,Elijah,Millsap,2.1,3,3500,POR@UTA,UTA,POR,,,,
12832,PG,Donald,Sloan,3.7,2,3500,BKN@ATL,BKN,ATL,,,,
15583,SG,Seth,Curry,4.7,1,3500,SAC@PHO,SAC,PHO,,,,
63477,SF,Luis,Montero,0.2,1,3500,POR@UTA,POR,UTA,,,,
15560,PG,Shabazz,Napier,5.3,2,3500,ORL@HOU,ORL,HOU,,,,
15417,SG,Solomon,Hill,0,1,3500,BOS@IND,IND,BOS,,,,
42671,SF,James,Young,6.1,31,3500,BOS@IND,BOS,IND,,,,
18828,SG,Joseph,Young,-0.5,2,3500,BOS@IND,IND,BOS,,,,
23799,PF,Mitch,McGary,-2,1,3500,TOR@OKC,OKC,TOR,,,,
42661,PF,Noah,Vonleh,6.7,4,3500,POR@UTA,POR,UTA,,,,
17747,SG,Ian,Clark,8.4,3,3500,LAC@GS,GS,LAC,,,,
18821,SG,Jonathon,Simmons,0,0,3500,SA@WAS,SA,WAS,,,,
23800,SF,Glenn,Robinson III,4,35,3500,BOS@IND,IND,BOS,GTD,Shoulder,,
23178,PF,Mirza,Teletovic,3.4,4,3500,SAC@PHO,PHO,SAC,,,,
42677,PG,Terry,Rozier,1.2,1,3500,BOS@IND,BOS,IND,,,,
9649,PF,Nick,Collison,6.2,2,3500,TOR@OKC,OKC,TOR,,,,
42148,SF,Rondae,Hollis-Jefferson,10,4,3500,BKN@ATL,BKN,ATL,,,,
23220,SF,Chris,Copeland,7.3,4,3500,PHI@MIL,MIL,PHI,,,,
40830,PG,Delon,Wright,0.2,1,3500,TOR@OKC,TOR,OKC,,,,
55058,SF,Bruno,Caboclo,1.3,8,3500,TOR@OKC,TOR,OKC,,,,
9685,SF,Martell,Webster,5.6,32,3500,SA@WAS,WAS,SA,,,,
55063,C,Walter,Tavares,2.2,1,3500,BKN@ATL,ATL,BKN,,,,
55061,SF,Damien,Inglis,4.8,3,3500,PHI@MIL,MIL,PHI,,,,
15955,PF,James Michael,McAdoo,6.4,4,3500,LAC@GS,GS,LAC,,,,
15475,PF,Cory,Jefferson,8.5,50,3500,SAC@PHO,PHO,SAC,,,,
23716,SF,Kyle,Anderson,4.1,4,3500,SA@WAS,SA,WAS,,,,
42202,PF,Christian,Wood,4,3,3500,PHI@MIL,PHI,MIL,,,,
9679,PF,Louis,Amundson,14.6,53,3500,NY@CLE,NY,CLE,O,Back,,
58461,PF,Trey,Lyles,3.3,3,3500,POR@UTA,UTA,POR,,,,
23234,PG,Pablo,Prigioni,1.7,1,3500,LAC@GS,LAC,GS,,,,
58460,SG,Devin,Booker,9.3,2,3500,SAC@PHO,PHO,SAC,,,,
15993,SG,Pat,Connaughton,5,1,3500,POR@UTA,POR,UTA,,,,
24244,SF,Cleanthony,Early,2.6,3,3500,NY@CLE,NY,CLE,,,,
40202,SF,Sergey,Karasev,1,1,3500,BKN@ATL,BKN,ATL,,,,
42689,PG,Tyler,Ennis,8.4,33,3500,PHI@MIL,MIL,PHI,,,,
40200,C,Lucas,Nogueira,3.8,6,3500,TOR@OKC,TOR,OKC,GTD,Hamstring,,
23282,SF,Sam,Dekker,1.6,2,3500,ORL@HOU,HOU,ORL,,,,
9723,PG,Ronnie,Price,9.6,4,3500,SAC@PHO,PHO,SAC,,,,
40208,PG,Raul,Neto,10.9,3,3500,POR@UTA,UTA,POR,,,,
66520,C,Sasha,Kaun,2.9,2,3500,NY@CLE,CLE,NY,,,,
17218,PF,Andrew,Nicholson,0.2,1,3500,ORL@HOU,ORL,HOU,,,,
9709,C,Matt,Bonner,7,72,3500,SA@WAS,SA,WAS,,,,
9706,SF,Richard,Jefferson,10.1,4,3500,NY@CLE,CLE,NY,,,,
