Id,Position,First Name,Last Name,FPPG,Played,Salary,Game,Team,Opponent,Injury Indicator,Injury Details,,
9642,PG,Russell,Westbrook,53,15,11600,BKN@OKC,OKC,BKN,,,,
15755,PF,Anthony,Davis,43.5,11,11100,NO@PHO,NO,PHO,,,,
12362,C,DeMarcus,Cousins,46.4,10,10600,SAC@MIL,SAC,MIL,GTD,Back,,
9644,SG,James,Harden,46.2,14,10400,MEM@HOU,HOU,MEM,,,,
9646,SF,Kevin,Durant,42.9,9,10200,BKN@OKC,OKC,BKN,,,,
9488,SF,LeBron,James,45.4,14,10100,CLE@TOR,CLE,TOR,,,,
15557,C,Andre,Drummond,44.2,14,9600,MIA@DET,DET,MIA,,,,
9560,PF,Blake,Griffin,41.9,14,9200,UTA@LAC,LAC,UTA,,,,
9508,SF,Carmelo,Anthony,37.2,15,9100,NY@ORL,NY,ORL,,,,
9623,PG,Chris,Paul,34.4,11,8900,UTA@LAC,LAC,UTA,,,,
14513,SF,Kawhi,Leonard,38.8,13,8800,DAL@SA,SA,DAL,,,,
12332,PG,John,Wall,34.6,11,8800,WAS@CHA,WAS,CHA,,,,
9729,PF,Paul,Millsap,38.7,16,8600,ATL@MIN,ATL,MIN,,,,
9535,PG,Kyle,Lowry,38.6,15,8600,CLE@TOR,TOR,CLE,,,,
12355,SG,Eric,Bledsoe,38.3,13,8500,NO@PHO,PHO,NO,GTD,Knee,,
12363,C,Hassan,Whiteside,37.4,13,8500,MIA@DET,MIA,DET,GTD,Illness,,
9455,PG,Rajon,Rondo,38.5,15,8400,SAC@MIL,SAC,MIL,,,,
9874,PF,Kevin,Love,37.4,14,8300,CLE@TOR,CLE,TOR,,,,
14507,PG,Kemba,Walker,33.8,14,8200,WAS@CHA,CHA,WAS,,,,
9660,C,Dwight,Howard,34.9,9,8100,MEM@HOU,HOU,MEM,GTD,Rest,,
12351,PF,Derrick,Favors,33.9,13,8000,UTA@LAC,UTA,LAC,,,,
9621,C,Brook,Lopez,34.6,14,8000,BKN@OKC,BKN,OKC,,,,
9718,PF,Chris,Bosh,34.6,13,8000,MIA@DET,MIA,DET,,,,
14506,PG,Brandon,Knight,35,14,7900,NO@PHO,PHO,NO,,,,
12337,C,Greg,Monroe,35.1,14,7800,SAC@MIL,MIL,SAC,,,,
9581,C,Marc,Gasol,30.8,15,7800,MEM@HOU,MEM,HOU,,,,
9688,PF,LaMarcus,Aldridge,30.5,12,7800,DAL@SA,SA,DAL,GTD,Ankle,,
14559,PG,Isaiah,Thomas,32.3,14,7600,PHI@BOS,BOS,PHI,,,,
9561,C,DeAndre,Jordan,33.6,14,7600,UTA@LAC,LAC,UTA,,,,
9577,SF,Rudy,Gay,30.8,13,7600,SAC@MIL,SAC,MIL,,,,
14523,PG,Reggie,Jackson,31.8,14,7500,MIA@DET,DET,MIA,,,,
49116,SF,Andrew,Wiggins,30.1,13,7500,ATL@MIN,MIN,ATL,,,,
9714,SG,DeMar,DeRozan,32.7,15,7500,CLE@TOR,TOR,CLE,,,,
9453,C,Al,Horford,32.5,16,7400,ATL@MIN,ATL,MIN,,,,
9692,PG,Tyreke,Evans,0,0,7400,NO@PHO,NO,PHO,GTD,Knee,,
14514,C,Nikola,Vucevic,30.6,11,7300,NY@ORL,ORL,NY,,,,
15684,SG,Victor,Oladipo,28.1,12,7200,NY@ORL,ORL,NY,,,,
9585,SG,Dwyane,Wade,30.7,12,7200,MIA@DET,MIA,DET,,,,
9446,PG,Jeff,Teague,30.5,13,7100,ATL@MIN,ATL,MIN,,,,
14496,PG,Ricky,Rubio,31.7,10,7100,ATL@MIN,MIN,ATL,,,,
9609,C,Al,Jefferson,28.6,14,7100,WAS@CHA,CHA,WAS,,,,
9809,SF,Nicolas,Batum,30.6,14,7000,WAS@CHA,CHA,WAS,GTD,Illness,,
40199,SG,Giannis,Antetokounmpo,31.1,13,7000,SAC@MIL,MIL,SAC,,,,
40203,C,Rudy,Gobert,28.6,11,7000,UTA@LAC,UTA,LAC,GTD,Tailbone,,
15595,SG,Brad,Beal,29,8,6900,WAS@CHA,WAS,CHA,,,,
9579,PF,Zach,Randolph,27.1,12,6900,MEM@HOU,MEM,HOU,GTD,Knee,,
9575,PG,Mike,Conley,29.8,15,6900,MEM@HOU,MEM,HOU,,,,
58462,C,Karl-Anthony,Towns,32.5,14,6900,ATL@MIN,MIN,ATL,,,,
9710,C,Tim,Duncan,27.9,14,6800,DAL@SA,SA,DAL,,,,
9772,PF,Ryan,Anderson,29.4,14,6700,NO@PHO,NO,PHO,,,,
63122,PF,Kristaps,Porzingis,28.7,15,6700,NY@ORL,NY,ORL,,,,
9722,PG,Deron,Williams,26.5,14,6700,DAL@SA,DAL,SA,,,,
58083,C,Jahlil,Okafor,30.7,15,6600,PHI@BOS,PHI,BOS,,,,
12366,SF,Gordon,Hayward,26.5,13,6600,UTA@LAC,UTA,LAC,,,,
14518,SF,Tobias,Harris,28.2,14,6600,NY@ORL,ORL,NY,,,,
19138,PG,Elfrid,Payton,24.7,14,6500,NY@ORL,ORL,NY,,,,
9500,PF,Dirk,Nowitzki,29.2,14,6500,DAL@SA,DAL,SA,,,,
9957,PF,Serge,Ibaka,27.7,15,6400,BKN@OKC,OKC,BKN,,,,
14519,PF,Donatas,Motiejunas,0,0,6400,MEM@HOU,HOU,MEM,O,Back,,
9666,PF,Thaddeus,Young,30,14,6400,BKN@OKC,BKN,OKC,,,,
9713,PG,Jarrett,Jack,29.9,13,6400,BKN@OKC,BKN,OKC,,,,
23825,PF,Nerlens,Noel,24.7,13,6300,PHI@BOS,PHI,BOS,,,,
12511,PG,Ishmael,Smith,28.7,14,6300,NO@PHO,NO,PHO,,,,
16201,PG,Michael,Carter-Williams,24.7,9,6200,SAC@MIL,MIL,SAC,,,,
9454,C,Zaza,Pachulia,27.4,15,6200,DAL@SA,DAL,SA,,,,
9484,PG,Mo,Williams,26.9,11,6200,CLE@TOR,CLE,TOR,,,,
9787,SF,DeMarre,Carroll,24.1,12,6100,CLE@TOR,TOR,CLE,,,,
9556,SG,Eric,Gordon,27.7,14,6100,NO@PHO,NO,PHO,,,,
9447,SG,Joe,Johnson,23.4,14,6000,BKN@OKC,BKN,OKC,,,,
16008,PF,Jared,Sullinger,26.9,14,6000,PHI@BOS,BOS,PHI,,,,
12334,SG,Avery,Bradley,24.8,12,6000,PHI@BOS,BOS,PHI,,,,
9538,SF,Trevor,Ariza,24.5,14,6000,MEM@HOU,HOU,MEM,,,,
23096,SG,Evan,Fournier,28.8,14,5900,NY@ORL,ORL,NY,,,,
14512,SF,Marcus,Morris,26.7,14,5900,MIA@DET,DET,MIA,,,,
14516,C,Enes,Kanter,23.6,15,5900,BKN@OKC,OKC,BKN,,,,
15628,SF,Otto,Porter,25.8,11,5800,WAS@CHA,WAS,CHA,,,,
14511,PF,Markieff,Morris,23.3,12,5800,NO@PHO,PHO,NO,,,,
9661,C,Marcin,Gortat,24.3,11,5800,WAS@CHA,WAS,CHA,,,,
15757,PF,Terrence,Jones,23.6,9,5700,MEM@HOU,HOU,MEM,,,,
14501,PF,Tristan,Thompson,22.8,14,5700,CLE@TOR,CLE,TOR,,,,
14503,C,Jonas,Valanciunas,24.9,14,5700,CLE@TOR,TOR,CLE,O,Hand,,
20491,SF,Robert,Covington,20.2,6,5700,PHI@BOS,PHI,BOS,,,,
9673,PG,Goran,Dragic,21.9,13,5700,MIA@DET,MIA,DET,,,,
16261,SF,Khris,Middleton,22.7,14,5500,SAC@MIL,MIL,SAC,,,,
40783,SG,Zach,LaVine,22,14,5500,ATL@MIN,MIN,ATL,,,,
9702,PG,Tony,Parker,22.4,14,5500,DAL@SA,SA,DAL,,,,
12359,SF,Evan,Turner,20.5,14,5400,PHI@BOS,BOS,PHI,,,,
9663,PG,Jrue,Holiday,20.2,10,5400,NO@PHO,NO,PHO,,,,
23670,PG,Marcus,Smart,21.7,9,5300,PHI@BOS,BOS,PHI,O,Lowerleg,,
42550,PF,Jabari,Parker,15.1,8,5300,SAC@MIL,MIL,SAC,,,,
9506,SG,J.R.,Smith,18.5,11,5300,CLE@TOR,CLE,TOR,,,,
14510,SG,Alec,Burks,23,13,5200,UTA@LAC,UTA,LAC,,,,
15800,SF,Jae,Crowder,23.2,14,5100,PHI@BOS,BOS,PHI,,,,
9964,PG,Ty,Lawson,19,14,5100,MEM@HOU,HOU,MEM,,,,
19781,SG,Kent,Bazemore,23.5,12,5100,ATL@MIN,ATL,MIN,O,Ankle,,
9624,PG,Darren,Collison,20.8,10,5100,SAC@MIL,SAC,MIL,,,,
9479,SF,Luol,Deng,19,13,5000,MIA@DET,MIA,DET,GTD,Hamstring,,
18393,PG,T.J.,McConnell,23.3,15,5000,PHI@BOS,PHI,BOS,,,,
40201,PG,Dennis,Schroder,21.3,16,5000,ATL@MIN,ATL,MIN,,,,
9451,PF,Marvin,Williams,23.6,14,4900,WAS@CHA,CHA,WAS,,,,
9799,SG,Wesley,Matthews,17.2,13,4800,DAL@SA,DAL,SA,,,,
15636,SG,Kentavious,Caldwell-Pope,21,14,4800,MIA@DET,DET,MIA,,,,
16220,SG,Dion,Waiters,19.4,15,4800,BKN@OKC,OKC,BKN,,,,
14537,SF,Chandler,Parsons,13.3,11,4800,DAL@SA,DAL,SA,,,,
12459,C,Nikola,Pekovic,0,0,4800,ATL@MIN,MIN,ATL,O,Achilles,,
9704,SG,Manu,Ginobili,22.2,11,4800,DAL@SA,SA,DAL,,,,
15843,PG,Trey,Burke,18.3,13,4700,UTA@LAC,UTA,LAC,,,,
9862,C,Amir,Johnson,18.2,14,4700,PHI@BOS,BOS,PHI,,,,
9473,C,Tyson,Chandler,19,14,4700,NO@PHO,PHO,NO,,,,
15904,SG,Rodney,Hood,21.5,12,4700,UTA@LAC,UTA,LAC,,,,
12443,PG,Jeremy,Lin,20.5,14,4700,WAS@CHA,CHA,WAS,,,,
9870,SG,Kyle,Korver,19.1,14,4600,ATL@MIN,ATL,MIN,,,,
16196,PF,Dwight,Powell,22.6,15,4600,DAL@SA,DAL,SA,,,,
9448,SG,Jamal,Crawford,19.5,14,4600,UTA@LAC,LAC,UTA,,,,
9542,PF,Luis,Scola,19.9,15,4600,CLE@TOR,TOR,CLE,,,,
15559,SG,Jeremy,Lamb,21.3,13,4600,WAS@CHA,CHA,WAS,,,,
9712,PG,Jose,Calderon,16.1,15,4600,NY@ORL,NY,ORL,,,,
23831,PF,Jerami,Grant,20.8,15,4500,PHI@BOS,PHI,BOS,,,,
9507,SG,Arron,Afflalo,19.1,7,4500,NY@ORL,NY,ORL,,,,
9648,SF,Jeff,Green,17.8,15,4500,MEM@HOU,MEM,HOU,,,,
9655,SG,J.J.,Redick,18.3,11,4500,UTA@LAC,LAC,UTA,,,,
55059,C,Clint,Capela,19.5,14,4500,MEM@HOU,HOU,MEM,,,,
9694,SG,Kevin,Martin,18.3,13,4500,ATL@MIN,MIN,ATL,,,,
17230,SG,Langston,Galloway,20.2,15,4500,NY@ORL,NY,ORL,,,,
20064,PG,Matthew,Dellavedova,19.7,14,4400,CLE@TOR,CLE,TOR,GTD,Calf,,
9810,PG,Jerryd,Bayless,21.3,14,4400,SAC@MIL,MIL,SAC,,,,
9873,C,Robin,Lopez,19.2,15,4400,NY@ORL,NY,ORL,,,,
9758,SG,Danny,Green,17.9,14,4300,DAL@SA,SA,DAL,,,,
9512,PF,Nene,Hilario,19,10,4300,WAS@CHA,WAS,CHA,,,,
14529,PG,Cory,Joseph,18.5,15,4300,CLE@TOR,TOR,CLE,,,,
9598,PF,Ersan,Ilyasova,16.3,14,4300,MIA@DET,DET,MIA,,,,
9583,PG,Mario,Chalmers,19,12,4300,MEM@HOU,MEM,HOU,,,,
23407,SF,P.J.,Tucker,15.7,14,4200,NO@PHO,PHO,NO,,,,
15834,PG,Shane,Larkin,15.2,14,4200,BKN@OKC,BKN,OKC,,,,
9605,PG,Ramon,Sessions,17.4,11,4200,WAS@CHA,WAS,CHA,,,,
15771,C,Gorgui,Dieng,15.9,14,4100,ATL@MIN,MIN,ATL,,,,
19456,PG,Isaiah,Canaan,16.4,15,4100,PHI@BOS,PHI,BOS,,,,
9955,SG,Marcus,Thornton,20.1,12,4100,MEM@HOU,HOU,MEM,,,,
9960,SF,Omri,Casspi,19.8,15,4100,SAC@MIL,SAC,MIL,,,,
41594,PF,Aaron,Gordon,19.3,14,4100,NY@ORL,ORL,NY,,,,
42148,SF,Rondae,Hollis-Jefferson,16.9,14,4100,BKN@OKC,BKN,OKC,,,,
9731,C,Kosta,Koufos,19,15,4000,SAC@MIL,SAC,MIL,,,,
9458,SG,Tony,Allen,15.8,15,4000,MEM@HOU,MEM,HOU,,,,
12368,SF,Nemanja,Bjelica,18.6,12,4000,ATL@MIN,MIN,ATL,GTD,Knee,,
23169,C,Steven,Adams,17,15,4000,BKN@OKC,OKC,BKN,,,,
12424,C,Timofey,Mozgov,15.7,12,4000,CLE@TOR,CLE,TOR,O,Shoulder,,
15846,SG,Tim,Hardaway Jr.,4.5,1,3900,ATL@MIN,ATL,MIN,,,,
18600,PG,Tyler,Johnson,15.9,12,3900,MIA@DET,MIA,DET,,,,
15691,PF,Cody,Zeller,16.4,12,3900,WAS@CHA,CHA,WAS,,,,
9449,PF,Josh,Smith,14.1,14,3900,UTA@LAC,LAC,UTA,,,,
12357,SF,Quincy,Pondexter,0,0,3900,NO@PHO,NO,PHO,O,Knee,,
9615,SG,Courtney,Lee,16,15,3900,MEM@HOU,MEM,HOU,,,,
9638,PF,David,Lee,14.2,14,3900,PHI@BOS,BOS,PHI,,,,
9647,SF,Thabo,Sefolosha,19.3,13,3900,ATL@MIN,ATL,MIN,,,,
15954,PG,Kendall,Marshall,0,0,3900,PHI@BOS,PHI,BOS,O,Knee,,
9715,SG,Marco,Belinelli,18.1,15,3900,SAC@MIL,SAC,MIL,,,,
15631,SF,Hollis,Thompson,16.2,15,3800,PHI@BOS,PHI,BOS,,,,
9461,PF,Kevin,Garnett,13.2,12,3800,ATL@MIN,MIN,ATL,,,,
9939,PG,Patrick,Mills,16,14,3800,DAL@SA,SA,DAL,,,,
9501,PF,Kris,Humphries,14.3,11,3800,WAS@CHA,WAS,CHA,,,,
22541,C,Kelly,Olynyk,16.5,13,3800,PHI@BOS,BOS,PHI,,,,
12344,PG,Greivis,Vasquez,16.2,14,3800,SAC@MIL,MIL,SAC,,,,
15560,PG,Shabazz,Napier,9.8,13,3800,NY@ORL,ORL,NY,,,,
11104,SF,Alonzo,Gee,10.6,14,3800,NO@PHO,NO,PHO,,,,
9629,PF,David,West,12.7,14,3800,DAL@SA,SA,DAL,,,,
23178,PF,Mirza,Teletovic,11.9,14,3800,NO@PHO,PHO,NO,,,,
9613,SG,Devin,Harris,16.6,14,3800,DAL@SA,DAL,SA,O,Rest,,
9657,SF,Matt,Barnes,15.9,15,3800,MEM@HOU,MEM,HOU,,,,
9680,PF,Amar'e,Stoudemire,8.7,2,3800,MIA@DET,MIA,DET,GTD,Illness,,
58350,SF,Stanley,Johnson,14.2,14,3700,MIA@DET,DET,MIA,,,,
23823,C,Willie,Cauley-Stein,14.4,15,3700,SAC@MIL,SAC,MIL,,,,
23447,PF,Richaun,Holmes,10.3,7,3700,PHI@BOS,PHI,BOS,O,Hamstring,,
16448,PF,Frank,Kaminsky,10.1,13,3700,WAS@CHA,CHA,WAS,,,,
15727,SG,Ben,McLemore,11.2,15,3700,SAC@MIL,SAC,MIL,,,,
9935,C,Brandan,Wright,14.1,7,3700,MEM@HOU,MEM,HOU,O,Knee,,
58084,SF,Justise,Winslow,15.7,13,3700,MIA@DET,MIA,DET,,,,
9495,PG,Jose Juan,Barea,16.2,15,3700,DAL@SA,DAL,SA,,,,
9529,SG,Anthony,Morrow,8.7,14,3700,BKN@OKC,OKC,BKN,,,,
23120,SF,T.J.,Warren,16.2,13,3700,NO@PHO,PHO,NO,,,,
15592,PG,Austin,Rivers,13.6,14,3700,UTA@LAC,LAC,UTA,,,,
23801,SG,Nik,Stauskas,15.8,14,3700,PHI@BOS,PHI,BOS,O,Knee,,
9682,PG,Andre,Miller,11.2,7,3700,ATL@MIN,MIN,ATL,,,,
17218,PF,Andrew,Nicholson,10.8,5,3700,NY@ORL,ORL,NY,,,,
9739,C,JaVale,McGee,13.2,1,3600,DAL@SA,DAL,SA,,,,
37931,C,Aron,Baynes,9.8,14,3600,MIA@DET,DET,MIA,,,,
16335,SG,John,Jenkins,8.3,5,3600,DAL@SA,DAL,SA,,,,
9804,C,Alexis,Ajinca,11.2,13,3600,NO@PHO,NO,PHO,,,,
9968,SG,Jodie,Meeks,1.7,2,3600,MIA@DET,DET,MIA,O,Foot,,
9920,PF,Anthony,Tolliver,9.4,13,3600,MIA@DET,DET,MIA,,,,
9525,PG,C.J.,Watson,13.1,8,3600,NY@ORL,ORL,NY,O,Calf,,
14505,C,Bismack,Biyombo,13.6,15,3600,CLE@TOR,TOR,CLE,,,,
9574,SG,O.J.,Mayo,12.7,3,3600,SAC@MIL,MIL,SAC,,,,
15405,PF,JaMychal,Green,14.4,15,3600,MEM@HOU,MEM,HOU,,,,
11074,PG,Garrett,Temple,10.6,9,3600,WAS@CHA,WAS,CHA,,,,
9669,PF,Jason,Smith,11,9,3600,NY@ORL,ORL,NY,,,,
9677,SF,Jared,Dudley,12.6,10,3600,WAS@CHA,WAS,CHA,,,,
23234,PG,Pablo,Prigioni,5.4,5,3600,UTA@LAC,LAC,UTA,,,,
15782,PG,Russ,Smith,2.9,8,3500,MEM@HOU,MEM,HOU,,,,
59318,SF,Joe,Ingles,7.6,13,3500,UTA@LAC,UTA,LAC,,,,
15792,C,Johnny,O'Bryant,10.2,14,3500,SAC@MIL,MIL,SAC,,,,
9785,SF,James,Jones,5.2,14,3500,CLE@TOR,CLE,TOR,,,,
63123,SF,Mario,Hezonja,7.1,14,3500,NY@ORL,ORL,NY,,,,
23920,PF,Anthony,Bennett,3.6,7,3500,CLE@TOR,TOR,CLE,,,,
9783,C,Joel,Anthony,8.1,1,3500,MIA@DET,DET,MIA,,,,
9778,PF,Josh,McRoberts,9.1,13,3500,MIA@DET,MIA,DET,,,,
16293,SG,Norman,Powell,3.2,8,3500,CLE@TOR,TOR,CLE,,,,
9736,SF,Caron,Butler,5.7,7,3500,SAC@MIL,SAC,MIL,,,,
16301,C,Dewayne,Dedmon,13.9,13,3500,NY@ORL,ORL,NY,,,,
9751,PG,Toney,Douglas,13.1,12,3500,NO@PHO,NO,PHO,,,,
64017,C,Salah,Mejri,2.2,5,3500,DAL@SA,DAL,SA,,,,
9849,SG,Gerald,Green,11,7,3500,MIA@DET,MIA,DET,,,,
16604,SG,Justin,Holiday,7.5,13,3500,ATL@MIN,ATL,MIN,,,,
15858,PF,Branden,Dawson,0,0,3500,UTA@LAC,LAC,UTA,,,,
16348,SG,Darrun,Hilliard,3.6,1,3500,MIA@DET,DET,MIA,,,,
15864,PF,Adreian,Payne,8.3,9,3500,ATL@MIN,MIN,ATL,,,,
15814,C,Alex,Len,12,14,3500,NO@PHO,PHO,NO,,,,
55376,SF,Damjan,Rudez,1.7,6,3500,ATL@MIN,MIN,ATL,,,,
16363,SG,Joe,Harris,1.7,5,3500,CLE@TOR,CLE,TOR,,,,
9796,SF,Luc Richard,Mbah a Moute,3,12,3500,UTA@LAC,LAC,UTA,,,,
16368,SF,Mike,Scott,8.3,14,3500,ATL@MIN,ATL,MIN,,,,
23824,PG,Archie,Goodwin,7.1,10,3500,NO@PHO,PHO,NO,,,,
9895,SF,Steve,Novak,4.2,1,3500,BKN@OKC,OKC,BKN,,,,
16405,SG,Terrence,Ross,9.4,9,3500,CLE@TOR,TOR,CLE,,,,
17491,SF,James,Ennis,0.9,5,3500,MEM@HOU,MEM,HOU,,,,
16411,SG,C.J.,Wilcox,0,0,3500,UTA@LAC,LAC,UTA,,,,
16191,SF,Josh,Huestis,0,0,3500,BKN@OKC,OKC,BKN,,,,
58661,SG,Rashad,Vaughn,4.1,9,3500,SAC@MIL,MIL,SAC,,,,
16183,SF,Jakarr,Sampson,9,15,3500,PHI@BOS,PHI,BOS,,,,
16925,PF,Jarnell,Stokes,1.2,2,3500,MIA@DET,MIA,DET,,,,
16443,PF,Duje,Dukan,0,0,3500,SAC@MIL,SAC,MIL,,,,
9952,C,DeJuan,Blair,4.4,5,3500,WAS@CHA,WAS,CHA,,,,
9956,SG,Wayne,Ellington,7.4,13,3500,BKN@OKC,BKN,OKC,,,,
9962,PF,Jonas,Jerebko,7.6,14,3500,PHI@BOS,BOS,PHI,,,,
9966,SF,James,Johnson,8.7,11,3500,CLE@TOR,TOR,CLE,,,,
58153,SF,Kelly,Oubre,5.7,7,3500,WAS@CHA,WAS,CHA,,,,
15736,C,Jeff,Withey,6.9,6,3500,UTA@LAC,UTA,LAC,,,,
15730,PF,Thomas,Robinson,10.2,14,3500,BKN@OKC,BKN,OKC,,,,
16233,SG,Josh,Richardson,3.9,4,3500,MIA@DET,MIA,DET,,,,
9928,SF,Sonny,Weems,3.9,9,3500,NO@PHO,PHO,NO,,,,
9463,C,Kendrick,Perkins,9.5,3,3500,NO@PHO,NO,PHO,O,Pectoral,,
20805,SG,Troy,Daniels,2.2,5,3500,WAS@CHA,CHA,WAS,GTD,Personal,,
9940,PF,Dante,Cunningham,12.3,14,3500,NO@PHO,NO,PHO,,,,
9459,SF,Paul,Pierce,12.1,13,3500,UTA@LAC,LAC,UTA,,,,
17462,SG,Chris,Johnson,3.2,10,3500,UTA@LAC,UTA,LAC,,,,
9471,PF,Boris,Diaw,13.7,14,3500,DAL@SA,SA,DAL,,,,
9465,PG,Raymond,Felton,14.7,15,3500,DAL@SA,DAL,SA,,,,
9466,PG,D.J.,Augustin,11.8,15,3500,BKN@OKC,OKC,BKN,,,,
15699,SG,Roy Devyn,Marble,1.6,2,3500,NY@ORL,ORL,NY,,,,
9496,PG,Jason,Terry,8.1,12,3500,MEM@HOU,HOU,MEM,,,,
12391,PF,Jeremy,Evans,5,12,3500,DAL@SA,DAL,SA,,,,
58081,PG,Tyus,Jones,2.9,2,3500,ATL@MIN,MIN,ATL,,,,
9503,PF,Drew,Gooden,10.7,6,3500,WAS@CHA,WAS,CHA,,,,
15542,PG,Spencer,Dinwiddie,10.8,6,3500,MIA@DET,DET,MIA,,,,
9490,C,Anderson,Varejao,7.1,12,3500,CLE@TOR,CLE,TOR,,,,
16026,SG,Markel,Brown,6.3,7,3500,BKN@OKC,BKN,OKC,,,,
15548,SG,Andre,Roberson,12.2,14,3500,BKN@OKC,OKC,BKN,,,,
48567,PG,Cameron,Payne,2.5,8,3500,BKN@OKC,OKC,BKN,,,,
15532,SF,K.J.,McDaniels,4.4,5,3500,MEM@HOU,HOU,MEM,,,,
12354,C,Cole,Aldrich,2,4,3500,UTA@LAC,LAC,UTA,,,,
12353,C,Tibor,Pleiss,1.6,4,3500,UTA@LAC,UTA,LAC,,,,
16063,PF,Eric,Moreland,2.5,3,3500,SAC@MIL,SAC,MIL,,,,
41063,PF,Jordan,Mickey,6.1,2,3500,PHI@BOS,BOS,PHI,,,,
9520,PF,Charlie,Villanueva,11.6,13,3500,DAL@SA,DAL,SA,,,,
12364,SG,James,Anderson,5.1,9,3500,SAC@MIL,SAC,MIL,,,,
16059,SG,Jared,Cunningham,6.9,12,3500,CLE@TOR,CLE,TOR,,,,
9513,C,Chris,Andersen,2.9,2,3500,MIA@DET,MIA,DET,,,,
9518,SF,Tayshaun,Prince,7.5,14,3500,ATL@MIN,MIN,ATL,,,,
14539,PF,Jon,Leuer,13.5,14,3500,NO@PHO,PHO,NO,,,,
17894,PF,Mike,Muscala,7.1,10,3500,ATL@MIN,ATL,MIN,,,,
12369,SG,Lance,Stephenson,10.1,13,3500,UTA@LAC,LAC,UTA,,,,
63826,C,Boban,Marjanovic,3.4,7,3500,DAL@SA,SA,DAL,,,,
14532,SF,Kyle,Singler,5.2,14,3500,BKN@OKC,OKC,BKN,,,,
14533,PG,Shelvin,Mack,8.7,7,3500,ATL@MIN,ATL,MIN,,,,
14530,SF,Bojan,Bogdanovic,14.4,14,3500,BKN@OKC,BKN,OKC,,,,
18352,PG,Ray,McCallum,2.2,9,3500,DAL@SA,SA,DAL,,,,
16859,SF,Lance,Thomas,8.7,15,3500,NY@ORL,NY,ORL,,,,
9567,SG,Sasha,Vujacic,10,12,3500,NY@ORL,NY,ORL,,,,
14527,PG,Norris,Cole,0,0,3500,NO@PHO,NO,PHO,O,Ankle,,
21665,SG,Alan,Anderson,0,0,3500,WAS@CHA,WAS,CHA,O,Ankle,,
16089,SG,Lamar,Patterson,9,10,3500,ATL@MIN,ATL,MIN,,,,
9559,SF,Rasual,Butler,7,13,3500,DAL@SA,SA,DAL,,,,
12335,PF,Kevin,Seraphin,7.5,11,3500,NY@ORL,NY,ORL,,,,
15591,C,Miles,Plumlee,4.8,12,3500,SAC@MIL,MIL,SAC,,,,
9551,PF,Tyler,Hansbrough,4.6,4,3500,WAS@CHA,CHA,WAS,,,,
12340,PF,Patrick,Patterson,11.9,15,3500,CLE@TOR,TOR,CLE,,,,
14508,SG,Jimmer,Fredette,1.1,4,3500,NO@PHO,NO,PHO,,,,
17384,C,Kyle,O'Quinn,13.2,13,3500,NY@ORL,NY,ORL,,,,
9540,C,Chuck,Hayes,6.8,2,3500,MEM@HOU,HOU,MEM,,,,
12828,SF,Elijah,Millsap,3.9,8,3500,UTA@LAC,UTA,LAC,,,,
12348,SF,Wesley,Johnson,9.8,14,3500,UTA@LAC,LAC,UTA,,,,
14500,PF,Derrick,Williams,11.8,15,3500,NY@ORL,NY,ORL,,,,
12349,SF,Luke,Babbitt,12.6,11,3500,NO@PHO,NO,PHO,,,,
12350,PF,Trevor,Booker,12.8,12,3500,UTA@LAC,UTA,LAC,,,,
12832,PG,Donald,Sloan,3.7,2,3500,BKN@OKC,BKN,OKC,,,,
15583,SG,Seth,Curry,5,6,3500,SAC@MIL,SAC,MIL,,,,
9589,PF,Udonis,Haslem,5.2,3,3500,MIA@DET,MIA,DET,,,,
42671,SF,James,Young,2.5,2,3500,PHI@BOS,BOS,PHI,,,,
23799,PF,Mitch,McGary,3.3,6,3500,BKN@OKC,OKC,BKN,GTD,Ankle,,
42664,PG,Aaron,Harrison,1.2,1,3500,WAS@CHA,CHA,WAS,,,,
18821,SG,Jonathon,Simmons,4.2,3,3500,DAL@SA,SA,DAL,,,,
23776,PF,Montrezl,Harrell,7.1,13,3500,MEM@HOU,HOU,MEM,,,,
9606,SF,Corey,Brewer,13.2,14,3500,MEM@HOU,HOU,MEM,,,,
42677,PG,Terry,Rozier,4,8,3500,PHI@BOS,BOS,PHI,,,,
9649,PF,Nick,Collison,10.1,12,3500,BKN@OKC,OKC,BKN,,,,
9654,SF,Vince,Carter,9.3,4,3500,MEM@HOU,MEM,HOU,,,,
15925,PG,Phil (Flip),Pressey,11.1,9,3500,PHI@BOS,PHI,BOS,,,,
23220,SF,Chris,Copeland,4.9,11,3500,SAC@MIL,MIL,SAC,,,,
23744,SF,Justin,Anderson,5.2,11,3500,DAL@SA,DAL,SA,,,,
40819,PF,Jarell,Martin,0,0,3500,MEM@HOU,MEM,HOU,O,Foot,,
23757,PG,Brian,Roberts,3.6,7,3500,WAS@CHA,CHA,WAS,,,,
40830,PG,Delon,Wright,1,4,3500,CLE@TOR,TOR,CLE,,,,
55058,SF,Bruno,Caboclo,0,1,3500,CLE@TOR,TOR,CLE,,,,
9685,SF,Martell,Webster,0,0,3500,WAS@CHA,WAS,CHA,O,Hip,,
15961,C,Tyler,Zeller,7.8,10,3500,PHI@BOS,BOS,PHI,,,,
55063,C,Walter,Tavares,1.3,3,3500,ATL@MIN,ATL,MIN,,,,
55061,SF,Damien,Inglis,4.3,5,3500,SAC@MIL,MIL,SAC,,,,
9683,PG,Steve,Blake,8.8,10,3500,MIA@DET,DET,MIA,,,,
9693,PG,Beno,Udrih,10.2,10,3500,MIA@DET,MIA,DET,,,,
15952,PF,John,Henson,12.6,10,3500,SAC@MIL,MIL,SAC,,,,
23248,SG,RJ,Hunter,7.1,9,3500,PHI@BOS,BOS,PHI,,,,
15475,PF,Cory,Jefferson,4.4,1,3500,NO@PHO,PHO,NO,,,,
15947,SF,Reggie,Bullock,1.4,9,3500,MIA@DET,DET,MIA,,,,
15469,PF,Quincy,Acy,5.1,7,3500,SAC@MIL,SAC,MIL,,,,
23716,SF,Kyle,Anderson,7.9,14,3500,DAL@SA,SA,DAL,,,,
23717,SF,Shabazz,Muhammad,10.6,14,3500,ATL@MIN,MIN,ATL,,,,
12474,PG,Patrick,Beverley,10.5,7,3500,MEM@HOU,HOU,MEM,GTD,Ankle,,
42202,PF,Christian,Wood,8.8,11,3500,PHI@BOS,PHI,BOS,,,,
15951,SF,P.J.,Hairston,9.3,11,3500,WAS@CHA,CHA,WAS,,,,
23715,SG,Jordan,Adams,9,2,3500,MEM@HOU,MEM,HOU,O,Knee,,
9679,PF,Louis,Amundson,7.1,7,3500,NY@ORL,NY,ORL,,,,
9678,PF,Channing,Frye,11.6,9,3500,NY@ORL,ORL,NY,,,,
58461,PF,Trey,Lyles,4.7,11,3500,UTA@LAC,UTA,LAC,,,,
58460,SG,Devin,Booker,7.5,11,3500,NO@PHO,PHO,NO,,,,
15996,PG,Jerian,Grant,12.7,15,3500,NY@ORL,NY,ORL,,,,
24244,SF,Cleanthony,Early,2.6,5,3500,NY@ORL,NY,ORL,,,,
40202,SF,Sergey,Karasev,3.1,5,3500,BKN@OKC,BKN,OKC,,,,
42689,PG,Tyler,Ennis,8.4,6,3500,SAC@MIL,MIL,SAC,,,,
40200,C,Lucas,Nogueira,3.5,2,3500,CLE@TOR,TOR,CLE,,,,
23282,SF,Sam,Dekker,1.1,3,3500,MEM@HOU,HOU,MEM,O,Back,,
9723,PG,Ronnie,Price,8.6,12,3500,NO@PHO,PHO,NO,,,,
12423,C,Omer,Asik,7.5,7,3500,NO@PHO,NO,PHO,,,,
9720,C,Andrea,Bargnani,8.2,14,3500,BKN@OKC,BKN,OKC,,,,
12421,C,Tiago,Splitter,11.7,14,3500,ATL@MIN,ATL,MIN,O,Hip,,
40208,PG,Raul,Neto,10.1,13,3500,UTA@LAC,UTA,LAC,,,,
66520,C,Sasha,Kaun,1.7,4,3500,CLE@TOR,CLE,TOR,,,,
9700,C,Spencer,Hawes,12.5,14,3500,WAS@CHA,CHA,WAS,,,,
12445,SG,Gary,Neal,12.7,11,3500,WAS@CHA,WAS,CHA,,,,
9709,C,Matt,Bonner,0.7,3,3500,DAL@SA,SA,DAL,,,,
9706,SF,Richard,Jefferson,11.2,14,3500,CLE@TOR,CLE,TOR,,,,