Player_ID,Id,Position,First Name,Last Name,FPPG,Played,Salary,Game,Team,Opponent,Injury Indicator,Injury Details,LAST_COMMA_FIRST,PROJ_AST,PROJ_BLK,PROJ_FG3A,PROJ_FTA,PROJ_OREB,PROJ_DREB,PROJ_STL,PROJ_TOV,PROJ_REB,PROJ_FGM,PROJ_FG3M,PROJ_FGA,PROJ_FTM,PROJ_MIN,PROJ_PTS,PROJ_DD,PROJ_TD,PROJ_FD,PROJ_DK,PROJ_FD_std,PROJ_DK_std,PROJ_FLOOR_MIN,PROJ_FLOOR_FD,PROJ_FLOOR_DK,PROJ_CEIL_MIN,PROJ_CEIL_FD,PROJ_CEIL_DK,FD_VALUE
201939,9524,PG,Stephen,Curry,47.9,28,10900,CLE@GSW,GSW,CLE,,,"Curry, Stephen",7.2301332812,0.118027082559,9.4010387443,5.05102750538,0.621405500328,3.96624143076,1.91400649275,3.05459170158,5.25726741646,10.2567578441,3.92438679867,19.5874045094,4.56145159564,35.5714285714,28.9993540826,0.212504196688,0.00372062410154,47.1627503532,50.4079955347,61.048955039,67.2365603055,28.0,37.1449463808,39.6988981615,40.0,53.0222206011,56.7393011607,4.32685783057
201935,9644,SG,James,Harden,46.8,30,10600,SAS@HOU,HOU,SAS,,,"Harden, James",5.51602292585,0.534290620143,5.86916096732,7.44756002027,0.783184765582,3.2528471162,1.48021223683,4.15163450347,5.53179884003,7.64418863289,1.99096114125,17.5493148848,6.6623434732,35.1428571429,23.9416818802,0.0626938822455,0.000466915443413,38.7312460875,40.3048667238,34.5676527639,36.5879570471,34.0,37.4741635988,39.0053352803,44.0,48.4736353749,50.4467235905,3.65389114033
2544,9488,SF,LeBron,James,45.7,25,10400,CLE@GSW,CLE,GSW,,,"James, LeBron",6.03198911745,0.425454171666,3.70477039002,8.65237742746,1.50128494849,6.40802791835,1.51117414154,4.03029945435,7.55576447686,11.1388221326,0.986788305388,22.0122117536,6.14222081545,37.0714285714,29.4066533861,0.35758694674,0.0233965252096,47.3645116066,51.2993491935,38.6232245167,38.3875429215,31.0,39.5823699914,42.6336711505,40.0,51.1182505034,55.5424184052,4.55427996217
203076,15755,PF,Anthony,Davis,44.2,25,10400,NOP@MIA,NOP,MIA,,,"Davis, Anthony",1.52648031015,2.31425910037,1.47909502701,7.11438725672,1.96343366459,8.56410236738,1.24294610197,1.97917281089,11.3544913995,9.37611035259,0.433766373178,18.0445066787,5.3192673701,38.0,24.5052544485,0.604066505702,9.4659595807e-05,45.5556021869,47.2024858768,57.4886278266,56.3546333364,20.0,24.1121067955,24.637184621,42.0,50.320823385,52.2086616544,4.38034636412
201566,9642,PG,Russell,Westbrook,48.6,29,10400,CHI@OKC,OKC,CHI,,,"Westbrook, Russell",8.72259706737,0.433988144038,3.29342278638,7.24416636907,2.18133092797,5.3749015795,1.82734103913,3.57176537992,6.78190336029,8.46498035586,0.871105866055,19.451583487,5.7999459023,33.5,23.6010124801,0.603193948792,0.0860439178539,45.7740850999,50.4654500016,54.1353091933,54.3976800657,27.0,37.13939075,40.4737069377,39.0,53.0803649344,59.1920405612,4.40135433653
201142,9646,SF,Kevin,Durant,43.6,23,10000,CHI@OKC,OKC,CHI,,,"Durant, Kevin",3.84586364064,1.28919092886,5.22285201435,5.916884598,0.207464912054,7.1606965468,0.893300972276,2.9953694246,7.74099169274,10.1692715467,2.18151688798,19.280480683,4.8131100367,36.0714285714,27.333170018,0.21458182409,0.00130868883548,43.7607698879,46.5960236391,68.3625227214,70.519684424,28.0,34.0793552741,36.1061091737,41.0,49.6724301389,53.0685216156,4.37607698879
203110,15860,PF,Draymond,Green,38.2,28,9200,CLE@GSW,GSW,CLE,,,"Green, Draymond",6.5434222315,1.20073657083,4.30487923765,3.0756415853,1.74517735129,6.83413513479,1.86591931817,1.74371755815,9.48019262593,5.93706937533,1.73600195001,12.3170108428,2.26437090515,36.9285714286,15.8745116058,0.44154621832,0.0408268235172,41.455470324,43.3280393326,41.3968125599,42.9233370564,29.0,32.3402952028,33.454024719,40.0,44.9865741998,47.2646769556,4.50602938305
201933,9560,PF,Blake,Griffin,41.4,29,9000,LAC@LAL,LAC,LAL,,,"Griffin, Blake",3.49340364551,0.418434062633,0.504530789354,5.79076786775,1.29996923046,5.91607916222,0.497173981162,1.50740815992,7.23910735506,8.42579657996,0.187031822909,15.5619777615,4.14196564195,30.0,21.1805906248,0.193064783597,0.00062108535262,35.4314328468,36.9032449344,39.953959214,39.0624548874,27.0,31.8605437266,33.1949038147,40.0,47.3343965808,49.3836648111,3.93682587186
101108,9623,PG,Chris,Paul,36.2,24,9000,LAC@LAL,LAC,LAL,,,"Paul, Chris",11.0170447872,0.0592564341817,3.81588493235,4.92645995868,0.484116455217,3.05453135525,1.90492304148,2.36309588434,3.51453445202,6.9654448524,1.56481496328,14.2792587314,4.22667019496,33.2142857143,19.722374863,0.648237081491,0.00232568905572,42.0306464533,45.1798029872,33.6128133124,34.2333948506,28.0,35.4221794882,37.8767032681,38.0,48.09595175,51.8157047737,4.67007182814
202695,14513,SF,Kawhi,Leonard,38.7,28,8900,SAS@HOU,SAS,HOU,,,"Leonard, Kawhi",2.69208227171,0.829213311333,3.87024873877,4.00754675972,1.63364336088,5.43216820686,2.5923475687,1.33556649832,7.07084779407,8.05372335507,1.79908730581,14.941106584,3.37723503544,31.8571428571,21.2837690514,0.174181955073,0.000148850179991,39.3144650736,41.4907585656,42.5628836275,43.1792579155,25.0,30.9128861828,32.5777809327,40.0,49.2913400064,52.1915541641,4.41735562624
2200,9570,PF,Pau,Gasol,37.0,25,8900,CHI@OKC,CHI,OKC,,,"Gasol, Pau",3.03146433139,1.94284825762,0.566282002972,3.98044703101,2.53646340569,7.19428594511,0.624882226761,1.74165154479,11.8584247415,6.75021002298,0.176480663029,15.0153571985,3.16203202288,33.3571428571,16.8389327319,0.480905099353,0.000588570893798,39.0100483427,38.625564807,47.6922346529,46.6279132659,25.0,29.5025703293,29.2609502434,36.0,42.0166866888,41.5885115278,4.38315149918
202710,14528,SG,Jimmy,Butler,36.0,26,8500,CHI@OKC,CHI,OKC,,,"Butler, Jimmy",3.68051889394,0.513646562193,3.64458913669,7.32906326298,0.967555068663,4.2097207175,1.98072370362,1.69338802916,5.10701696249,7.22733427589,1.14118831849,16.6011260885,6.10450941769,38.2142857143,21.700366288,0.0429446272254,0.000180912871878,36.6449174863,38.4703397173,30.9639407159,31.0299135915,32.0,30.4928745769,31.9650379168,42.0,40.3927137415,42.4530767043,4.3111667631
201567,9874,PF,Kevin,Love,34.6,26,7800,CLE@GSW,CLE,GSW,,,"Love, Kevin",2.12791363073,0.34301740091,3.70626344409,4.21283672638,2.38442503005,7.05815001983,0.705498678122,2.03313082514,9.34807488231,5.3657590762,1.22568753667,12.2853708162,3.52933539867,29.4285714286,15.4865410877,0.425514473975,3.28051089422e-05,29.9600027255,32.8133109863,24.2092280352,25.8704414331,28.0,28.4763802634,31.1618702829,39.0,39.900273222,43.7810245567,3.84102599045
202355,12363,C,Hassan,Whiteside,33.5,27,7700,NOP@MIA,MIA,NOP,,,"Whiteside, Hassan",0.247689452574,5.06983825868,0.00702146176336,3.49628634651,3.22823295571,8.51154104712,0.508904140625,1.70759077075,11.5117684707,5.92518268602,0.01734770123,9.53705565836,1.98223092098,29.6428571429,13.8499439942,0.661178116182,0.0216257232696,37.4854943658,40.2652032846,44.3622708931,41.8951480061,20.0,25.1678487241,26.5881184665,35.0,44.3286308334,47.9114228512,4.86824602153
202681,14498,PG,Kyrie,Irving,16.2,2,7700,CLE@GSW,CLE,GSW,,,"Irving, Kyrie",3.59413257693,0.0850313690005,2.90159468529,2.86758445806,0.655477772072,1.06636643804,1.15706293901,1.80365518322,1.8565128353,4.64954978099,1.19427546267,11.5383784091,2.51647616242,22.7142857143,13.0098511871,0.00320025535148,4.38742971218e-08,21.3093988876,22.7376545855,10.5833298911,10.8260762022,17.0,16.1228005171,17.166712473,19.0,17.9381099468,19.1158260327,2.76745440099
201599,9561,C,DeAndre,Jordan,32.9,29,7500,LAC@LAL,LAC,LAL,,,"Jordan, DeAndre",0.886758328155,2.46976153492,0.0547204522012,7.9484254989,4.20735038005,10.2465233069,0.597202156316,0.991626309186,13.6107874724,4.28077779694,0.0157201498148,5.8140569441,3.49679404402,33.5,12.0740697877,0.706338987454,0.000178148454386,34.8794533201,38.177566618,25.9693502259,23.9589663881,26.0,27.0240545712,29.3978151781,39.0,40.6400790693,44.4769752535,4.65059377601
2730,9660,C,Dwight,Howard,31.9,24,7400,SAS@HOU,HOU,SAS,,,"Howard, Dwight",1.26054815886,1.4019642801,0.0271819568182,5.90688674231,3.29853878361,7.46541057343,0.832064129166,2.10838329141,10.4388128106,4.44677940491,0.0060940724831,7.8086661667,2.72029542127,28.9285714286,11.6199483036,0.469637024903,1.49787667395e-06,28.3970194417,31.0870794782,40.8015428314,38.6652507232,26.0,25.5040014873,27.746062428,37.0,36.3704591698,40.1828372376,3.83743505969
201936,9692,PG,Tyreke,Evans,34.3,11,7300,NOP@MIA,NOP,MIA,,,"Evans, Tyreke",7.14804038846,0.504992049732,3.48844654264,4.28780522968,1.14937428784,4.50342720907,1.59908597056,2.87349043466,5.95507891815,5.84023441654,1.25308351732,13.5562819484,3.40813652625,34.2857142857,16.3416888766,0.229278114667,0.0106176719165,35.544509767,37.9034741001,27.219070308,27.4600157322,24.0,24.7242443209,26.1570474247,38.0,39.4518278448,42.2753114643,4.86911092699
200746,9688,PF,LaMarcus,Aldridge,29.7,28,7300,SAS@HOU,SAS,HOU,,,"Aldridge, LaMarcus",1.34062178017,1.03969630974,0.456120782156,3.51733656445,2.21112899035,6.07626727728,0.413241354599,1.30737628007,8.04050709415,6.19998427029,0.0626044910173,12.9049919046,2.89124186509,27.7142857143,15.3538148967,0.291225578733,4.94012468311e-07,28.6118551285,30.4443221858,42.407694159,41.2243924761,22.0,22.8550261051,24.0855910687,35.0,35.9518121334,38.6304361083,3.91943220939
977,9566,SG,Kobe,Bryant,27.9,25,7200,LAC@LAL,LAL,LAC,,,"Bryant, Kobe",4.61262571248,0.165625945524,6.8067959599,5.409332304,0.591178741973,3.78144137423,0.758150483596,2.13173638339,4.05642838172,5.80894422496,1.74681978861,17.4463283089,4.20621732048,29.0714285714,17.570925559,0.0323963127017,0.000269442297009,29.0733946606,31.6601366298,29.3150055413,30.8597997188,25.0,24.8469548036,27.0117405429,36.0,36.2657572244,39.6540397051,4.03797148064
202691,14509,SG,Klay,Thompson,28.0,26,7200,CLE@GSW,GSW,CLE,,,"Thompson, Klay",2.8400044568,1.00461881251,7.63237237163,2.70940698443,0.397280875151,3.40221152873,0.729157093809,1.82504649035,3.61920628479,7.8955026065,3.39535283005,16.0073643278,2.39837912605,33.6428571429,21.5847371691,0.00639174402507,4.16576934032e-06,31.8302967183,34.856414455,56.0041273508,61.2454942339,26.0,24.4055180769,26.8314749657,37.0,35.0916480842,38.3858643189,4.42087454421
2547,9718,PF,Chris,Bosh,32.3,27,7200,NOP@MIA,MIA,NOP,,,"Bosh, Chris",1.94013831965,0.918607212763,3.86007249671,4.54403765721,0.858717074855,6.76345104078,0.675701943484,1.00378148643,7.89684144072,6.13888774463,1.20382991241,13.4748192484,3.77066409025,33.5,17.2522694919,0.22471144884,8.14523778932e-06,31.8235235263,33.3159212504,39.4488009622,40.3776281801,28.0,26.6528760054,27.6988177861,36.0,34.173817854,35.8914332368,4.4199338231
2548,9585,SG,Dwyane,Wade,30.3,26,7100,NOP@MIA,MIA,NOP,,,"Wade, Dwyane",4.11125812985,0.47970794601,0.876941728321,3.86723612595,1.12094817138,2.83577107125,0.970935405631,2.12074914477,3.83132272753,7.58872031623,0.263902908876,16.4967285855,2.94905914712,30.0,18.3904026885,0.0166927149138,7.10218001874e-05,29.9354147148,31.5013046596,25.4954802186,24.9625254024,25.0,25.0074718656,26.3243673769,33.0,32.8921804242,34.6179518321,4.21625559363
201565,9475,PG,Derrick,Rose,25.0,24,6300,CHI@OKC,CHI,OKC,,,"Rose, Derrick",5.07901626619,0.215069028709,2.90301427059,2.54969510023,0.415956368341,2.76805062868,0.700028747775,2.02050603509,3.11321799195,5.37083803008,0.771805310538,14.0960386931,1.86643593473,30.5,13.3799173054,0.0300324109982,4.86481477865e-05,24.5439928129,26.2294902026,40.3046446158,40.2023084245,26.0,21.1187841643,22.6438519319,37.0,29.4915164165,31.4557606393,3.89587187507
201586,9957,PF,Serge,Ibaka,27.4,29,6300,CHI@OKC,OKC,CHI,,,"Ibaka, Serge",0.992413634911,2.33445346181,1.63247335543,1.53763775458,2.08233879845,4.94139995972,0.372296827312,1.0763185966,6.87823803017,5.83755641804,0.579190208654,12.0649017018,1.0734041285,30.7142857143,13.3277071732,0.140708494183,2.27831919713e-05,27.4073952434,28.9720685484,35.5492507302,34.8040795018,25.0,22.3499373033,23.5104889561,38.0,33.8556541172,36.0588813736,4.35038019737
1495,9710,C,Tim,Duncan,25.6,27,6200,SAS@HOU,SAS,HOU,,,"Duncan, Tim",2.27905147016,1.64272148002,0.0702803623588,2.14237501316,2.00469252637,5.51674703109,0.850038239681,1.569583851,7.08067140962,3.71189862302,0.0133328018656,7.12081807947,1.59719316622,23.2857142857,9.03432321412,0.117512844645,1.67692428511e-05,24.3656416993,26.2384133557,24.8084012574,23.5312387605,20.0,21.0322425347,22.5360169293,32.0,33.2063960055,36.2916542439,3.92994220957
201583,9772,PF,Ryan,Anderson,26.9,26,6000,NOP@MIA,NOP,MIA,,,"Anderson, Ryan",1.06649090268,0.340645212137,4.79924279421,3.84932184755,1.89378284949,3.7158494236,0.583727701368,1.51266422967,6.02429733869,5.86845870804,1.85052596099,13.0117529019,3.3249130203,31.0714285714,16.9123563974,0.0555775088287,1.11441900627e-08,26.0773311552,27.6251760821,32.3240731,34.1049215992,26.0,21.8677117187,23.1437905398,38.0,31.8285013712,33.814426602,4.34622185919
203903,20640,PG,Jordan,Clarkson,23.7,27,5800,LAC@LAL,LAL,LAC,,,"Clarkson, Jordan",2.60725975903,0.0734502603983,2.97367073845,2.55640448968,1.0351037702,3.06472527466,1.08373320687,1.91480192484,3.91325561296,5.1311434949,1.03337730327,11.8188272566,2.01636666403,32.1428571429,13.3120309571,0.0081011892916,2.99045677202e-06,22.3183923409,24.2335222808,25.4754130546,25.5728876091,27.0,18.8260491922,20.3610122455,38.0,26.2957831491,28.6628451234,3.84799867946
201609,9673,PG,Goran,Dragic,23.4,26,5800,NOP@MIA,MIA,NOP,GTD,Wrist,"Dragic, Goran",5.09732111474,0.260146913672,2.77903291894,2.41495978088,0.659883644652,2.50523628006,0.890904210155,1.97721055831,3.36551129714,5.14863739051,0.755221282521,11.2489230594,1.84199773012,32.2857142857,12.8944937937,0.0296669112056,4.61715313937e-05,24.9039807117,26.2326218628,26.8452384368,26.7999565617,26.0,20.1029391583,21.1059545212,36.0,27.7409598114,29.2815909268,4.29378977788
203944,42669,PF,Julius,Randle,25.8,28,5600,LAC@LAL,LAL,LAC,GTD,Ankle,"Randle, Julius",1.41273975053,0.23369349352,0.404866660819,3.65025727254,2.17777809022,5.97622651563,0.615584521622,1.49361339744,8.33761069585,4.72412551957,0.0434713215301,10.6269380216,2.55211571529,25.2142857143,12.043838076,0.232144544534,5.65244653817e-07,24.3730231696,25.6771569639,32.1026775079,31.1809959616,21.0,20.2733266369,21.2803880607,32.0,30.9742294512,32.8624445878,4.352325566
201950,9663,PG,Jrue,Holiday,22.9,22,5600,NOP@MIA,NOP,MIA,,,"Holiday, Jrue",5.00612072209,0.273597991761,3.15642055498,2.91852084079,0.334043115088,1.84180145595,1.22596999867,2.09591264369,2.3677378643,4.54841778767,1.39156990072,9.8771093468,2.28680120759,25.0,12.7752066837,0.02522268226,2.3390874434e-06,24.0288965411,25.6889991306,22.0255065973,22.6182575215,15.0,14.0097425867,15.0866153308,27.0,26.032727332,27.8275717733,4.29087438234
2772,9538,SF,Trevor,Ariza,23.6,29,5500,SAS@HOU,HOU,SAS,,,"Ariza, Trevor",2.0244158396,0.24433133662,4.59815237496,1.57558438743,0.601066664897,3.98344478362,1.74633377457,1.49622005555,5.36570711972,3.66262574056,1.52254906832,10.0172583491,1.19894453994,34.3571428571,10.0467450894,0.0113854241891,7.53747405712e-07,22.0073275593,22.8255832857,33.6950427648,37.4736703681,28.0,18.0248160313,18.7273272782,41.0,26.1688283694,27.1322201803,4.0013322835
2225,9702,PG,Tony,Parker,23.6,29,5500,SAS@HOU,SAS,HOU,,,"Parker, Tony",4.87623960988,0.144571774743,1.11222003367,2.15882848393,0.279367926899,1.89210576326,0.757027834393,2.1346712304,2.16910190056,4.95932581539,0.425383366857,9.42760746354,1.71704401132,26.1428571429,12.061079009,0.0209009700262,1.89222472551e-06,21.6468886923,23.0696929547,32.8979966708,31.6199903737,21.0,17.4850092037,18.6558222384,32.0,26.3868069989,28.1451019309,3.93579794406
201149,9483,C,Joakim,Noah,22.6,25,5400,CHI@OKC,CHI,OKC,O,Shoulder,"Noah, Joakim",4.42420709577,1.15540290012,0.0179918111427,1.81208088221,3.3134939241,5.14633150585,0.672305099555,1.75908177907,9.558806402,2.43979736254,0.00360797,5.51306749701,0.908051132645,25.2857142857,5.79125382773,0.0729749830569,0.00101290063733,25.7944663741,25.8925265301,19.3023035334,18.4741269332,17.0,17.6898447008,18.0986209533,29.0,29.4275726414,29.4657035398,4.77675303223
101150,9662,SG,Louis,Williams,21.5,27,5400,LAC@LAL,LAL,LAC,,,"Williams, Lou",3.3020019414,0.188127071158,4.80057618629,6.71982513159,0.32719939058,2.36401298553,1.13906202776,1.48828672664,2.73011962041,4.05976403305,1.733067276,10.4119204507,5.55273871002,30.8571428571,15.4053340521,0.00243400475464,9.74942900989e-07,24.8005719799,26.5027748388,46.5227445021,49.8196115497,21.0,16.973750977,18.2061226502,34.0,27.2960801258,29.1509554403,4.5926985148
1626156,58312,PG,D'Angelo,Russell,22.3,29,5300,LAC@LAL,LAL,LAC,,,"Russell, D'Angelo",3.53945091445,0.0731070766072,4.61466386136,1.48140796863,0.799804587761,3.89122521182,0.980679431459,2.17355382223,4.34706318335,4.21083919007,1.49608887155,10.9467405176,1.00374080053,28.6428571429,10.9215080522,0.0168705155155,5.18707288512e-05,21.3811794378,23.8887735996,46.2294300183,49.0423859878,21.0,15.8070579913,17.5180681747,37.0,27.4762468139,30.952436953,4.03418479959
203084,15946,SF,Harrison,Barnes,23.5,17,5200,CLE@GSW,GSW,CLE,O,Ankle,"Barnes, Harrison",0.0,0.09598009,0.21874623,0.0,0.0,0.15641115,0.0,0.3433263,0.0,0.0,0.0,0.45646804,0.0,0.0,0.0,0.0,0.0,-0.15136612,0.2158109675,10.1035428707,10.2945989715,21.0,15.9940765068,16.8602113688,35.0,27.203150588,28.5519205623,-0.0291088692308
203093,15757,PF,Terrence,Jones,19.0,25,5000,SAS@HOU,HOU,SAS,,,"Jones, Terrence",0.69025968425,0.749370419348,1.09292150643,1.79099342266,1.3033110687,3.15625174454,0.334181049728,0.8969330428,4.42710736656,3.32545372033,0.463814414743,7.07980638854,1.16249659116,19.5714285714,8.27721844657,0.00716403979596,8.18450690393e-11,15.8953067082,16.8483511736,38.5792441862,37.8420879246,13.0,10.3817084163,10.9744936363,32.0,26.3231991298,28.1911003925,3.17906134164
201569,9556,SG,Eric,Gordon,23.3,28,5000,NOP@MIA,NOP,MIA,,,"Gordon, Eric",2.95470562538,0.257803956592,7.18288088038,3.33314386094,0.322177698038,1.75724392803,1.03148351877,1.68315511166,2.21690237582,4.85849433182,2.72334635676,12.1089328143,2.89223644471,33.2142857143,15.3325714651,0.000922482659173,5.55162525982e-08,23.3203325932,25.4639613996,39.0956987504,43.1693690999,24.0,16.7057190741,18.2563323099,39.0,27.4736945703,29.9923030735,4.66406651864
2747,9506,SG,J.R.,Smith,19.2,22,4900,CLE@GSW,CLE,GSW,,,"Smith, J.R.",1.76239300979,0.312911368451,4.60390938998,1.11402129908,0.666033956426,2.19186558763,1.05755068797,1.05437155891,2.65357080085,3.5408007839,1.563598347,9.43442555304,0.80827734605,26.5714285714,9.45347726085,0.000426705670102,6.86185826656e-09,16.9679042905,18.6656187916,53.2962685048,58.5711626279,22.0,14.1531438388,15.5848193871,39.0,24.6205342685,27.0526706078,3.4628376103
203991,55059,PF,Clint,Capela,20.9,29,4900,SAS@HOU,HOU,SAS,,,"Capela, Clint",0.576457456413,1.19340068344,0.037141362321,3.01413250917,2.69961586165,4.76275070696,0.850526274066,1.00198533073,7.34411474742,3.20281280753,0.0126713142961,5.96826325831,1.20588157051,20.9285714286,7.62417849987,0.0822367964418,4.72378981465e-08,20.3876709657,21.5333751384,38.7957981246,36.3674776078,11.0,10.6301442213,11.0245351579,28.0,27.3372763448,29.3160026746,4.16074917667
202703,14522,SF,Nikola,Mirotic,20.5,26,4800,CHI@OKC,CHI,OKC,,,"Mirotic, Nikola",1.16334109331,0.371935617219,4.22364021833,2.46207904105,0.802988765398,3.60853439916,0.779723420419,1.14025842963,4.85944874509,2.88851227556,1.32486358431,7.84215942247,1.88382721256,19.2857142857,8.985715348,0.00765056081567,3.42696963712e-09,17.7251251277,18.6522274478,37.1252538323,40.5060154239,15.0,13.9687090627,14.7491136077,30.0,27.1161652903,28.5516788099,3.69273440161
203105,16331,C,Festus,Ezeli,20.9,28,4800,CLE@GSW,GSW,CLE,,,"Ezeli, Festus",0.728341318266,1.19719901702,0.00133434627825,3.3006904496,2.48046724599,3.43790263083,0.460999083987,0.845227179467,6.56777313702,3.40670952745,0.00142837788219,6.10360527036,1.76663824191,20.1428571429,8.5814856747,0.0372621605174,2.12515758558e-08,20.0264944391,20.0223501039,23.4333012694,22.0396848012,15.0,15.2029554691,15.0370838346,27.0,26.4578797324,26.8557366029,4.17218634147
202683,14516,C,Enes,Kanter,21.4,29,4800,CHI@OKC,OKC,CHI,,,"Kanter, Enes",0.631658192874,0.405673251054,0.147376139016,2.56407641384,3.11978395681,5.17997640816,0.221953657346,1.17514013197,8.07225444929,4.63262740056,0.0551847832231,9.07543956571,1.8965478889,21.2142857143,11.2169874732,0.227078755603,3.62071443238e-10,21.9312937865,23.5750694957,30.7044462839,29.2445470746,15.0,15.5343087177,16.622230181,25.0,25.828307679,27.92368225,4.56901953886
201959,9481,PF,Taj,Gibson,18.2,26,4700,CHI@OKC,CHI,OKC,,,"Gibson, Taj",1.3447610952,0.92612170198,0.0521912340594,2.35044790645,2.62668763538,3.45206956484,0.610348881239,0.989624875032,6.33060402694,3.29270931098,0.0119789280687,6.95297974952,1.61627846826,24.1428571429,8.21367601829,0.0390994186351,6.39771792156e-08,19.9108587848,20.4720316742,16.2294688541,15.3965598048,17.0,14.2630463736,14.7098091767,31.0,25.3327586996,26.1382348716,4.23635293294
2590,9484,PG,Mo,Williams,20.9,21,4700,CLE@GSW,CLE,GSW,,,"Williams, Mo",3.29479549285,0.108321870668,2.90005191731,1.51044581481,0.178010340142,1.5841409474,0.502208819374,1.84495838589,2.04135194355,3.7585547711,0.940082029153,8.78943893657,1.3172822602,20.6428571429,9.77447383156,0.00126212297102,2.03155087716e-08,16.5423923973,17.6898726274,42.4573031673,43.55775697,19.0,15.2809958342,16.3294459474,37.0,29.1015146997,31.3089436932,3.51965795687
2736,9479,SF,Luol,Deng,19.8,21,4700,NOP@MIA,MIA,NOP,,,"Deng, Luol",1.68547380322,0.37848012393,3.45600009168,2.76320483693,1.03515874729,3.77421318027,0.888571591279,0.969556391809,4.97768743177,4.61555354554,1.20451581661,9.96260404106,2.01628753359,34.2857142857,12.4519104413,0.019544350029,2.18213437712e-07,22.5178931029,23.6727363781,30.0717307676,31.4185390921,25.0,16.3374808906,17.2188650809,36.0,23.6588922805,24.8701777779,4.79104108571
202697,14515,SG,Iman,Shumpert,15.3,4,4600,CLE@GSW,CLE,GSW,,,"Shumpert, Iman",1.92657597993,0.364985575205,3.22820115547,1.4580377909,0.773356280892,2.8925333004,1.26273311805,1.18340663385,3.43476891853,2.98678840317,1.21424544588,7.42862691087,1.09002050938,24.8571428571,8.27784276161,0.00202669128565,7.05328414621e-08,17.3614601864,19.0239657492,43.6274247673,46.9067157298,14.0,10.0434677862,11.0452855903,27.0,18.8058007917,20.6010204108,3.7742304753
202684,14501,PF,Tristan,Thompson,21.3,26,4600,CLE@GSW,CLE,GSW,,,"Thompson, Tristan",0.888584295786,0.450262564316,0.00946474993804,2.30613512664,2.84997965715,5.50041379534,0.333545625969,0.868250550014,8.21105282002,2.8626132284,0.0143502619403,5.41934290749,1.40452175655,23.0714285714,7.14409847529,0.106627234125,4.03880212296e-09,19.0296041336,20.2155738344,25.8034208416,24.1113696759,20.0,16.6681484014,17.655943593,35.0,28.2008391862,30.4335201758,4.13687046382
200755,9655,SG,J.J.,Redick,19.3,25,4600,LAC@LAL,LAC,LAL,,,"Redick, JJ",1.98813334025,0.0830255609291,5.33055830532,3.08857481595,0.0419407761218,1.52397648249,0.486855193706,1.06668922487,1.64399489694,5.36185227056,2.50797874173,10.987881233,2.76566552116,27.7857142857,15.997348804,4.52373854591e-05,2.36843506867e-10,21.0254149751,22.7974195121,35.5165584481,38.5444767693,21.0,15.8864320122,17.4111669781,33.0,24.9743176729,27.0508501024,4.57074238589
2738,9664,SF,Andre,Iguodala,20.8,28,4600,CLE@GSW,GSW,CLE,,,"Iguodala, Andre",4.34819765714,0.308477158506,2.6248613359,0.998006905567,1.18356472499,3.1535752924,1.29397936645,1.23881519575,4.57042183315,3.07855432888,1.00824513241,6.40815670466,0.601019503983,28.5,7.76637329416,0.0109704561064,7.4517487003e-05,21.7392738338,22.8164020565,25.2715912899,26.2389932126,22.0,16.5942824332,17.4759245639,34.0,26.0927280959,27.3727588911,4.72592909431
203521,20064,PG,Matthew,Dellavedova,20.0,25,4500,CLE@GSW,CLE,GSW,,,"Dellavedova, Matthew",5.08617023566,0.109116769062,3.30929080707,1.14297991762,0.590439421329,1.49649990635,0.858991560575,1.70261985,2.25310858857,3.22403227667,1.3429448309,7.90040543806,0.974754786205,29.0,8.76576417045,0.0170479396366,1.12079230107e-06,19.3323466395,20.7856481051,32.168857336,34.67771629,20.0,13.5476195198,14.5067106381,39.0,25.7598212169,27.8596803146,4.296077031
201579,9553,C,Roy,Hibbert,20.2,29,4500,LAC@LAL,LAL,LAC,,,"Hibbert, Roy",1.20247655783,0.914345741965,0.0866652921119,2.93108189193,1.75148331325,3.87028123804,0.273510167931,1.17418928178,5.6489229759,2.57662120004,0.0287668749078,5.54873931702,2.29670081941,23.0,7.47871009439,0.0216260665797,1.37543148673e-08,17.2626550402,18.1450703777,20.0699236873,19.086719806,21.0,15.7654427837,16.5921909258,32.0,24.0001101947,25.2737520938,3.8361455645
1938,9704,SG,Manu,Ginobili,19.2,25,4500,SAS@HOU,SAS,HOU,,,"Ginobili, Manu",3.12222465906,0.178691104231,3.01025518625,2.02840244847,0.409943503787,2.04910876504,0.97778795379,1.6745957013,2.4147369001,3.06982486336,1.02854196041,6.79396419094,1.52919652605,16.9285714286,8.69738821318,0.000826764720834,1.73037451671e-07,16.9167718966,18.4457124496,22.513485665,23.5612995771,12.0,12.3679855958,13.6225257492,25.0,24.3662335197,26.3639092474,3.75928264369
202700,14519,PF,Donatas,Motiejunas,9.8,10,4400,SAS@HOU,HOU,SAS,,,"Motiejunas, Donatas",1.18936884743,0.173431225765,1.16382896535,1.31815058108,0.792185193753,2.59669488108,0.6535017346,1.69285587123,3.37410323054,3.11545054291,0.460276685639,6.33099885266,0.832166086879,18.1428571429,7.52334385833,0.000977825080753,5.22379836963e-10,13.3173310556,14.5825402901,42.3078749786,41.3611577978,7.0,4.81535661099,5.24193490416,23.0,17.0233199161,18.6634790468,3.02666614901
202397,12511,PG,Ishmael,Smith,22.1,27,4400,NOP@MIA,NOP,MIA,,,"Smith, Ish",1.34856920768,0.0862862031105,0.29698814982,0.393311098086,0.10875017785,0.828168936104,0.300947849808,0.773812681082,0.947218488699,0.916189879305,0.000495813412576,2.51205918091,0.312238151325,6.64285714286,2.14511372335,9.935482118e-09,5.88478101793e-16,5.30528514606,5.72692611421,35.5737070074,33.7560349698,4.0,2.90373139948,3.31742378081,38.0,35.1585761415,36.9954717297,1.2057466241
101106,9601,C,Andrew,Bogut,20.5,21,4300,CLE@GSW,GSW,CLE,,,"Bogut, Andrew",2.44976034908,1.39869946586,7.80361462331e-05,1.04237717714,1.66063081077,5.05234427677,0.497592825489,1.16135610837,7.5537023964,2.71189493221,0.0011289396725,4.32606738775,0.407994621602,20.7857142857,5.83291342569,0.0271316294329,6.4662812839e-06,21.2032252993,21.1519606501,11.6862673448,10.5691799699,15.0,15.6170296364,15.4156850991,27.0,27.2032132335,27.4330121031,4.93098262775
2399,9547,SF,Mike,Dunleavy,0.0,23,4200,CHI@OKC,CHI,OKC,O,Back,"Dunleavy, Mike",2.0855509247,0.238468541374,4.5954904376,1.56880962244,0.488480454152,3.78797371215,0.715660023968,1.08649408346,4.17391948702,3.40532340849,1.86655458355,8.25094922769,1.23921822372,30.9285714286,9.91641962425,0.00726572311958,4.7334825107e-07,18.8752124429,20.6995011046,92.0410103508,101.119195175,20.9285714286,12.3887107177,13.569995757,35.9285714286,22.1184633055,24.2811387385,4.4940982007
201976,12474,PG,Patrick,Beverley,17.0,23,4200,SAS@HOU,HOU,SAS,,,"Beverley, Patrick",2.93080037977,0.36226542136,4.05351928452,0.934722978986,0.605444043664,2.45037306967,1.21654406658,1.45272590521,3.44918308755,3.6391125472,1.59956883787,9.29533411112,0.648774258455,29.8571428571,9.52656819073,0.00120165614399,6.4292707226e-07,19.7666815361,20.9753850073,60.1166532259,66.8874678855,12.0,8.53968003425,9.05226293933,34.0,22.3713458845,23.7444820527,4.70635274669
203079,16220,SG,Dion,Waiters,17.7,29,4200,CHI@OKC,OKC,CHI,,,"Waiters, Dion",1.72571034693,0.171647939645,2.5922134353,1.8018470482,0.567246954055,2.24606257806,0.899332701287,1.15793820419,3.11933923869,4.14653367368,0.897745163984,10.4114637887,1.44856875439,27.2857142857,10.6393812657,0.000452381263783,6.04899517891e-09,17.9551769502,18.7571270531,29.0986544142,29.678656695,21.0,13.8332856838,14.5003279359,35.0,23.0138616863,23.9847390593,4.275042131
101123,9849,SG,Gerald,Green,16.6,21,4100,NOP@MIA,MIA,NOP,,,"Green, Gerald",1.1305718782,0.526334221509,5.43170057136,2.09775353778,0.529184850021,2.39845520078,0.562374588061,1.07386126436,2.87134884792,5.380846227,2.03737151066,12.5504514513,1.61901004322,30.1428571429,14.4180740079,0.000781755440977,2.64729179502e-10,20.6631067975,22.433827265,63.384044962,68.8506036665,16.0,11.1406443872,12.1530133714,36.0,24.6067528462,26.694329766,5.03978214573
203500,23169,C,Steven,Adams,17.3,29,4100,CHI@OKC,OKC,CHI,,,"Adams, Steven",0.720976841796,1.30877032593,0.0114130514434,2.00535347309,3.175236787,4.15957865006,0.391717613582,0.791908257961,7.01391039287,2.72202643993,0.00338792119159,5.4379477089,1.19066458764,25.4285714286,6.6381053887,0.0560768428103,7.00714660455e-08,18.7453307439,19.9789211328,20.6555791734,19.1863700809,14.0,10.3624001965,11.1766573603,31.0,22.8320093858,24.4016616806,4.57203188876
202347,12357,SF,Quincy,Pondexter,0.0,25,3900,NOP@MIA,NOP,MIA,O,Knee,"Pondexter, Quincy",1.62726500461,0.403891533123,3.83710489243,1.81978434079,0.926213588764,2.01016751577,0.24717243105,0.940582929823,2.97454119979,2.89348442122,1.35514766432,7.03432316084,1.3137031318,27.5714285714,8.45581963856,0.000434505288989,3.55470028339e-09,14.8277115837,16.0772555903,79.2595668199,86.4711081149,17.5714285714,9.54399807721,10.3594142836,32.5714285714,17.469568337,18.9380328289,3.80197732917
201977,9955,SG,Marcus,Thornton,17.7,27,3900,SAS@HOU,HOU,SAS,,,"Thornton, Marcus",1.09554962367,0.13896818481,2.96850464884,0.801363720634,0.47320525062,1.50455904277,0.695506814553,0.583408781186,2.25110423868,3.14968294159,1.1151597566,7.8665254511,0.704649719964,17.1428571429,8.11917535975,1.82512419587e-05,4.689969737e-12,13.5493660992,14.1695580253,43.58455967,47.0226044473,6.0,5.05679128172,5.43529726586,37.0,28.6835699406,29.7472876866,3.47419643569
201988,9939,PG,Patrick,Mills,15.7,30,3900,SAS@HOU,SAS,HOU,,,"Mills, Patty",2.31207275744,0.0890802954243,3.6455597509,0.542316054889,0.306671646639,1.61817403759,0.973656967739,1.32763286209,1.92341593003,3.20030131732,1.20555822954,7.52237342522,0.385042124125,20.2857142857,7.9912029883,7.66283325279e-05,2.12485433519e-09,14.5652529047,15.9299213887,12.5687822675,13.5920873436,17.0,12.2855666106,13.4676700678,25.0,17.8361071528,19.4632531219,3.73468023198
201147,9606,SF,Corey,Brewer,14.1,30,3800,SAS@HOU,HOU,SAS,,,"Brewer, Corey",1.1971873248,0.121127582608,1.92098829401,1.42794086912,0.428401107043,1.41555998366,0.897965120642,0.944922852475,2.06802122789,1.91053788396,0.480706484386,5.52641631369,1.09400667941,16.5714285714,5.39578893172,4.17202564966e-06,2.46876917743e-12,10.7664579464,11.3026047628,30.4648715546,31.6836641585,14.0,9.10758750714,9.66190175367,29.0,18.7843317362,19.2333371858,2.83327840695
1626171,42156,PF,Bobby,Portis,12.8,6,3800,CHI@OKC,CHI,OKC,,,"Portis, Bobby",0.731882156657,0.204216535144,0.881547257211,1.16631395944,0.751444503064,1.65420574043,0.459908603399,0.554960218578,2.39510671667,2.76180013024,0.280253806386,6.33899726018,0.744990848471,10.25,6.54884491533,5.58507243704e-05,3.53863828542e-13,11.2940862688,11.8447118018,34.2009509299,32.9247657925,2.0,2.86473252941,3.21366057953,23.0,24.3212693207,25.2293595183,2.97212796548
2746,9449,PF,Josh,Smith,14.9,28,3800,LAC@LAL,LAC,LAL,,,"Smith, Josh",1.29711412378,0.871876124439,1.28028324786,1.6480905742,0.805208462944,2.78498052994,0.402363449299,0.925726305988,3.22511908445,1.98865798167,0.327143012627,4.87090752198,0.760879890872,12.2857142857,5.06533886683,0.000569950400308,6.73143958103e-10,12.5039057953,13.748788722,13.8385025174,13.9432353909,11.0,11.173590656,12.3196362191,19.0,19.4511070785,21.2394966645,3.29050152509
101138,9659,PF,Brandon,Bass,12.8,24,3700,LAC@LAL,LAL,LAC,,,"Bass, Brandon",0.687809173369,0.260209807661,0.128657634788,1.17448919633,1.26620209597,2.03252890914,0.291729648575,0.594645610267,3.14561736046,2.13383065345,0.0167099854167,3.95970200653,0.917590386402,12.6428571429,5.20196167872,0.000311509092227,1.09072305739e-12,10.5176495735,11.1724675588,18.0999156336,16.6201587433,5.0,4.08601566996,4.61251814714,23.0,19.2052811183,20.0800845496,2.84260799285
204020,18600,PG,Tyler,Johnson,15.5,20,3700,NOP@MIA,MIA,NOP,GTD,Shoulder,"Johnson, Tyler",1.56669225091,0.347845667604,1.43046378978,1.9209271768,0.746037541763,1.74949200445,0.789419431632,0.981806796278,2.37190635473,2.92086243288,0.656511409697,5.68730175752,1.48345795783,20.3571428571,7.98169423328,0.000115601160476,6.76028484312e-10,14.4707436375,15.5632004514,20.5811057549,20.6119036869,17.0,12.1449880487,13.0828564205,29.0,20.4583271748,21.9519588098,3.91101179392
2757,9693,PG,Beno,Udrih,9.1,21,3700,NOP@MIA,MIA,NOP,,,"Udrih, Beno",3.00584669099,0.0550888619156,1.13005132814,0.770933777851,0.17263492259,1.40480275122,0.286756371353,1.05837392943,1.75880656598,2.80312037971,0.340374324015,5.75323032855,0.756865920799,18.5,6.70348100424,0.000324078750307,2.03771828966e-09,12.948135457,13.5092249211,32.4569359704,31.3730992488,6.0,4.36431789146,4.52151276193,22.0,15.3516043754,16.0608565384,3.49949606946
202389,12424,C,Timofey,Mozgov,14.2,23,3700,CLE@GSW,CLE,GSW,,,"Mozgov, Timofey",0.784412006814,0.681059772221,0.146240860068,2.22173160075,1.46971134561,3.43300745565,0.318694817672,1.41299906344,4.79521300074,3.27367048263,0.0474099986045,6.29744179394,1.76123646724,19.8571428571,8.35598743111,0.0128508875259,1.94449275145e-10,15.8733711586,16.9969949221,21.3256336598,19.9563074106,11.0,9.36910557712,10.0740337311,25.0,19.6500414962,21.0765486385,4.29010031313
201166,9534,PG,Aaron,Brooks,13.9,18,3600,CHI@OKC,CHI,OKC,,,"Brooks, Aaron",2.48785169429,0.18293885523,3.27837567487,1.55748234076,0.557404203311,1.646415263,0.430582368011,1.01694170886,1.89062972073,3.08666849701,1.26362546839,7.5909803568,1.23686458165,16.4285714286,8.67382704406,0.000176375949958,1.30449116765e-08,14.884460988,16.5110278477,23.7949399428,25.3441074323,7.0,7.1046270601,8.22826679606,21.0,18.6565016803,20.528385588,4.13457249666
202332,12354,C,Cole,Aldrich,5.4,7,3600,LAC@LAL,LAC,LAL,,,"Aldrich, Cole",0.413473256484,0.350462296831,0.0502499962752,0.854474672167,0.433076871756,1.89763198231,0.231889986446,0.346604159776,2.01882606824,0.737337083603,0.0148339803657,1.6123209913,0.285364794074,5.71428571429,1.77487294165,4.74277638409e-07,1.58200035785e-17,5.63577451504,6.30728908223,11.6752721485,10.518309602,0.0,0.122368435,0.6756051075,14.0,14.1092394781,15.3199049616,1.56549292085
203492,18352,PG,Ray,McCallum,4.8,12,3600,SAS@HOU,SAS,HOU,,,"McCallum, Ray",1.10667069789,0.114421612078,0.940391083854,0.480871860438,0.205391616299,1.02642551145,0.271698692611,0.849835562105,1.22209487056,1.27503749657,0.25790998565,3.4576163078,0.329473294485,8.85714285714,3.13745827328,3.72984222698e-08,7.51886810127e-15,6.18638321205,6.8135136069,14.2874879094,13.7656085165,1.0,1.18116227233,1.46309425595,23.0,15.2811543431,16.5307752967,1.71843978113
201575,9549,SG,Brandon,Rush,10.0,20,3600,CLE@GSW,GSW,CLE,,,"Rush, Brandon",1.05897404653,0.567265654076,2.85317829026,0.585108174224,0.503486921868,3.07151083367,0.388531437149,0.831446503937,3.43268853602,2.02813725571,1.16725761539,5.04263316965,0.333133007129,21.1428571429,5.55666513394,0.000789082702668,1.48319847546e-10,12.3445001255,13.6945567608,37.377800117,41.3394045232,6.0,2.89251771216,3.56872545224,25.0,14.7520805515,16.2770495407,3.42902781263
202087,11104,SF,Alonzo,Gee,10.7,28,3600,NOP@MIA,NOP,MIA,,,"Gee, Alonzo",1.20317772684,0.299465525203,0.94397563647,1.00602455813,0.836148312163,2.0666038091,0.893091707036,0.986657277995,2.94875431279,1.96207272532,0.337047624373,3.96834911753,0.721777313575,21.4285714286,4.98297038858,0.000119958492672,7.54643954283e-11,11.7246993407,12.4766667061,30.0476350252,28.8307161303,10.0,5.61006429498,5.98954813896,33.0,17.9157673244,19.0543842852,3.25686092797
2561,9629,PF,David,West,13.6,30,3600,SAS@HOU,SAS,HOU,,,"West, David",1.77819101689,0.544526370212,0.15665085934,1.30410922472,1.01485786963,3.38103209267,0.633859584093,1.2669023954,4.27800283992,3.06282263665,0.0411379242517,5.87238743598,0.929651132812,17.4285714286,7.09643433036,0.00474545940114,8.29608799968e-08,15.9871937768,17.0095914196,24.2740598373,22.7559560032,9.0,8.58996750388,9.05120744022,25.0,22.6321597508,24.243990954,4.44088716022
203926,18256,SF,Doug,McDermott,12.4,26,3600,CHI@OKC,CHI,OKC,,,"McDermott, Doug",0.54487584261,0.0615347292538,3.53249602582,0.439750217229,0.521393886414,2.05415922185,0.162126800187,0.829342061025,2.50986048828,3.61620310284,1.47509967733,8.23147148132,0.419600040407,22.0714285714,9.12710592342,0.00018002885048,6.98051846e-14,12.5742332711,13.934332983,42.0039252612,44.8733041232,15.0,8.06320886319,9.18034202869,30.0,17.6320485164,19.2666736574,3.49284257531
2405,9680,PF,Amar'e,Stoudemire,7.6,3,3600,NOP@MIA,MIA,NOP,,,"Stoudemire, Amar'e",0.670861228316,0.46515149276,0.0574697270878,1.87467690036,1.25329445254,1.9742094025,0.305734152082,0.594576391148,3.64531298867,3.104027508,0.000105614031691,5.58958416903,1.39849924224,14.3571428571,7.60665987227,0.000699733506359,1.99885850363e-12,13.9345221997,13.8929170349,7.21011755723,6.71426468668,7.0,6.97058044997,6.76555083035,12.0,11.7033563964,11.6088368613,3.87070061102
201951,9964,PG,Ty,Lawson,14.8,27,3600,SAS@HOU,HOU,SAS,,,"Lawson, Ty",3.58237714049,0.147882968907,1.28727538539,1.43886223647,0.359864753774,0.929681745851,0.693498030072,1.33875798588,1.46163619706,1.81653861103,0.361807156085,5.37451711279,1.04939744447,18.9285714286,5.04428182262,0.000548228375632,6.00404333703e-10,12.5158149819,13.2248895853,54.4559071766,55.2356142396,12.0,8.29881137503,8.76466654574,41.0,25.9493625543,27.6312067245,3.47661527275
2564,9471,PF,Boris,Diaw,13.7,30,3600,SAS@HOU,SAS,HOU,,,"Diaw, Boris",2.175459642,0.450200020579,1.29647783307,0.668500165222,0.933274954297,2.78522714485,0.445173793749,1.29681655407,3.61112077239,3.01128444701,0.301557759938,5.95888230457,0.673594100827,20.0,6.99772075478,0.00161172300519,1.45855325931e-07,15.0881862192,16.2045740954,19.1153677519,18.3938809332,14.0,10.7843263785,11.515425748,25.0,18.6747360865,20.1240417206,4.19116283867
1626159,58084,SF,Justise,Winslow,13.9,27,3500,NOP@MIA,MIA,NOP,,,"Winslow, Justise",1.10191332565,0.32113739284,1.38357073321,1.39419974282,0.709271633318,3.39567471816,0.533142691001,1.171514749,4.24309588578,1.96368430651,0.374781414029,4.74780863533,0.970715375492,24.5714285714,5.27286540255,0.00153724931487,4.12867164324e-10,12.5544958726,13.3694177058,16.4489458249,16.4865978908,18.0,9.11610650729,9.76867685181,34.0,17.487837136,18.5629840046,3.58699882076
1891,9496,PG,Jason,Terry,9.6,24,3500,SAS@HOU,HOU,SAS,,,"Terry, Jason",1.23850848618,0.144984731336,2.7452574946,0.687343571721,0.18147472714,1.00964488906,0.727902246325,0.897278537236,1.10639767829,1.80015377754,0.943795731581,4.45976084586,0.531509059084,16.7142857143,5.07561234575,2.13610423147e-07,6.84542269672e-14,9.10954770705,10.1913074682,28.893384006,32.2804094241,6.0,3.31878607432,4.12586060119,29.0,15.7496210459,17.1464068082,2.6027279163
203135,18702,C,Robert,Sacre,9.6,11,3500,LAC@LAL,LAL,LAC,,,"Sacre, Robert",0.897304639072,0.498996753077,0.0397527608945,2.05119783933,1.61100366451,2.41784862151,0.286996803942,0.822950473996,3.93056538451,2.19691598365,0.029516508151,5.18888318263,1.19496805623,19.7857142857,5.61831653169,0.00150466594356,6.24918181631e-11,12.4299885917,13.177865978,30.5998768651,29.2050719207,4.0,2.54859629974,3.01415426571,27.0,16.9459190057,17.8478170339,3.55142531193
2760,9490,C,Anderson,Varejao,6.1,22,3500,CLE@GSW,CLE,GSW,,,"Varejao, Anderson",0.429569451258,0.0676115001381,0.113656419074,0.780926501996,0.831914508467,1.7479241178,0.199108122461,0.599021507561,2.20805518807,0.840210751984,0.0466893963526,2.27732556611,0.598897100493,7.64285714286,2.32600800081,3.07208835257e-06,1.2272435511e-16,5.55444614102,6.45243825826,11.7221543211,10.6646345988,4.0,2.7948100025,3.58515679453,14.0,10.675744142,11.7634442944,1.58698461172
204028,17332,C,Tarik,Black,9.3,8,3500,LAC@LAL,LAL,LAC,,,"Black, Tarik",0.354835195686,0.228491561616,0.0492480589034,1.69942328484,1.2971655676,3.05930619782,0.154847677734,0.74066145002,4.34054375825,1.81947770361,0.032274184446,3.25742014899,0.979386129294,13.0714285714,4.65061572096,0.0014152738289,9.06776076719e-15,10.4175380531,11.0430659779,23.4151691056,21.3789761434,2.0,1.63181283845,2.06141441431,18.0,14.328602826,15.0673881868,2.97643944373
203460,15548,SG,Andre,Roberson,12.7,28,3500,CHI@OKC,OKC,CHI,,,"Roberson, Andre",0.863989748404,0.567417403655,1.20925912094,0.808101811025,0.871122890203,2.04709594601,0.764016164666,0.516718287551,3.35051480239,1.64748931685,0.348969584958,3.61753291333,0.581029944201,20.5,4.22497816286,8.03960405419e-05,3.14437486933e-12,11.6877293974,11.7478497102,18.8637369396,18.485894235,15.0,8.56874440006,8.67122090075,30.0,17.0750671201,17.0660279873,3.3393512564
2592,9785,SF,James,Jones,6.3,23,3500,CLE@GSW,CLE,GSW,,,"Jones, James",0.645226342589,0.192253870979,3.26047457572,1.03730645938,0.17596216213,1.33172232756,0.361370725764,0.383799531282,1.38960807757,1.43356019799,1.17834287712,4.11939414748,0.852429210987,13.2857142857,4.89789248408,6.80510158195e-07,1.31099036318e-15,8.25671135325,9.25485949724,24.6475867067,28.391895887,3.0,2.33443869138,2.67887210501,15.0,9.24375679689,10.3508597706,2.35906038664
1626166,48567,PG,Cameron,Payne,5.0,14,3500,CHI@OKC,OKC,CHI,,,"Payne, Cameron",0.775576665839,0.166138596424,0.802096164671,0.25861843581,0.142361137543,0.875992525295,0.42504447222,0.328279368792,0.834197476828,0.916168103282,0.286303088753,2.42617930455,0.234618061497,4.64285714286,2.35325735681,2.35053390641e-09,2.34268721538e-17,5.37174609626,5.95094243491,6.03145062617,6.05124079962,1.0,2.15517824512,2.50363003891,10.0,10.1019929362,11.0205291979,1.53478459893
203909,15532,SF,K.J.,McDaniels,3.2,10,3500,SAS@HOU,HOU,SAS,,,"McDaniels, KJ",0.286991818726,0.16930834615,0.481292617157,0.650396457936,0.254205949816,0.696448553334,0.206904380472,0.427328091803,0.671137980098,0.355644548194,0.0758860827829,1.34692351384,0.446844643781,4.14285714286,1.23401982295,6.0893356369e-11,5.12910180135e-23,2.7949704886,3.4295301288,4.89699846716,4.86239128241,1.0,1.18025202597,1.85455944575,15.0,9.92065430148,10.5062481844,0.798562996743
2550,9478,SG,Kirk,Hinrich,9.0,17,3500,CHI@OKC,CHI,OKC,,,"Hinrich, Kirk",1.45384621629,0.0556614815201,1.28570137922,0.57734725766,0.174216151735,0.891992519957,0.442659138799,0.77687242636,1.09799358106,1.15675581803,0.540758533447,3.00803765454,0.440008330926,13.9285714286,3.29427850043,1.67382798518e-07,3.13659501881e-14,7.01240893641,7.68639320973,13.088532598,13.8985307174,9.0,4.11121735506,4.49624598659,26.0,14.118225998,15.5002834183,2.0035454104
201177,9778,PF,Josh,McRoberts,10.0,20,3500,NOP@MIA,MIA,NOP,O,Knee,"McRoberts, Josh",0.30230495,0.0,0.02373065,0.0,0.11369492,0.0,0.08299571,0.04112703,0.0,0.0,0.0,0.16278633,0.0,0.0,0.0,0.0,0.0,0.578321815,0.74100398,11.186833356,11.0723257955,10.0,6.44854498854,6.40877955099,24.0,15.0150966235,15.4352255442,0.165234804286
201627,9529,SG,Anthony,Morrow,8.1,27,3500,CHI@OKC,OKC,CHI,,,"Morrow, Anthony",0.517049355212,0.12220665144,2.21790511861,0.592193501285,0.339654384497,0.784436696665,0.419822575394,0.250599260616,1.13358467033,1.7245983218,0.964235943658,4.40018154313,0.55712821307,13.7142857143,4.97056080034,5.02952409142e-08,1.34404886103e-17,7.93989563061,8.59212555524,22.5934287173,24.8837077589,5.0,2.93441739116,3.31092512969,24.0,13.8480010936,14.8256913008,2.26854160874
202734,14554,PG,E'Twaun,Moore,8.5,22,3500,CHI@OKC,CHI,OKC,,,"Moore, E'Twaun",0.639040902008,0.0874147087673,0.551518258086,0.479937159016,0.211313333018,0.761544706697,0.375176337522,0.493744417376,1.01682475286,1.05997934428,0.118849235661,2.59004093563,0.24725947758,10.5714285714,2.48606740179,1.34766928262e-09,2.33031702511e-18,5.09625613344,5.39843580819,13.7491196239,13.4730911032,9.0,4.16231646158,4.39837592042,23.0,12.4828699018,13.3080440664,1.45607318098
201156,9737,SG,Nick,Young,12.1,25,3500,LAC@LAL,LAL,LAC,GTD,Illness,"Young, Nick",0.645055100171,0.15406820074,5.5495824814,1.9417460871,0.329626295601,1.36515631907,0.376210925183,0.68218673662,1.66863594853,3.27923524339,2.13441440326,9.06966127558,1.66219580982,21.1428571429,10.3550806999,7.14908540775e-06,1.37677602138e-14,13.7033980036,15.2278244272,29.6901980218,33.1752981041,14.0,8.70060513751,9.62823603329,27.0,17.8056881538,19.8195931392,3.91525657245
203099,16059,SG,Jared,Cunningham,6.5,22,3500,CLE@GSW,CLE,GSW,,,"Cunningham, Jared",1.12153198064,0.0691301605129,1.57701310455,1.93768023879,0.173177480657,1.30890174699,0.605797535745,0.917432760231,1.36476957032,1.57200165981,0.510869906645,4.37629631283,1.35672062859,14.8571428571,5.01159385485,5.59890458906e-07,1.62783566079e-13,8.76403794249,9.69306566593,45.9032827782,47.1768909766,1.0,1.15613321733,1.4223372656,27.0,15.4307585779,16.9937448042,2.50401084071
201980,9758,SG,Danny,Green,15.9,30,3500,SAS@HOU,SAS,HOU,,,"Green, Danny",1.61973235841,0.473227276099,3.87513168421,0.607072222182,0.463095849434,2.72653645922,0.821743257998,1.05183656384,3.27473606244,2.27032033643,1.18510390332,6.32516557406,0.455114300261,21.2857142857,6.18085887645,0.00044107872876,3.49063958983e-09,14.0782451933,15.2547341664,14.4823989612,16.1207894404,20.0,13.3059627211,14.4467475693,33.0,21.1145966069,22.6327872341,4.02235576953
2365,9513,C,Chris,Andersen,3.8,3,3500,NOP@MIA,MIA,NOP,,,"Andersen, Chris",0.558827570735,0.509243932545,0.160614649806,0.837376487494,0.687716437623,1.48521189708,0.241425439139,0.30453206122,2.52139426955,1.01957550984,0.0513366671807,1.81726589469,0.57663376691,9.35714285714,2.66712145376,1.39265706138e-06,9.70386319319e-16,7.72784261547,7.59626636357,6.57792103391,5.91196221638,2.0,1.92854266361,2.13344055302,10.0,8.23612023168,8.1207263117,2.20795503299
202362,12369,SG,Lance,Stephenson,10.4,27,3500,LAC@LAL,LAC,LAL,,,"Stephenson, Lance",1.87339231273,0.0448612845437,1.13813618836,0.941071881715,0.518462217961,2.18697457756,0.559607217474,1.14300385313,2.64900658317,1.97113422149,0.332694948855,4.59617550907,0.702543181641,16.5,4.97750657348,7.4188305896e-05,1.90698031494e-09,11.0323360933,11.9732848771,15.1876974755,15.0750337187,7.0,4.7526452736,5.16686545827,26.0,17.3788097652,18.853981533,3.15209602665
201962,9751,PG,Toney,Douglas,11.8,17,3500,NOP@MIA,NOP,MIA,,,"Douglas, Toney",0.966589590461,0.0960763797728,1.34494747674,0.688342377112,0.203632311561,0.893563304716,0.605520115113,0.886315498466,1.11693680309,1.23023235634,0.447522057063,3.27211045544,0.586041662168,10.5714285714,3.49402843192,1.86227934829e-08,1.17220046709e-15,6.80111447262,7.49920363496,30.7288318677,32.0138622665,5.0,2.6797089336,3.14569806795,25.0,17.474498048,18.7742575463,1.94317556361
1626246,63826,C,Boban,Marjanovic,6.7,15,3500,SAS@HOU,SAS,HOU,,,"Marjanovic, Boban",0.362282823503,0.395309132382,0.146663444833,1.05171822864,0.939899035295,1.09072717896,0.218472288414,0.616964851405,1.99292482337,1.52139620447,0.0331950763907,3.13690725413,0.902503441185,6.28571428571,3.97849092651,3.18810988895e-06,8.19932781546e-17,7.52402294,7.99588066583,3.94864192748,3.61246040808,1.0,1.82094705295,1.75937600536,15.0,16.9263912943,18.3054074481,2.14972084
202713,14532,SF,Kyle,Singler,4.5,23,3500,CHI@OKC,OKC,CHI,,,"Singler, Kyle",0.193526754646,0.102286445576,0.771605636234,0.788081606799,0.126642086458,0.741151930303,0.359868559342,0.220069241096,0.918344100624,0.454180706437,0.204018946597,1.53576436263,0.630105104893,7.35714285714,1.74248546436,1.42813918305e-10,1.03628984203e-21,3.83902928582,4.03380298009,15.8423441359,16.9570136961,3.0,1.85815298985,1.88424146267,19.0,9.13219053571,9.77773174972,1.09686551023
202708,14527,PG,Norris,Cole,12.7,11,3500,NOP@MIA,NOP,MIA,,,"Cole, Norris",1.99096845262,0.135417662187,2.10744902854,1.10597572753,0.0662705896425,1.818937038,0.545132656983,1.3032093195,2.08043842468,2.32673774988,0.45630280892,6.4336587405,0.742941520203,19.8571428571,5.85271982888,1.5593825777e-05,2.71785162867e-10,11.3935899363,12.133352817,20.9520708086,21.1963226057,16.0,8.98251357948,9.62862017775,29.0,17.1087338931,18.0717233141,3.25531141036
2446,9559,SF,Rasual,Butler,6.1,24,3500,SAS@HOU,SAS,HOU,,,"Butler, Rasual",0.514535830014,0.317594730986,1.28042925639,0.494961881807,0.23014324768,1.04057431306,0.241886023099,0.323760563433,1.08281186483,1.05477170756,0.379159340024,3.07183540626,0.459982175215,8.14285714286,2.94868493035,3.16420139479e-08,7.1821154929e-18,5.8150638579,6.45554657023,10.2932493781,10.7496433961,2.0,1.64109606738,2.077401127,15.0,10.4743767403,11.3427975702,1.66144681654
203527,15587,SF,Ryan,Kelly,11.7,9,3500,LAC@LAL,LAL,LAC,,,"Kelly, Ryan",0.650384378683,0.187010359559,1.06434041219,0.968995067724,0.151427451179,1.71056539154,0.332676652252,0.450370658581,1.70323393874,0.966212396728,0.279952622194,2.57884335195,0.672212921128,9.07142857143,2.88459033678,6.89303337603e-07,1.42854972598e-15,6.49305099633,7.14182399759,10.411798812,10.4115712567,2.0,1.31019002395,1.78516965265,28.0,20.3663657204,21.5138836263,1.85515742752
203085,15592,PG,Austin,Rivers,12.1,28,3500,LAC@LAL,LAC,LAL,GTD,Ankle,"Rivers, Austin",1.00126846882,0.128037322252,1.50977326918,1.27893802361,0.340190909883,1.03411611732,0.595700160422,0.789635445563,1.4255460699,2.24944445304,0.381837572159,5.05521458374,0.813517952744,15.7142857143,5.69424443098,3.98121837503e-07,4.27177360811e-14,9.56464193788,10.157607544,27.1437454891,26.856655001,14.0,8.51420287066,9.04263792195,34.0,20.7693253216,22.0524381778,2.73275483939
202325,12348,SF,Wesley,Johnson,10.1,29,3500,LAC@LAL,LAC,LAL,,,"Johnson, Wesley",0.518691631211,0.470851176656,2.64962148425,0.725209036005,0.41615818231,1.65564081148,0.599966542952,0.398481648458,2.00422500416,2.23402300587,1.00300480993,4.87704305983,0.58136381252,15.5,6.05241463419,1.49307866412e-05,1.94899132788e-14,10.9786758768,11.8641202394,28.8823359577,31.000724828,5.0,3.54795290863,3.85131205173,25.0,17.7017109432,19.1156063706,3.13676453622
202337,12349,SF,Luke,Babbitt,9.2,17,3500,NOP@MIA,NOP,MIA,,,"Babbitt, Luke",0.467169129584,0.178048529944,0.970443895788,0.285777216967,0.119567734696,0.773076513035,0.0577895562074,0.350328119953,0.9607987137,0.547043802125,0.36561918876,1.53503949259,0.238815607234,5.78571428571,1.69852240024,3.46443642847e-10,3.08711861558e-20,3.67358260341,3.99440311151,27.1847437679,29.7443173885,4.0,2.66850844495,2.90688995637,30.0,17.1360398106,18.5946932374,1.04959502955
201582,9804,C,Alexis,Ajinca,11.1,21,3500,NOP@MIA,NOP,MIA,O,Calf,"Ajinca, Alexis",0.334781821962,0.530602727517,0.0263755775198,1.16659756034,1.52935183793,2.87810511367,0.297737611602,0.88640791664,4.39040680753,2.80247785793,0.00679467991881,5.30546709171,0.776397078966,14.0,6.38814747475,0.00373038802681,1.1413504578e-12,12.9290811383,13.6221110391,39.0387308268,36.5242791222,4.0,3.64194529309,4.24619417734,24.0,22.2162169836,23.1910450962,3.69402318238
1626245,63478,C,Cristiano,Felicio,1.8,2,3500,CHI@OKC,CHI,OKC,,,"Felicio, Cristiano",0.398917231991,0.0532174853506,0.110995668478,0.30376683244,0.0638666111966,0.506365936833,0.0863752541864,0.0526917080558,0.250760012608,0.2831371941,0.0445992627428,0.679845052779,0.208655462176,1.5,0.819529113118,1.22090185035e-13,2.31461979875e-24,1.94531074725,2.40583490256,0.77556603912,0.73195217299,1.0,1.5706247765,2.02446273837,2.0,2.319996718,2.78720706675,0.555803070644
203925,16363,SG,Joe,Harris,1.7,5,3500,CLE@GSW,CLE,GSW,,,"Harris, Joe",0.547663103507,0.0306266745725,1.21242298249,0.607344265734,0.066112563092,0.684866863526,0.15204492442,0.458029310551,0.659241144935,0.555567802193,0.424244440188,1.60314658588,0.533763311721,6.57142857143,2.06914335629,1.15723178739e-10,4.48094886188e-20,3.58904127291,4.1778130578,5.86552858459,6.45794663017,1.0,1.06088144229,1.34060098393,5.0,2.87597055145,3.36071943255,1.02544036369
2617,9589,PF,Udonis,Haslem,5.6,13,3500,NOP@MIA,MIA,NOP,,,"Haslem, Udonis",0.659143293829,0.039634914937,0.221501778872,0.300854256951,0.442710646042,1.36049291935,0.275548530965,0.224646937041,2.12002137904,0.766135534329,0.0154883025814,1.98931285882,0.258709945634,8.5,1.80646931687,6.37857817296e-08,1.49705255201e-16,5.74492986723,5.57497638461,11.5983679359,10.7376230109,2.0,1.77111199114,1.45861605871,16.0,10.5231801604,10.5274350741,1.64140853349
201601,9796,SF,Luc Richard,Mbah a Moute,5.1,27,3500,LAC@LAL,LAC,LAL,,,"Mbah a Moute, Luc",0.828184376147,0.11960237621,1.43272444246,0.914977723445,1.27674225163,2.12262853403,0.456381546198,0.622133674697,3.25457633918,1.56493074691,0.49375432442,4.45786849152,0.607124941914,18.6428571429,4.23074076016,0.000253897859352,5.03285592616e-12,9.90834310152,10.8103898229,39.7740527965,40.4383448539,0.0,0.524640414815,1.35242116222,23.0,12.288932714,13.2101563632,2.83095517186
1897,9568,SF,Metta,World Peace,11.2,17,3500,LAC@LAL,LAL,LAC,,,"World Peace, Metta",0.856865441856,0.238276321391,2.37276340324,1.24317158359,0.648297943112,1.95088296706,0.582049764263,0.61191420911,2.53243850118,1.56485075602,0.82024983416,5.05311409367,0.892567315221,16.6428571429,4.84251866143,5.28000579342e-05,1.46655025921e-12,10.1954809878,11.1216921458,22.9669815654,24.6435909305,12.0,7.0430228702,7.64326379762,27.0,17.2278875579,18.8901246895,2.91299456795
1626204,20992,PF,Larry,Nance Jr.,10.9,24,3500,LAC@LAL,LAL,LAC,,,"Nance Jr., Larry",0.793309497956,0.210543322818,0.226115463293,0.985784644561,1.41174213695,2.92218132492,0.606079371863,0.92247841943,4.2580318349,2.64110335107,0.0313312823253,5.47238528046,0.633067238175,22.1428571429,5.94660522264,0.00280067398932,4.01061200328e-11,12.9569746414,13.7458466288,15.6637187525,14.777137888,13.0,7.54272151669,8.17924528784,25.0,14.6489287429,15.4914788614,3.70199275468
200779,9895,SF,Steve,Novak,2.9,5,3500,CHI@OKC,OKC,CHI,,,"Novak, Steve",0.193206302827,0.0510804615847,0.926697442333,0.590453568764,0.0113816945655,0.472286086464,0.118188171143,0.0757958252733,0.518758108541,0.442903181735,0.390274462017,1.03703698922,0.521891227856,4.71428571429,1.79797205334,1.16900863974e-12,1.97416570334e-26,2.97303267801,3.1881428177,2.79117075753,3.19023238165,1.0,1.23935120282,1.30840947719,6.0,3.67940882929,3.96257083529,0.849437908004
203956,23799,PF,Mitch,McGary,3.3,6,3500,CHI@OKC,OKC,CHI,,,"McGary, Mitch",0.460971569308,0.219774845389,0.0405549090035,0.653357353415,0.654676346435,1.05890599134,0.0968110674494,0.392734570598,1.72599904852,0.794169104656,0.00736875347385,1.96533054476,0.443745259043,5.42857142857,2.03945222183,6.0307469959e-08,4.74243221083e-18,5.04254568909,5.31337650558,7.63007347634,6.8579872268,0.0,0.626152025,0.793107975,13.0,11.7438422849,12.4310413864,1.44072733974
203546,17747,SG,Ian,Clark,5.8,23,3500,CLE@GSW,GSW,CLE,,,"Clark, Ian",0.707119514871,0.047561871722,1.36240895443,0.325712012048,0.27667553134,0.896978151894,0.333302121303,0.577771063915,0.929111115076,1.13533018409,0.518452141139,2.85179384285,0.293303812976,8.28571428571,3.08241632229,2.03030344088e-08,9.13053852343e-17,5.44198585483,6.34223125376,12.0164034821,12.6277827077,2.0,0.883790346298,1.41188266334,12.0,8.26370007027,9.38385522929,1.55485310138
203613,18821,SG,Jonathon,Simmons,10.1,16,3500,SAS@HOU,SAS,HOU,,,"Simmons, Jonathon",1.4191762564,0.140660383929,1.09099645177,1.65275848175,0.33352554644,1.57554112447,0.636229406401,0.964152507081,1.7737783208,1.70084907445,0.482736283208,3.87706666413,1.28123396035,12.0714285714,5.16566839245,5.17797946067e-06,1.21487367781e-11,10.0125938356,10.9938453514,26.6729549337,26.0791714874,4.0,4.18211878375,4.90125100004,24.0,18.6293136025,20.0008819738,2.86074109588
1626149,23776,PF,Montrezl,Harrell,6.3,17,3500,SAS@HOU,HOU,SAS,,,"Harrell, Montrezl",0.149581069943,0.13683328337,0.0821942502179,0.538390961015,0.31922728865,0.71555252135,0.176673809531,0.487056041135,1.1535709846,0.800848433367,0.0165917236178,1.4887478361,0.335210980251,6.28571428571,1.9534995706,6.61473808677e-10,5.86274215666e-24,3.7021145017,3.86312796605,14.3045712217,12.8106646213,2.0,0.835659953951,0.827213096838,21.0,13.5152372225,14.246374503,1.05774700049
2555,9649,PF,Nick,Collison,8.7,25,3500,CHI@OKC,OKC,CHI,,,"Collison, Nick",1.24706966895,0.376170489813,0.289879436876,0.735026778955,1.26116974139,2.31789984349,0.401483727736,0.773894903077,3.53919409314,1.19758521547,0.0478006040282,3.0711891191,0.587672737598,14.7142857143,3.03064377256,9.45977332025e-05,7.67415752022e-11,9.92969471977,10.5674884395,11.7058921006,10.8779894684,8.0,5.50068124866,5.83212009936,19.0,12.756724595,13.5917068654,2.83705563422
203503,17517,SG,Tony,Snell,11.6,25,3500,CHI@OKC,CHI,OKC,,,"Snell, Tony",0.918590482789,0.209481960123,3.28595495321,0.617280550065,0.439792188721,2.94812956136,0.43177590001,1.03522107906,3.49496578685,2.08810849046,1.28354349008,6.10482760743,0.63531297577,23.7142857143,6.09507344677,0.000662396270469,3.4006480657e-11,11.9142127564,13.1155318788,33.8044817935,37.4067054451,14.0,6.41692744822,7.37228282739,30.0,15.4712797205,16.8366703655,3.40406078754
1626148,16188,SF,Anthony,Brown,3.8,7,3500,LAC@LAL,LAL,LAC,,,"Brown, Anthony",0.386730211798,0.12201921437,1.02190339666,0.435937850206,0.261856514473,0.360617965343,0.219360404386,0.393241014562,0.721678791199,0.304795149721,0.0607612994263,1.81438798049,0.384129543487,6.57142857143,1.05448114236,6.20904443111e-13,8.95460577651e-24,2.79010923244,2.92918893977,2.8429037425,2.8536062058,2.0,1.33994822082,1.58549958374,27.0,14.8984107559,16.223120697,0.797174066412
2733,9643,PG,Shaun,Livingston,12.4,26,3500,CLE@GSW,GSW,CLE,,,"Livingston, Shaun",3.34162426818,0.274702126517,0.459080675578,1.06750070957,0.565220963319,1.59123708635,0.454740915591,1.13822087052,2.14779293996,2.253469856,0.0745562315874,5.11163382828,0.941261600924,20.8571428571,5.52275754451,0.000425762664847,3.52858615006e-08,13.4332106884,14.1584590235,15.597021558,14.6125147401,15.0,9.68838372251,10.4038683799,26.0,16.721351439,17.4582092695,3.8380601967
203946,17520,PF,Cameron,Bairstow,3.3,4,3500,CHI@OKC,CHI,OKC,,,"Bairstow, Cameron",0.345494378529,0.0730594311648,0.10882438891,0.407544803208,0.173613877054,0.601138165174,0.137818895772,0.11754714628,0.565128728534,0.43779711294,0.038107145884,1.11980639369,0.286464829441,3.28571428571,1.2001662012,7.57094676349e-12,3.69340428595e-23,2.70077175083,3.06888447547,1.90324832061,1.76008261733,3.0,2.53733532337,2.89952972412,6.0,4.25341781174,4.67775461817,0.771649071667
203950,16925,PF,Jarnell,Stokes,1.2,2,3500,NOP@MIA,MIA,NOP,,,"Stokes, Jarnell",0.460062031637,0.139388561844,0.0817362578802,0.842531262076,0.640029684038,0.360430572381,0.23074416714,0.232710702991,1.36309269888,0.760961603423,0.0168123220807,1.68407422175,0.526736278214,5.35714285714,2.06547180714,5.53493387763e-10,4.27012272373e-20,4.89883084823,4.63845644346,2.92683875262,2.65772027891,1.0,1.34098085325,1.51881691271,3.0,2.89501069001,2.59101110747,1.39966595664
203949,15955,PF,James Michael,McAdoo,3.8,21,3500,CLE@GSW,GSW,CLE,,,"McAdoo, James Michael",0.142200892293,0.219196338065,0.243198580124,0.709432773553,0.388171725425,0.655415069071,0.0775146426562,0.522359700974,0.965970198865,0.622772333162,0.00736238944499,1.65178119342,0.343043827446,4.07142857143,1.59595088322,2.79736432594e-10,1.64047968749e-23,3.03947872076,3.44965902087,7.82452748415,7.0289938272,1.0,0.576206866228,0.892946063301,10.0,7.80291583065,8.39348107567,0.868422491646
203937,23716,SF,Kyle,Anderson,8.5,29,3500,SAS@HOU,SAS,HOU,,,"Anderson, Kyle",1.41319276814,0.506471346828,0.579659414225,1.45175115842,0.441534730199,2.3582320669,0.665643051367,0.730985633255,2.7026578524,1.57518477687,0.129338448799,4.01077775211,0.998650596514,15.3571428571,4.27835859906,5.33864400474e-05,1.29952575711e-10,11.2545803373,11.9413415318,26.3130286235,25.1133237762,2.0,1.73404608361,2.15661220942,29.0,21.0021991778,21.9910866407,3.21559438208
201578,9671,PF,Marreese,Speights,9.3,23,3500,CLE@GSW,GSW,CLE,,,"Speights, Marreese",0.527154274581,0.328358767436,0.212441446342,1.6197390583,0.85320497633,1.53368235622,0.244606063375,0.649456684943,2.86103494815,2.32372325287,0.0316235634938,5.44959491071,1.16835358983,9.92857142857,5.84742365905,3.81497939058e-05,1.09196424501e-14,10.5678699854,10.4588345622,25.0713108637,23.9757281951,4.0,4.93487504174,4.59511117686,15.0,15.3864560215,15.4785029591,3.01939142439
203143,23234,PG,Pablo,Prigioni,7.1,9,3500,LAC@LAL,LAC,LAL,,,"Prigioni, Pablo",1.84145544984,0.044426801046,1.69196971455,0.356008569162,0.383708195421,0.76798931872,0.825830114256,0.702405951116,1.21104793509,0.964971872319,0.559080187192,2.54247064111,0.326543303697,12.0,2.81556723553,8.47932298478e-07,3.48714420114e-13,8.06911581188,8.6862245235,18.5786118641,20.6963616836,0.0,0.32742459,0.478906655,23.0,15.524822914,16.7077912929,2.30546166054
2571,9674,SG,Leandro,Barbosa,11.5,24,3500,CLE@GSW,GSW,CLE,,,"Barbosa, Leandro",1.46525232663,0.139635299671,1.67375293696,0.483469305348,0.352107168825,1.06606760058,0.845582586994,0.697100965558,1.20356798506,2.35889915524,0.619344347011,5.21574253494,0.37957209568,13.2142857143,5.71671475316,1.22108946877e-06,1.77541791688e-12,10.6322096329,11.6188710006,14.9364825924,15.0699346724,11.0,8.70772677961,9.5977035026,21.0,17.3989396656,18.7257663664,3.03777418084
1626196,16233,SG,Josh,Richardson,3.9,13,3500,NOP@MIA,MIA,NOP,,,"Richardson, Josh",0.57854080162,0.0149007625012,0.545236697305,0.831550797453,0.153065248232,1.06160900716,0.368626944326,0.429999386758,1.14733647158,0.661047750126,0.220056188728,1.26445511342,0.604657545882,8.64285714286,2.14680923486,6.24927465527e-09,4.33306561812e-18,4.72848023009,5.19504708055,11.113175924,11.428416198,3.0,2.09039245856,2.44853146904,15.0,7.93595388544,8.63113969997,1.35099435145
1626155,23282,SF,Sam,Dekker,1.1,3,3500,SAS@HOU,HOU,SAS,O,Back,"Dekker, Sam",0.0165137704214,0.117490966651,0.260570468504,0.0145256016266,0.124316213125,0.265027397384,0.0989743404024,0.0750782845788,0.264188251849,0.32503007529,0.0793853624023,0.71056950597,0.0880312857485,1.5,0.817476798731,5.77595240637e-15,8.482535201e-31,1.51712568611,1.76401112052,1.41218801702,1.34178687306,0.0,0.712928,0.962325125,5.0,3.5963593501,3.83975247169,0.433464481746
2037,9448,SG,Jamal,Crawford,16.8,29,3500,LAC@LAL,LAC,LAL,,,"Crawford, Jamal",2.51859260742,0.109559624467,3.85840579898,3.13542928402,0.14531082016,1.41615253991,0.590265451492,1.12724142027,1.59935609414,3.62231465645,1.2617991208,9.61305315709,2.9699947331,23.8571428571,11.4764231668,0.000212826562143,1.20941157947e-09,17.4459481225,18.6733895237,37.9173970562,39.9313760843,17.0,12.4265519022,13.3441817394,37.0,27.0664575449,28.8963745709,4.98455660644
201600,12423,C,Omer,Asik,8.6,21,3500,NOP@MIA,NOP,MIA,,,"Asik, Omer",0.268276017405,0.330075128905,0.0174325701717,1.76088987786,1.59272608846,3.45296657546,0.330230782422,0.836471355525,5.07647322883,1.17275132536,0.00486399904974,2.54031246174,1.01751802366,16.6428571429,3.36788467342,0.00103322167896,6.92373090497e-15,10.3462070413,10.9837725064,18.9311281727,17.3960375692,9.0,5.56146274414,6.1676128348,25.0,15.5781237026,16.2866428609,2.95605915465
1626273,66521,PG,Marcelo,Huertas,8.5,16,3500,LAC@LAL,LAL,LAC,,,"Huertas, Marcelo",2.76751972652,0.0316270228295,1.09812724619,0.402473533027,0.397825646317,0.690178745422,0.390748216537,1.33058020913,1.35328526032,1.39177952303,0.316461310885,3.46597298653,0.229368628874,12.5714285714,3.32938898583,2.84207234841e-05,6.79719711838e-12,8.61878115759,9.17840772599,7.99382821882,7.98436125066,9.0,6.30982277808,6.59274823637,18.0,12.1283978944,13.109629236,2.46250890217
201619,66520,C,Sasha,Kaun,2.8,7,3500,CLE@GSW,CLE,GSW,,,"Kaun, Sasha",0.538591344854,0.264363496129,0.143566662622,1.13047056852,0.505901704573,0.723329837825,0.142761321396,0.499153145547,1.07163441907,0.890040068286,0.0569774634826,1.51812744386,0.451870585341,5.14285714286,2.2889281854,6.45765400126e-09,2.24361290878e-18,4.69787299506,5.22651643438,4.79428693026,4.42937598856,1.0,2.06819405725,2.51593431419,8.0,6.59045390621,7.29688810255,1.34224942716
2570,9463,C,Kendrick,Perkins,6.3,6,3500,NOP@MIA,NOP,MIA,,,"Perkins, Kendrick",0.377108597342,0.349241071698,0.0222390104666,1.06373790193,1.02961794242,1.97161825416,0.21468328181,0.921690129823,2.85517648724,1.19605799165,0.00486347,2.38042680163,0.489593269075,10.9285714286,2.88657272238,2.11983008957e-05,3.57124481361e-16,7.08460598027,7.87324803867,25.0100990175,22.3978914576,1.0,0.751242591867,1.34213163875,17.0,11.0610032165,11.9727184643,2.02417313722
201574,9698,PF,Jason,Thompson,4.9,14,3500,CLE@GSW,GSW,CLE,,,"Thompson, Jason",0.30398692105,0.20223677337,0.033637390676,0.176239353335,0.443106833535,0.67898570912,0.0825438937729,0.399241784922,1.21756889797,0.188894565167,0.0,1.00427329277,0.0434076758826,4.21428571429,0.421196806216,1.13442435951e-12,1.62816236208e-24,2.50857941472,2.64973330794,3.20625871108,2.89605661914,2.0,1.49561880221,1.66192240658,10.0,6.84994818611,6.92539119093,0.716736975635
201967,9940,PF,Dante,Cunningham,10.7,28,3500,NOP@MIA,NOP,MIA,,,"Cunningham, Dante",0.542053286579,0.202012440106,0.752360414707,0.611958691875,0.53202267898,1.73982251835,0.282513917633,0.216063661556,2.34659109729,1.16348759332,0.265668036338,2.89979163016,0.333740747469,13.7142857143,2.92638397046,3.93831997e-06,1.45629304186e-15,7.30836227099,7.57313120733,20.2561793206,19.9009885501,6.0,3.35828394637,3.54928894024,31.0,16.1594637021,16.6030219442,2.088103506
1718,9459,SF,Paul,Pierce,8.4,27,3500,LAC@LAL,LAC,LAL,GTD,Back,"Pierce, Paul",0.679329297713,0.0901470708751,1.8673675679,0.932328588468,0.226330072107,1.46295410439,0.379460394602,0.395799990476,1.59607106615,1.13850863582,0.516360140576,3.37077473762,0.826293163485,11.0714285714,3.6196705757,6.87281037432e-07,2.14901408207e-15,7.09736474213,7.74976577981,24.915251666,26.9165201734,6.0,3.8506715467,4.21622530757,25.0,16.0143390113,17.4579484709,2.02781849775
2588,9709,C,Matt,Bonner,5.1,11,3500,SAS@HOU,SAS,HOU,,,"Bonner, Matt",0.394079265999,0.197906377485,1.19917896674,0.229855645417,0.133536674033,0.782954907602,0.164207341202,0.335562657836,1.05642524888,1.11478970776,0.366211076678,2.51038104425,0.294680403029,6.78571428571,2.89047089523,1.60396128178e-09,2.79497630152e-20,5.13796487242,5.36675592047,9.69045918212,10.3793993186,0.0,0.75946037,0.883036345,24.0,16.2898672672,17.5156341366,1.46798996355
2210,9706,SF,Richard,Jefferson,11.0,26,3500,CLE@GSW,CLE,GSW,,,"Jefferson, Richard",1.07412127085,0.197009554117,2.24815430951,1.50534257402,0.266006929837,1.7259955376,0.592156377749,0.76700152737,1.8161056856,2.44094829043,0.876211782132,5.49499867069,0.885877757077,21.2857142857,6.64398612008,1.30807164175e-05,2.78494001775e-12,11.2458251854,12.3781277228,29.4257316647,31.3664302809,14.0,7.34444336324,8.09203215763,35.0,18.5896027331,20.4478364979,3.21309291013
201571,9466,PG,D.J.,Augustin,9.1,29,3500,CHI@OKC,OKC,CHI,,,"Augustin, D.J.",1.78818413454,0.12756948186,1.46497877924,1.18339314804,0.221146196977,0.975646774889,0.508094943411,0.766607603948,0.992283262129,1.44360745792,0.491450703142,4.02116526967,0.965501405767,14.0714285714,4.34416702475,1.83985980889e-06,1.00459543448e-12,8.72190438772,9.65618760133,9.10707362126,9.73028216309,10.0,6.56640582678,7.31285534781,23.0,13.4488749161,14.7954548649,2.4919726822
