Player_ID,First Name,Last Name,Game,Team,Opponent,Injury Indicator,Injury Details,LAST_COMMA_FIRST,FD_Salary,FD_Position,DK_Salary,DK_Position,YH_Salary,YH_Position,Time,DP_Salary,DP_Position,DD_Salary,DD_Position,PROJ_AST,PROJ_BLK,PROJ_FG3A,PROJ_FTA,PROJ_OREB,PROJ_DREB,PROJ_STL,PROJ_TOV,PROJ_REB,PROJ_FGM,PROJ_FG3M,PROJ_FGA,PROJ_FTM,PROJ_MIN,PROJ_PTS,PROJ_DD,PROJ_TD,PROJ_FD,PROJ_DK,PROJ_DP,PROJ_YH,PROJ_UNADJ_FD,PROJ_FLOOR_MIN,PROJ_CEIL_MIN,PROJ_FLOOR_FD,PROJ_CEIL_FD,PROJ_FLOOR_DK,PROJ_CEIL_DK,PROJ_FLOOR_DP,PROJ_CEIL_DP,PROJ_FLOOR_YH,PROJ_CEIL_YH,PROJ_FLOOR_DD,PROJ_CEIL_DD,PROJ_HIST_FD_Skew,PROJ_HIST_FD_Kurt,PROJ_HIST_MIN_std,PROJ_HIST_FD_std,PROJ_Bust5,PROJ_Bust10,PROJ_Bust20,PROJ_Boom5,PROJ_Boom10,PROJ_Boom20,PROJ_UNADJ_DK,ADJ,Status
201566.0,Russell,Westbrook,OKC@BKN,OKC,BKN,,,"Westbrook, Russell",10500.0,PG,10600.0,PG,59.0,PG,3:30PM EST,48.65,PG,20750.0,PG,9.61881590375,0.166134401237,4.07705917822,6.62449558128,1.45239394216,5.06476372885,2.38827681481,3.57828013058,6.517157671,7.67681008705,1.26777449333,17.0062128217,4.80333407635,31.4285714286,21.4247287438,47.1419014173,0.060597354097,45.2040841061,49.0508797794,46.6278524675,45.8379713528,44.9994785071,27.0,39.0,39.0946570816,55.6492335352,42.1082098221,61.1605958362,39.9967161192,58.2049465475,39.6519477934,56.4140761478,40.4545189394,58.7397301757,-0.627659387382,0.77330325193,5.59175077839,11.3047134176,0.0,0.1,0.15,0.4,0.4,0.4,,0.00651017814965,-
101108.0,Chris,Paul,LAC@TOR,LAC,TOR,,,"Paul, Chris",10000.0,PG,9700.0,PG,47.0,PG,6:00PM EST,44.23,PG,18600.0,PG,10.021281448,0.186504785253,3.85676952966,4.35776740068,0.551358659815,3.36093745024,1.68353306207,2.45352680317,3.91229611005,6.71324059947,1.49873386013,14.5456626324,3.85613158989,32.1428571429,18.7813466489,41.7048411513,0.0037036463197,39.7945730445,42.7763765265,40.8002461948,40.5439399746,38.9289320214,27.0,38.0,33.3396433145,47.1460207925,35.6313730318,50.8842136408,33.9586650156,48.5625190055,33.9629458213,48.0389610935,34.6700912114,49.6623602127,-0.15317052561,-0.489493875926,4.27778342252,10.6868157031,0.2,0.2,0.1,0.4,0.4,0.25,,0.026931054053,-
201142.0,Kevin,Durant,OKC@BKN,OKC,BKN,,,"Durant, Kevin",10000.0,SF,9500.0,SF,52.0,SF,3:30PM EST,45.88,SF,18850.0,"PF,SF",4.62924251524,0.971046097815,5.79942908304,6.2155057034,0.21998404839,6.49375959095,0.899145898207,2.36030253419,6.71374363934,7.83872456655,2.47600802112,16.3185617217,5.55603084842,33.2142857143,23.7094880026,42.1242846812,0.00285326238223,40.0899256006,43.0935534135,40.6753981358,41.3279296111,40.8251850368,29.0,41.0,35.1028728727,49.3032941994,37.6282721703,53.3560381959,35.5131925814,50.3779634254,36.1826745008,50.8335704081,36.7602789894,52.2264290743,0.16895665415,-0.520161752581,6.01089574937,8.99992887596,0.0,0.0,0.1,0.2,0.2,0.25,,-0.0221368432427,-
201935.0,James,Harden,DAL@HOU,HOU,DAL,,,"Harden, James",10000.0,SG,10100.0,SG,52.0,SG,3:30PM EST,40.55,SG,19750.0,"SG,SF",6.42346341417,0.455323418735,7.50141489688,7.6726305441,0.889657601658,4.72438624769,1.4366700391,3.98567091917,5.61404384935,7.04721536382,2.55071653971,17.6914040789,6.6785693334,34.8571428571,23.3237166008,41.7709961308,0.0068833771716,39.4940803377,43.3249693875,40.056775658,40.7694386076,41.9638099952,33.0,42.0,37.5044566491,47.1464791399,41.0941747173,52.0404809932,37.9823078355,48.1710301574,38.7200240502,48.6518022899,39.6178395201,50.1980607248,0.340134815895,0.871172076902,4.07480556641,12.1800063857,0.4,0.3,0.2,0.4,0.2,0.15,,-0.0708529000112,-
201933.0,Blake,Griffin,LAC@TOR,LAC,TOR,O,Quadriceps,"Griffin, Blake",9000.0,PF,8800.0,PF,47.0,PF,6:00PM EST,40.95,PF,16250.0,"C,PF",0.31363279,0.12820109,0.04254859,0.10141282,0.0,0.6744626,0.0,0.14995285,0.6744626,0.34540778,0.0,1.27091279,0.13380161,0.0,0.82461717,2.096291305,0.0,2.210870805,2.31957036,2.244593935,2.210870805,0.0,29.0,40.0,32.535581892,44.1458957633,34.0778823061,46.7379263413,33.1282222747,45.4467528141,32.5982553325,44.2420788435,32.1849064787,44.339624683,0.10437117368,0.19740659729,5.45156309969,9.78121880848,0.2,0.1,0.15,0.0,0.2,0.25,0.0,inf,O - Quadriceps
200768.0,Kyle,Lowry,LAC@TOR,TOR,LAC,,,"Lowry, Kyle",8900.0,PG,8500.0,PG,46.0,PG,6:00PM EST,41.5,PG,16600.0,PG,6.82385822168,0.317174850034,6.76355339748,6.55865881567,0.745044790985,5.17766208166,2.16387089282,3.06859246071,5.92270687265,6.11887008107,2.60802931761,15.2004804118,5.91232816913,39.3571428571,20.7580976489,42.4776079886,0.011751884544,39.9946322536,43.504081379,40.6657704898,41.2986469124,41.7975630522,32.0,40.0,32.7173782625,40.6305088159,35.4218883496,44.2200089792,33.0766480322,41.3386142537,33.7892567435,41.9548072184,34.5202112877,43.1838171453,0.195202599934,0.32712079414,3.72445154532,8.9212929802,0.2,0.1,0.3,0.4,0.3,0.2,,-0.0458094939768,-
201942.0,DeMar,DeRozan,LAC@TOR,TOR,LAC,,,"DeRozan, DeMar",8600.0,SG,8300.0,SG,39.0,SG,6:00PM EST,38.23,SG,15000.0,"SG,SF",4.83016657843,0.284584958793,2.0103190169,9.37341270943,0.70028064298,3.74955989962,1.03561300828,2.18364436165,4.4498405426,6.62385012518,0.553405079434,15.694781688,7.94171450465,37.1428571429,21.7428198344,34.109640563,0.000406508628409,34.7846299257,36.4384680302,35.0699433097,35.0613324654,35.606324444,34.0,40.0,32.0838034718,37.239926702,33.5770304671,39.0488524,32.3256910322,37.5737956016,32.3370598537,37.5379439306,31.4260108407,36.5608453367,-0.102848965104,-0.788450327042,3.05414410838,8.84386592857,0.0,0.3,0.15,0.6,0.4,0.3,,-0.0221225447231,-
202738.0,Isaiah,Thomas,BOS@PHI,BOS,PHI,,,"Thomas, Isaiah",8400.0,PG,7800.0,PG,40.0,PG,7:00PM EST,,,14350.0,PG,7.24477996541,0.0879861461322,5.72692794038,7.53008596383,0.618726572685,2.93011255033,1.42920212751,3.13577719537,3.54883912302,7.26198432573,1.83867777583,16.6918735906,6.48791111567,34.0,22.850557543,39.2359354081,0.000705205989561,37.8749337906,40.8369180284,38.3496905428,38.7942726785,36.2226954643,27.0,38.0,30.4309972281,42.1286118263,32.6641037201,45.5493928759,30.6765765577,42.7766223485,31.1746550669,43.1483398852,31.3290369895,43.8081923441,-0.134358390521,-0.215571076173,4.18620507099,8.32495420884,0.2,0.2,0.2,0.0,0.3,0.2,,0.0485952448916,-
2730.0,Dwight,Howard,DAL@HOU,HOU,DAL,O,Ankle,"Howard, Dwight",8300.0,C,7800.0,C,31.0,C,3:30PM EST,40.92,C,14850.0,"C,PF",0.12025538,0.07427643,0.03856971,0.13832962,0.0,0.0,0.12564216,0.580661,0.0,0.17480857,0.00757332,0.73769309,0.0,0.0,0.35719046,0.479349995,0.0,0.35674971,0.65086687,0.35674971,0.36053637,0.0,26.0,40.0,27.8122564847,42.9831938127,30.0553996307,46.6188192368,29.0361766105,45.2091545996,27.8176080446,42.9893880109,29.1119304374,45.4054082916,0.411941513366,1.57481206963,7.50015014865,12.9963571935,0.2,0.1,0.3,0.2,0.3,0.2,0.0,inf,O - Ankle
201572.0,Brook,Lopez,OKC@BKN,BKN,OKC,,,"Lopez, Brook",8000.0,C,7000.0,C,35.0,C,3:30PM EST,34.05,C,13450.0,C,1.31348826255,1.59222221253,0.0869791634425,4.17977869086,2.93504039984,4.34140518631,0.613657570793,1.99984165515,7.27644558615,6.83664425745,0.00217890358399,14.5489947923,3.36256456642,31.1428571429,17.0380319849,29.7627928087,1.53490740507e-06,30.1519169936,31.7997605817,30.7987503024,30.1530064454,32.2822478727,28.0,39.0,27.4764225693,36.8406530544,28.9104026555,39.0742728367,28.0014367669,37.8431515805,27.4774433273,36.8419142406,27.0630782698,36.5802102102,-0.1699171972,-0.0675051546177,4.88228233115,10.4022447874,0.4,0.3,0.25,0.2,0.3,0.4,,-0.0684051199712,-
201599.0,DeAndre,Jordan,LAC@TOR,LAC,TOR,,,"Jordan, DeAndre",7900.0,C,7200.0,C,35.0,C,6:00PM EST,37.15,C,14700.0,C,1.01900947257,2.57536444144,0.00472542973189,6.2364122347,4.00994994282,8.85278554181,0.582692614364,1.33542094759,12.8627354846,4.73013767806,0.00122957414243,6.13296032746,3.17767200309,35.1428571429,12.6391769333,36.1118153557,0.000232290965673,34.5836668878,36.8940741338,36.225748873,34.5842816748,35.7298765705,27.0,39.0,26.4789704078,38.4227336415,28.0708370676,41.0075428149,27.4524251602,40.3155743866,26.4794427442,38.4234159052,27.3460643691,40.1755304235,0.374803905439,-0.0170226710492,5.09423394753,8.54263125626,0.2,0.1,0.15,0.2,0.3,0.25,,-0.0326157226793,-
202397.0,Ishmael,Smith,BOS@PHI,PHI,BOS,,,"Smith, Ish",7200.0,PG,7500.0,PG,30.0,PG,7:00PM EST,,,10800.0,PG,7.93639702828,0.371810222524,1.85105636925,2.84168219207,0.707530328802,3.4691684105,1.39319112343,3.05169829501,4.1766987393,5.79023270679,0.547228123236,13.910936537,2.04501913924,33.1428571429,14.1727126761,32.1192773859,0.00254943948461,31.5676511025,33.9540652551,32.154602046,31.8412651641,32.6991174121,11.0,38.0,10.2489314479,36.2440154139,11.0636648755,39.1620291513,10.3322292793,37.1282889174,10.3712868276,36.5508087993,10.4486197676,37.110154261,-0.272847189029,-1.09394889657,11.2993929948,14.5121443396,0.0,0.3,0.55,0.6,0.5,0.35,,-0.034139069685,-
1717.0,Dirk,Nowitzki,DAL@HOU,DAL,HOU,GTD,Knee,"Nowitzki, Dirk",7000.0,PF,6300.0,PF,29.0,PF,3:30PM EST,29.63,PF,12100.0,"C,PF",2.10191662393,0.719056079373,4.70777196089,3.77891043279,1.01425315601,6.60693529251,0.766343303673,1.22122061149,7.62118844852,6.71604301953,1.8294611883,14.5072389753,3.41339801017,32.7142857143,18.6749452375,33.9615723129,1.5936427571e-05,32.7228244663,34.9718442118,33.4465033119,33.6375550604,31.7414585948,26.0,37.0,26.4196859427,36.7461043749,28.0388042381,39.4454687626,26.8380312895,37.7129568299,27.146286857,37.7809177434,27.1313574342,38.3855914147,-0.119427270057,0.212913519435,4.45848054616,7.15044770899,0.4,0.3,0.25,0.2,0.2,0.1,,0.0299980834065,GTD - Knee
203109.0,Jae,Crowder,BOS@PHI,BOS,PHI,GTD,Illness,"Crowder, Jae",6600.0,SF,6500.0,SF,30.0,SF,7:00PM EST,,,11350.0,"PF,SF",2.1951500983,0.489797002622,5.16064932152,3.53690212841,1.11459779096,4.747649091,2.23283833367,1.57104124901,5.86224688197,5.07506688877,1.85768950629,11.9999951519,2.81430417206,33.9285714286,14.8221274559,30.1789479809,1.38733673871e-05,29.0237782853,31.1293233988,29.4149580212,29.9526230384,27.7222481524,26.0,37.0,22.5275654092,31.5403292192,24.0983351968,33.8786404393,22.7724335918,32.0137890957,23.2242941299,32.5590927958,23.3909476878,32.8426178137,-0.0400854212274,-0.0871298150722,4.60765059164,7.48113766207,0.2,0.3,0.3,0.4,0.4,0.4,,0.0383608881259,GTD - Illness
1626143.0,Jahlil,Okafor,BOS@PHI,PHI,BOS,,,"Okafor, Jahlil",6500.0,C,6300.0,C,26.0,C,7:00PM EST,,,12200.0,C,1.3969842929,1.21766048605,0.163682656072,4.40952370087,2.38369194058,5.45340586866,0.426258615343,2.35110756316,7.83709780923,8.35762279933,0.0420767589903,16.4059992968,3.00569646289,31.6428571429,19.7630188205,31.9620657594,7.38436599551e-07,32.1997432706,34.1751074235,32.9785152625,32.2207816501,29.7825518553,25.0,37.0,25.5391364058,37.5712004196,26.9579556741,40.0516031959,25.9840459115,38.6754284554,25.5582442565,37.5937956771,25.1378258281,37.5404290935,0.0156857768977,-1.05964198114,4.83145409975,7.93711663722,0.0,0.2,0.15,0.4,0.3,0.35,,0.0763897964187,-
202685.0,Jonas,Valanciunas,LAC@TOR,TOR,LAC,,,"Valanciunas, Jonas",6400.0,C,6400.0,C,24.0,C,6:00PM EST,26.3,C,12350.0,C,0.8760875482,0.801924767597,0.0446946442173,4.50038023053,3.57188031918,6.60019384733,0.385150198794,1.51057236288,10.1720741665,5.59723564771,0.0399157986622,9.72533284073,3.27204822625,28.9285714286,14.5064353203,29.855335496,2.39293014624e-08,28.8906332124,30.9244839582,30.1492398774,28.9105911117,28.2242923957,21.0,32.0,20.926117817,31.9759860232,22.1247136468,34.3340943631,21.486245756,33.5058649115,20.9460712532,31.9959456514,21.2255456081,33.1993276738,-0.543170373165,0.145017562856,4.34032965781,7.81324417994,0.0,0.1,0.3,0.8,0.5,0.3,,0.0230340035372,-
203457.0,Nerlens,Noel,BOS@PHI,PHI,BOS,,,"Noel, Nerlens",6400.0,PF,6400.0,PF,28.0,PF,7:00PM EST,,,12300.0,"C,PF",1.63574456356,1.50257000162,0.163331151336,3.26388273456,2.00924410051,5.82182432109,1.49149221192,1.86514163201,7.83106842159,4.26309333927,0.068313300029,8.45312005829,2.00088949917,27.8571428571,10.5953894777,26.9452913413,2.89357641892e-06,26.5692712241,28.1876846281,27.2209571621,26.6034278741,24.8538520993,21.0,36.0,20.749353981,33.4804229502,21.8795930849,35.8483893693,21.1112432991,34.646088408,20.7834389412,33.5146647319,20.8973970951,34.3535476914,-0.010227476951,0.0305177615572,5.76890176689,10.123058267,0.4,0.2,0.3,0.4,0.3,0.35,,0.0615791480668,-
201152.0,Thaddeus,Young,OKC@BKN,BKN,OKC,,,"Young, Thaddeus",6400.0,PF,6400.0,PF,32.0,PF,3:30PM EST,29.08,PF,11600.0,"PF,SF",1.46579743612,0.326248909464,0.575862314305,2.40919747232,2.42760422375,4.89770319609,1.43991621669,1.4196561676,7.32530741984,6.01648254537,0.142390231033,12.6280158868,1.4528658283,29.3571428571,13.6282211501,26.3992458202,1.06742122787e-06,26.7299602928,28.1343265302,27.3533033309,26.8011554083,27.1865842035,27.0,38.0,24.6583252272,34.3259555333,25.8895385707,36.4612000742,25.1678931024,35.462458528,24.7240126302,34.4173455946,24.274980325,34.3161699142,0.332903736598,-0.225345646543,4.48181668089,9.09275087051,0.2,0.3,0.2,0.0,0.1,0.3,,-0.015554099149,-
2585.0,Zaza,Pachulia,DAL@HOU,DAL,HOU,GTD,Leg,"Pachulia, Zaza",6200.0,C,5800.0,C,24.0,C,3:30PM EST,30.73,C,10800.0,C,0.15423878,0.2509719,0.0,0.0,0.0,0.0,0.0233488,0.0,0.0,0.44156548,0.00261566,1.15316136,0.16377495,0.0,1.04952157,1.6951815675,0.0,1.82952114,1.83082897,1.82952114,1.83082897,0.0,21.0,36.0,21.3826042088,35.9457097722,22.607747834,38.9469952494,21.9740152562,37.8119980018,21.3839120388,35.9470176022,21.7218627948,37.6552047323,-0.712855962342,0.193826315561,5.43724899498,8.59837734827,0.6,0.3,0.3,0.0,0.4,0.45,0.0,inf,GTD - Leg
101114.0,Deron,Williams,DAL@HOU,DAL,HOU,,,"Williams, Deron",6200.0,PG,6200.0,PG,24.0,PG,3:30PM EST,24.05,PG,12150.0,PG,6.24162231229,0.287826431173,4.11281180177,3.34101875691,0.309730906663,3.23703591139,1.1708601589,3.24917178896,3.54676681806,5.07863996795,1.33940623518,12.0478067455,3.00010827151,35.3571428571,14.4967944426,29.2805987339,0.000320114981228,27.7835494839,30.3930855807,28.0987965686,28.4532526015,29.2968572638,23.0,39.0,18.3717928042,30.5581135918,20.0622677613,33.4877901299,18.4926385916,30.9798730718,18.8418185345,31.2866811415,19.2188412028,32.3111512498,0.353321043802,0.53769742821,6.44041760905,9.11597614197,0.2,0.4,0.35,0.6,0.5,0.45,,-0.0428006240795,-
202718.0,Chandler,Parsons,DAL@HOU,DAL,HOU,,,"Parsons, Chandler",6000.0,SF,5900.0,SF,21.0,SF,3:30PM EST,24.53,SF,10700.0,"PF,SF",3.21796459856,0.419527721977,4.36832210295,2.51584026004,0.864164211639,4.06505343066,0.827173264888,1.99303678259,4.9292176423,5.98488974112,1.68448194585,12.1704841106,1.67153155262,34.2142857143,15.3257929807,27.7934687508,4.76497994507e-05,26.5681662404,28.6949457567,26.8561863925,27.4104072134,25.3104800403,15.0,37.0,12.6797962273,28.5817217442,13.691945981,30.8873649098,12.7998668628,28.9113545062,13.0837707513,29.487503206,13.1694578288,29.9365600563,0.851593708258,-0.461173278468,7.81687940316,10.2223052941,0.4,0.3,0.4,0.4,0.4,0.35,,0.0367590956196,-
201586.0,Serge,Ibaka,OKC@BKN,OKC,BKN,,,"Ibaka, Serge",5800.0,PF,5700.0,PF,27.0,PF,3:30PM EST,24.83,PF,11250.0,"C,PF",0.788947048448,2.58754021663,2.26155903447,1.89423040956,2.13011277693,5.49764436178,0.484773054419,1.56670823277,7.62775713871,6.52923527493,1.01564250474,12.011963763,1.44799529925,35.5714285714,15.5221083538,31.5639722829,7.75194620009e-05,30.4367558023,32.4312399838,31.140064615,30.9445770547,28.9216851956,26.0,38.0,22.4331730853,32.4675155962,23.7331727659,34.6685317144,22.7802719882,33.2915254793,22.7974435126,33.0117601922,22.96047057,33.7872250184,0.104701043161,-0.336386728072,4.5441715361,8.32105459031,0.2,0.4,0.3,0.2,0.2,0.3,,0.0425923463742,-
203096.0,Jared,Sullinger,BOS@PHI,BOS,PHI,,,"Sullinger, Jared",5600.0,PF,5500.0,C,20.0,C,7:00PM EST,,,11200.0,"C,PF",1.87421833368,0.945056515667,1.2974100616,2.32580563734,2.36993570432,5.69127498807,0.9810528206,1.19752945242,8.06121069239,4.07103826734,0.393133732458,9.00402106465,1.54035688604,21.6428571429,10.0755671532,25.5354702242,4.85245255249e-06,25.2150367047,26.6797479205,25.884416328,25.4116035709,22.7124652333,17.0,32.0,20.2823106679,36.2188101713,21.2882562684,38.9607692839,20.6851398963,37.7366498923,20.4361362701,36.5107229343,20.3166589228,37.5152658085,0.0392773704806,-0.490801157616,5.49871625006,9.43798843463,0.2,0.4,0.4,0.4,0.3,0.3,,0.115630365014,-
202340.0,Avery,Bradley,BOS@PHI,BOS,PHI,,,"Bradley, Avery",5600.0,SG,5600.0,SG,24.0,SG,7:00PM EST,,,10550.0,"PG,SG",2.72479517157,0.23636045278,5.68454152927,2.1472753238,0.802980391212,2.71565381195,1.77416852005,1.89296762285,3.51863420317,6.66867150672,1.87368984711,15.0436559616,1.67776472547,38.0714285714,16.888797586,28.1188175973,1.77328587569e-06,27.32644171,29.3912505265,27.5079217915,28.2632866335,26.4764681363,25.0,39.0,18.5342801081,27.9510214959,19.9051406169,30.0658290782,18.6477944902,28.1380316333,19.1721401162,28.909105785,19.0328196391,28.7652056937,-0.252889023905,-0.700294123392,6.45883884226,9.33830501862,0.0,0.3,0.35,0.6,0.3,0.3,,0.0223257599093,-
201960.0,DeMarre,Carroll,LAC@TOR,TOR,LAC,O,Knee,"Carroll, DeMarre",5400.0,SF,4800.0,SF,17.0,SF,6:00PM EST,21.58,SF,9100.0,"PF,SF",0.0,0.09637789,0.09500804,0.0,0.08944369,0.0,0.00215265,0.18110997,0.08944369,0.0,0.0,0.0,0.0151389,0.0,0.0151389,0.2372343325,0.0,0.138422438,0.2334496075,0.1428946225,0.138422438,0.0,24.0,39.0,15.7734032482,26.966125779,17.1647760592,29.3586121533,15.9672624281,27.417701609,16.5054705025,28.2072828266,16.4113063882,28.2484354377,0.527300169696,-0.774124453096,6.42069283198,7.75463650675,0.8,0.6,0.4,0.0,0.1,0.2,0.0,inf,O - Knee
203935.0,Marcus,Smart,BOS@PHI,BOS,PHI,,,"Smart, Marcus",5200.0,PG,4900.0,PG,16.0,PG,7:00PM EST,,,10050.0,PG,3.78903310011,0.290364611473,3.84110285818,3.22898031061,1.55675631754,3.65401303818,1.70536499063,1.56909225335,5.21076935571,3.07961134818,0.860203190269,9.37856831144,2.29368876521,29.1428571429,9.31311465184,23.8185772606,0.000123432449906,23.6719544797,25.1847486605,23.9701009386,24.1020560749,22.4906665092,21.0,34.0,17.5379486582,27.3308351452,18.6184400529,29.1518154149,17.7263832979,27.7447450112,17.8663246277,27.8216151837,17.596979975,27.595479582,0.943884894353,0.232285083778,6.81111623362,10.338291768,0.2,0.3,0.45,0.4,0.2,0.2,,0.0405343911437,-
202083.0,Wesley,Matthews,DAL@HOU,DAL,HOU,,,"Matthews, Wesley",5200.0,SG,5100.0,SG,19.0,SG,3:30PM EST,22.28,SG,9650.0,"SG,SF",2.14503488318,0.341169408883,7.88896345451,2.28615302246,0.5572655931,2.88376268171,1.29384871891,1.27477715993,3.44102827481,5.20637711175,2.663170721,12.7879635758,1.88294968172,36.6428571429,14.9588746262,25.7825593145,2.11975610982e-07,24.3009199764,26.4458652045,24.476891264,25.632505337,23.8098095537,26.0,41.0,17.7618132974,26.9780039189,19.3184542829,29.3666368474,17.890118951,27.1763276376,18.7275145308,28.4593807676,18.835617681,28.6303923027,1.21632102391,3.72231814691,5.89232655198,8.89445017426,0.2,0.2,0.25,0.4,0.3,0.25,,0.0134026236235,-
200755.0,J.J.,Redick,LAC@TOR,LAC,TOR,,,"Redick, JJ",5200.0,SG,5400.0,SG,21.0,SG,6:00PM EST,25.75,SG,9750.0,SG,1.65144666031,0.000183519186207,6.13855486515,3.14142994352,0.189811195582,1.76836691161,0.476012175699,1.16688957704,1.95817810719,6.19980151862,3.72590231832,11.8179561585,2.79213279069,29.7142857143,18.9176381463,26.4456088607,3.47785067458e-10,23.5301236781,26.0744976206,23.6281016729,25.3930748372,22.0743185212,22.0,33.0,17.1933328247,26.2875328804,19.0247398748,29.1356258427,17.2724891527,26.3935754471,18.5168189177,28.3802561973,19.2002526586,29.5900635127,0.202874060165,0.98523814538,6.42910050733,8.1424124123,0.4,0.2,0.2,0.4,0.3,0.35,,0.048993442781,-
203482.0,Kelly,Olynyk,BOS@PHI,BOS,PHI,,,"Olynyk, Kelly",5100.0,C,5200.0,C,16.0,C,7:00PM EST,,,9350.0,C,1.80354904824,1.13083285154,2.76241071426,2.23018173179,1.41371166944,4.31379280619,1.32251503271,1.50732438904,5.72750447563,4.81179600536,1.34799835177,9.76728567975,1.5072323765,24.2142857143,12.478822739,26.5266475314,1.08852818012e-06,25.4565230616,27.2468351314,25.819173761,26.1305222375,22.7074042262,12.0,30.0,13.7359215185,31.0083869504,14.5551677444,33.359684375,13.8984431879,31.5668424085,14.068590391,31.8440689016,14.1177207686,32.5392063926,0.667339955276,-0.223686734592,6.82951707173,10.564156683,0.0,0.2,0.4,0.8,0.5,0.4,,0.113532931253,-
2772.0,Trevor,Ariza,DAL@HOU,HOU,DAL,,,"Ariza, Trevor",5100.0,SF,5200.0,SF,23.0,SF,3:30PM EST,21.28,SF,10200.0,"SG,SF",2.177153808,0.293588003832,6.47506127234,1.72446288515,0.727246576853,4.32467843719,1.56793474381,1.44616459905,5.05192501404,4.17381462301,2.33239145385,10.5243231394,1.27576076749,34.0714285714,11.9557814674,25.2176504817,2.3969406102e-06,23.5607030925,25.7390909977,23.8498129713,24.7268988194,22.6024398283,28.0,41.0,19.8957084242,27.7431087727,21.6760340449,30.4010485008,20.1287576004,28.1214863162,20.8551513527,29.1452459284,21.2060283964,29.829302129,-0.549068075849,-0.17261411062,6.58603012534,7.67349023791,0.2,0.2,0.3,0.4,0.4,0.4,,0.0281251272487,-
2207.0,Joe,Johnson,OKC@BKN,BKN,OKC,,,"Johnson, Joe",5100.0,SG,4700.0,SF,18.0,SF,3:30PM EST,22.05,SF,9600.0,"SG,SF",3.19727837179,0.0576877888883,3.78631360227,1.69426174805,0.681222723279,3.05440844531,0.63649003829,1.7022489255,3.73563116859,4.28450959045,1.43427503465,10.8362058252,1.4889081184,31.2142857143,11.4922023339,21.2496436547,6.35984650183e-06,20.4569840228,22.2193428827,20.6510809026,21.1741215401,19.6896529797,27.0,39.0,17.680313096,25.5867659045,19.2073166013,27.7964927837,17.854478571,25.8302441845,18.3072310661,26.4705802124,18.4016990784,26.5276931687,0.312973412771,-0.0507809353719,4.93338285406,9.16422720439,0.4,0.3,0.35,0.4,0.3,0.3,,0.0245826878801,-
203496.0,Robert,Covington,BOS@PHI,PHI,BOS,,,"Covington, Robert",4900.0,SF,5900.0,SF,21.0,PF,7:00PM EST,,,11000.0,"PF,SF",1.75360187681,0.522528710241,5.94075034531,2.39994520022,1.03759507277,4.72323043816,1.67337677868,2.62681819368,5.76082551093,4.24925389055,1.99291574511,11.1417901478,1.86460060961,28.2857142857,12.3560241358,25.5045109809,1.33664745138e-06,23.6644103483,26.3393491435,24.0294821741,24.6608682208,23.7609816172,13.0,35.0,12.0350565549,28.7726311734,13.3811490437,32.1325017547,12.192509067,29.3301332091,12.5400416343,29.9849696187,13.0871642976,31.0938095645,0.745832940473,1.02051341358,8.4532326868,11.8017068983,0.0,0.4,0.45,0.6,0.4,0.3,,-0.00341413576995,-
203991.0,Clint,Capela,DAL@HOU,HOU,DAL,,,"Capela, Clint",4900.0,PF,6000.0,PF,16.0,PF,3:30PM EST,19.83,C,8250.0,"C,PF",0.918311487859,1.33783905857,0.0800439521777,3.26238851888,3.78230961532,6.07934791091,0.95320341378,1.56982834827,9.86165752623,3.95372098137,0.0217968756839,7.19118215154,1.38440131855,27.0,9.31364015698,26.1298237807,4.66633013142e-07,25.5373530167,27.2549034028,26.4590907908,25.5482514545,25.5217458189,13.0,30.0,12.1078818325,28.4150968419,12.8736040894,30.4465722529,12.3379298599,29.5950157018,12.1150926818,28.4267854772,12.1414587884,29.2739442323,0.526958794616,-0.398308943488,6.47470276526,8.0603235709,0.4,0.4,0.4,0.6,0.3,0.35,26.9985460825,0.00057804436044,-
202323.0,Evan,Turner,BOS@PHI,BOS,PHI,,,"Turner, Evan",4800.0,SF,4500.0,SG,19.0,SF,7:00PM EST,,,8850.0,"SG,SF",3.99565136118,0.22748950107,0.978873512365,1.74603323963,0.557777830692,3.92607933316,0.989841547691,2.17085294494,4.48385716385,3.62915904174,0.102974994745,8.22343325344,1.40270153747,24.6428571429,8.76399461569,20.6047548536,6.63865794931e-05,20.4019094067,21.7816052646,20.6446912948,20.453396904,19.2935808013,21.0,36.0,17.4269351146,29.6768292585,18.5806488485,31.9640136135,17.6214343323,30.2730954644,17.4605992203,29.7838838005,17.5721230471,30.3167249632,0.0788248542774,-0.556930388491,5.41291814784,8.22991886242,0.4,0.5,0.35,0.0,0.1,0.2,,0.0449756535509,-
101161.0,Amir,Johnson,BOS@PHI,BOS,PHI,,,"Johnson, Amir",4800.0,C,5000.0,PF,16.0,PF,7:00PM EST,,,8900.0,"C,PF",1.71580943081,1.77439982083,0.720703709627,1.87526094618,2.33239663638,4.45548612308,0.906091235009,1.5377149174,6.78788275946,3.80752736119,0.290030094981,6.32348545329,0.975512041303,25.1428571429,8.88059685866,24.1161269414,2.24430200508e-06,23.4230375105,24.7878583875,23.8739858813,23.568052558,21.2410147793,18.0,32.0,16.9690825726,29.6188342509,17.9176491613,31.5624806451,17.217758512,30.4431855563,17.0856284106,29.7911797395,17.4231639702,30.7802221582,0.622430758158,1.03777560108,5.42172684218,9.45597630099,0.4,0.2,0.35,0.4,0.6,0.4,,0.0867849949915,-
203093.0,Terrence,Jones,DAL@HOU,HOU,DAL,,,"Jones, Terrence",4700.0,PF,5200.0,PF,13.0,PF,3:30PM EST,18.18,PF,9150.0,"PF,SF",1.26386461988,0.883482359236,1.90344830596,2.9435143026,2.12678737541,4.4035373333,0.525799050533,1.51312752019,6.53032470871,4.89228356714,0.618258257002,10.0097295304,1.88158096436,28.0,12.2844063556,23.6706979263,9.12612757297e-08,23.3220282353,24.8583696941,23.7926768055,23.6311573638,23.1683825781,15.0,32.0,13.6627327006,26.294119169,14.4440486321,28.1302543312,13.871245385,26.9129030913,13.8447249962,26.642367323,13.6459544714,26.8452046819,0.197114005762,-1.09414153709,6.97315074475,9.80100383192,0.4,0.4,0.5,0.2,0.4,0.35,24.600210282,0.00548734489828,-
202683.0,Enes,Kanter,OKC@BKN,OKC,BKN,,,"Kanter, Enes",4700.0,C,4500.0,C,16.0,C,3:30PM EST,18.73,C,9850.0,C,0.746197578138,0.520702455561,0.206985681466,3.39530909033,4.01799280955,5.33260490308,0.521274711085,1.48250700077,9.35059771262,6.43674114232,0.0711680931155,10.6838981219,2.59671710772,25.0,15.5413674855,29.3404645517,3.35881236776e-09,28.4828284404,30.3565372825,29.5796997356,28.5184124869,25.9559658774,15.0,25.0,17.0684048762,28.4828284404,17.9707912269,30.3565372825,17.3813122387,29.5796997356,17.0944076962,28.5184124869,17.1180618808,29.3404645517,0.308267617421,-0.524534769401,4.35518963625,8.63719230474,0.4,0.4,0.4,0.4,0.4,0.45,27.7366730066,0.101074502518,-
202332.0,Cole,Aldrich,LAC@TOR,LAC,TOR,,,"Aldrich, Cole",4400.0,C,3700.0,C,10.0,C,6:00PM EST,20.88,C,7550.0,C,1.20944776056,1.06771817423,0.00153527607925,2.77769641556,1.55769080078,3.6574243159,0.759276303204,1.27800059377,5.21511511669,2.70740565495,0.000392508999946,5.18753258557,1.87086858655,16.0,7.28607240544,17.8151173008,1.1324844604e-08,17.7343705474,18.6548255328,18.0156289814,17.7345668019,17.9223170074,2.0,24.0,2.8762826187,26.7988042551,3.40653494722,28.1539159261,2.93033936018,27.4215759665,2.87630715051,26.7990986368,3.12057318878,27.0218336232,0.674172981861,-0.0842019860601,7.04914719597,11.8362357272,0.0,0.4,0.5,0.6,0.3,0.2,,-0.0117466537482,-
202388.0,Donald,Sloan,OKC@BKN,BKN,OKC,,,"Sloan, Donald",4400.0,PG,5000.0,PG,13.0,PG,3:30PM EST,21.38,PG,6850.0,"PG,SG",5.77434561558,0.0506732408453,2.23151007758,1.89678312989,0.53215118149,3.2346107087,0.565240328755,1.67663959671,3.76676189019,3.0958494641,0.821636718987,7.31357670831,1.43524482559,25.9285714286,8.44858047277,21.9331514064,0.000173624887139,21.1854007069,22.6750917526,21.4259535948,21.5962190664,20.0538021566,4.0,25.0,4.85421005694,20.4938519171,5.28586964394,21.929709769,4.89593554307,20.7169548449,4.99667800426,20.8933069041,5.06947525189,21.2071276076,0.444437533419,-0.394376112175,9.25631394379,10.3219891564,0.2,0.4,0.5,0.8,0.5,0.25,,0.0436429192958,-
203500.0,Steven,Adams,OKC@BKN,OKC,BKN,O,Elbow,"Adams, Steven",4300.0,C,4400.0,C,10.0,C,3:30PM EST,21.68,C,7700.0,C,0.09664252,0.01972689,0.05604121,0.58421057,0.0,0.1642297,0.38519382,0.59362034,0.1642297,0.0,0.02326196,0.95631534,0.25677847,0.0,0.28004043,0.845647685,0.0,0.83830093,1.154953565,0.846512415,0.84993191,0.0,17.0,30.0,13.7115764056,24.2376051928,14.4584133294,25.6404364431,13.9485853106,24.9766067011,13.7232876245,24.2493777709,13.7848690524,24.8034769091,-0.470189414803,-0.113362152984,5.36229692667,6.63601232816,0.0,0.1,0.2,0.0,0.3,0.25,0.0,inf,O - Elbow
2037.0,Jamal,Crawford,LAC@TOR,LAC,TOR,,,"Crawford, Jamal",4300.0,SG,4400.0,SG,14.0,SG,6:00PM EST,19.35,SG,7850.0,"SG,SF",2.5084606535,0.13217269226,4.9096877493,3.61075928619,0.298841244728,1.80179034396,0.594696799085,1.67290388264,2.10063158869,5.26100989311,1.83944334652,12.6536136514,3.34374311868,30.2142857143,15.7052062514,22.6361512307,1.78383198634e-08,21.7694902381,23.631174789,21.8750011744,22.6892119114,21.0995073084,19.0,32.0,13.1675468156,23.1392264519,14.263093456,25.1231142698,13.2431207672,23.2497112084,13.6661113389,24.1260113656,13.4954079651,24.0919592696,1.33650191641,4.13204667268,5.91963528852,9.87261052297,0.2,0.1,0.3,0.4,0.3,0.25,,0.0221743759268,-
202687.0,Bismack,Biyombo,LAC@TOR,TOR,LAC,,,"Biyombo, Bismack",4200.0,C,3800.0,C,14.0,C,6:00PM EST,18.6,C,6350.0,C,0.245500585046,0.767483684751,0.0419044123016,2.60369351325,2.01678209219,4.60713905667,0.143217928149,1.01107902073,6.62392114886,1.78767449601,0.0398840098974,3.42795386983,1.71210453289,18.3571428571,5.3273375348,14.7374040117,1.90700888987e-10,14.4546179961,15.340645714,14.8151641987,14.474560001,14.6568068549,15.0,34.0,11.7802442741,26.9160615092,12.5320331361,28.9541348992,12.0521408335,28.216227052,11.8001862077,26.9360038464,12.0280690331,28.0638167471,0.952347769492,0.841885944916,7.64154002789,9.40729023867,0.4,0.5,0.3,0.0,0.1,0.35,,-0.0110141790785,-
203924.0,Jerami,Grant,BOS@PHI,PHI,BOS,,,"Grant, Jerami",4200.0,PF,4400.0,SF,14.0,SF,7:00PM EST,,,8400.0,"PF,SF",1.35008791893,0.965317549338,1.91128783977,3.0151883377,1.16302735057,3.072923814,0.680525472298,1.3991615071,4.23595116457,2.75177084969,0.509049434012,6.52188189095,1.98312139223,22.7142857143,7.99571252561,17.2261203994,8.36229531772e-09,16.9965103377,18.1697084885,17.2156030179,17.2510350547,16.8743662263,20.0,32.0,15.2217623068,23.0680167591,16.2848328015,24.6580665657,15.4166494387,23.4100170423,15.4562687705,23.3910249741,15.475256026,23.26938418,0.722675691503,0.632620245902,4.98755710745,8.30309403171,0.4,0.5,0.5,0.2,0.3,0.25,,0.00537741370874,-
2449.0,Luis,Scola,LAC@TOR,TOR,LAC,,,"Scola, Luis",4100.0,PF,4300.0,PF,18.0,PF,6:00PM EST,17.2,PF,7450.0,"C,PF",0.872870838574,0.242062160852,1.42665508498,1.57493296249,1.43221191131,3.69172497385,0.556882939236,0.891270045641,5.12393688515,4.0585813598,0.604737795133,8.51072301309,1.12835563983,20.1428571429,9.85025615457,18.139678934,6.98161122895e-10,18.0149068291,19.0512692348,18.3032653144,18.3172757267,16.88908676,18.0,31.0,16.2850968504,26.7792773881,17.2062603637,28.6140384259,16.5298975865,27.5030527137,16.5535552381,27.2534595356,16.3742593191,27.3707703575,0.45206708718,-0.652433150996,5.15173959158,8.75829428116,0.4,0.3,0.35,0.4,0.3,0.45,,0.055891776485,-
101135.0,David,Lee,BOS@PHI,BOS,PHI,,,"Lee, David",4100.0,PF,3500.0,PF,10.0,PF,7:00PM EST,,,7350.0,"C,PF",1.71314578413,0.435748235078,0.032442524367,1.98716216081,1.43772750773,3.06369648979,0.659903070083,1.39027554588,4.50142399752,3.06078725438,0.0896069015398,6.13164034893,1.52409245229,15.6428571429,7.73527386258,16.6473485459,8.48415059772e-08,16.5077284002,17.4827046802,16.7427634565,16.552531851,15.3541149571,8.0,22.0,8.78681738188,22.9297945744,9.35135553422,24.3449624758,8.89444389657,23.3696041198,8.8316208225,22.9745980336,8.93909340928,23.1906020302,-0.263212223915,-1.1398522863,4.95450567027,7.54838796827,0.2,0.2,0.3,0.4,0.3,0.3,,0.0737469781021,-
201976.0,Patrick,Beverley,DAL@HOU,HOU,DAL,GTD,Ankle,"Beverley, Patrick",4100.0,PG,4200.0,PG,12.0,PG,3:30PM EST,19.0,PG,8250.0,"PG,SG",2.66038736181,0.313565009902,4.70838952209,1.23497883883,0.765883605137,2.44265100954,1.08742002182,1.41263237942,3.20853461468,3.75006091049,2.04243443086,8.54204968088,0.808260571575,27.7857142857,10.3508168234,21.1882175962,4.9114254338e-07,19.5809770878,21.4709928978,19.7434594926,20.6021943032,19.0497105516,16.0,34.0,11.6637984861,23.7554894414,12.8075515501,26.046319492,11.7569012802,23.9618840701,12.2868067119,24.9866713968,12.6620370773,25.693591251,-0.488406793537,0.166365864016,7.45180593982,7.37496850351,0.2,0.2,0.2,0.4,0.4,0.4,,0.0191201324076,GTD - Ankle
1626178.0,Rondae,Hollis-Jefferson,OKC@BKN,BKN,OKC,O,Ankle,"Hollis-Jefferson, Rondae",4000.0,SF,4600.0,SG,10.0,SG,3:30PM EST,,,6550.0,"SG,SF",0.09687427,0.07606604,0.0,0.000877036781,0.03239632,0.0,0.0,0.2005626,0.03239632,0.0,0.0,0.0,0.0,0.0,0.0,0.237438325805,0.0,0.135756469,0.237657585,0.137376285,0.135756469,0.0,11.0,31.0,7.93947677183,24.1366242751,8.46252831963,25.6457870282,8.08538630781,24.7652619039,7.96040078515,24.1955919491,8.2084635845,24.7680409349,0.194611027959,-1.07196376859,7.72442015084,10.1074982299,0.4,0.4,0.473684210526,0.4,0.5,0.368421052632,0.0,inf,O - Ankle
203079.0,Dion,Waiters,OKC@BKN,OKC,BKN,,,"Waiters, Dion",4000.0,SG,3900.0,SG,10.0,SG,3:30PM EST,15.68,SG,7300.0,"SG,SF",2.45552863023,0.198549067825,3.31697002085,1.89699660294,0.476343479559,2.50982062801,1.06432891232,1.57105789336,2.98616410756,4.13497850819,1.11899007628,9.91405334264,1.41073070569,28.2857142857,10.7996777984,19.5102764521,1.69068262514e-07,19.0210657397,20.5166871838,19.1716631989,19.5805607778,17.9367557695,19.0,32.0,13.326959255,21.2987083336,14.3553667662,22.9832411602,13.421951401,21.4735737276,13.7078700274,21.929637078,13.6706895279,21.8488102409,-0.0455666750598,-0.63235620935,5.15761670745,7.08845412048,0.4,0.4,0.55,0.6,0.5,0.4,,0.038334190865,-
101109.0,Raymond,Felton,DAL@HOU,DAL,HOU,,,"Felton, Raymond",4000.0,PG,3500.0,SG,11.0,PG,3:30PM EST,16.9,PG,6350.0,"PG,SG",2.65278739507,0.120060195279,2.23909085423,1.32901496782,0.213366058631,1.82227450837,0.562749915015,1.51516797252,2.035640567,2.50252797179,0.666884116459,6.45761509896,1.05203209941,18.5714285714,6.72397215945,13.4648956375,6.91228963734e-09,12.9963741805,14.1893988823,13.0983728378,13.3298162388,13.0692420496,18.0,37.0,12.6227613341,25.0453884774,13.7854873214,27.2644830867,12.7212362219,25.3099650639,12.9489704633,25.6120924966,13.0750406349,26.102376432,0.202102776455,-0.425509319859,7.55291411496,8.91072559646,0.6,0.5,0.3,0.4,0.3,0.5,,-0.00392365448641,-
202325.0,Wesley,Johnson,LAC@TOR,LAC,TOR,,,"Johnson, Wesley",3900.0,SF,3900.0,SF,10.0,PF,6:00PM EST,16.38,SF,6100.0,"SG,SF",0.668090652399,0.665079263423,3.86282121384,1.18654370089,0.619497400114,2.64726926613,0.8218855309,0.873375232208,3.26676666624,3.35831351713,1.43532129677,7.17998101396,0.698216705076,23.4285714286,8.85016503612,16.8328334484,2.37320827206e-11,15.8729753706,17.1921690595,16.037820795,16.590636019,16.0032639015,9.0,27.0,6.35526120704,18.2288452131,6.90896212066,19.7401689981,6.42481413942,18.4199295744,6.58524170285,19.0672187706,6.69113055105,19.3466915289,0.78477955737,0.789285849609,7.84314670053,8.45045884592,0.4,0.3,0.55,0.4,0.4,0.2,,-0.00556109583031,-
203477.0,Isaiah,Canaan,BOS@PHI,PHI,BOS,,,"Canaan, Isaiah",3900.0,PG,4100.0,PG,10.0,SG,7:00PM EST,,,7900.0,PG,1.37009054506,0.18328245161,3.77228928887,1.56653960745,0.303810308115,1.36711466645,0.379254950197,1.28474406022,1.67092497456,2.18419911151,1.3185760608,5.8939381317,1.20354273002,16.8571428571,6.89051701386,11.8174116265,6.08585587991e-12,10.7910935443,12.1763056412,10.8746455807,11.4503815747,11.2361629357,15.0,32.0,9.56460393259,20.7917011477,10.8216266204,23.2232079485,9.64124036724,20.9326999204,10.156460075,22.0008184188,10.5078815917,22.4965284474,0.214132504688,-0.74970895535,7.50304478616,8.22624974937,0.4,0.6,0.5,0.6,0.4,0.35,,-0.0264024215234,-
2746.0,Josh,Smith,DAL@HOU,HOU,DAL,,,"Smith, Josh",3900.0,PF,3600.0,PF,10.0,SF,3:30PM EST,13.05,SF,6250.0,"PF,SF",1.83739018805,1.18951178386,2.36985782316,1.87018580992,1.58299481926,3.94342001986,0.750064530006,1.8676481322,5.52641483912,3.14515419271,0.863560391608,7.94021263728,0.928871091715,20.0,8.08273986874,20.1684721975,5.51676129793e-07,19.4820274533,21.1590779111,19.7934736492,19.9138076491,19.9480356777,9.0,19.0,8.56762457848,18.4898090101,9.45772354782,20.0871688266,8.68143719196,18.7751389198,8.76400832959,18.9001895291,8.87674533386,19.1310859477,-0.502896541805,-0.350970980433,4.17605004034,6.53571626688,0.4,0.5,0.35,0.4,0.3,0.3,21.4807275892,-0.0233004112212,-
1718.0,Paul,Pierce,LAC@TOR,LAC,TOR,,,"Pierce, Paul",3900.0,SF,3800.0,SF,12.0,SF,6:00PM EST,18.13,SF,6350.0,"PF,SF",1.01762642855,0.363318069049,3.38080405089,1.46380796559,0.323166687565,2.78385078241,0.25045955956,0.87040092998,3.10701746998,2.63318356232,1.18878057557,6.25382078412,1.05291085521,19.2142857143,7.50805855541,13.8925781875,6.89823289765e-11,13.1200734894,14.3058073911,13.2762166383,13.7144637772,12.8040433378,9.0,26.0,6.87458654868,17.6057701702,7.47063121494,19.1904390118,6.95322951223,17.8205828062,7.11354670948,18.4362853675,7.20823965521,18.6793973857,0.454406916506,-0.757248072413,6.64097614079,8.47463182772,0.4,0.5,0.65,0.6,0.5,0.3,,0.0164476658823,-
201580.0,JaVale,McGee,DAL@HOU,DAL,HOU,,,"McGee, JaVale",3800.0,C,3100.0,C,10.0,C,3:30PM EST,17.68,C,5250.0,C,0.282315710977,1.48120818531,0.00155192695808,1.17860646425,1.79109907291,2.76531701977,0.223633131189,0.836156115666,4.55641609269,3.29234572205,0.00455618709872,5.92299121268,0.972946776696,14.7142857143,7.5621944079,15.981811052,2.48624588902e-08,16.0268938029,16.6852246668,16.2648685154,16.0291718965,14.2610709035,5.0,18.0,6.10243417148,19.3836963253,6.25097853972,20.2534255933,6.15305733566,19.7240105627,6.10407170268,19.3861910797,5.8941830609,19.391466795,0.621165594262,1.05505724149,4.69467783772,7.79567187611,0.2,0.3,0.5,0.2,0.3,0.2,,0.120007381516,-
204456.0,T.J.,McConnell,BOS@PHI,PHI,BOS,,,"McConnell, TJ",3800.0,PG,3200.0,PG,10.0,PG,7:00PM EST,,,7400.0,PG,3.23276811621,0.169226137523,1.08158443559,0.380967399178,0.471242561744,2.1283463575,0.718687532086,1.62955145945,2.59958891925,1.70998292731,0.340702901219,3.73870785293,0.267155844402,14.5714285714,4.02782460024,12.8929522975,5.75599968458e-08,12.1427593574,13.2581428075,12.2730156272,12.313110808,12.584373289,12.0,31.0,10.0360826556,25.2789960825,10.9935665632,27.5231841053,10.1468382312,25.6538420609,10.1847039626,25.5881790064,10.7016369073,26.7111853019,-0.0136811267699,-0.484040128015,7.58026117017,8.70511744708,0.2,0.2,0.45,0.4,0.5,0.35,,-0.0303068384393,-
202700.0,Donatas,Motiejunas,DAL@HOU,HOU,DAL,O,Back,"Motiejunas, Donatas",3800.0,PF,3200.0,PF,10.0,SF,3:30PM EST,11.3,PF,5400.0,"PF,SF",0.29675287,0.18886222,0.07164669,0.6481899,0.37925075,0.89319902,0.0,0.0,1.27244977,0.0,0.0705919,0.90651686,0.24232541,0.0,0.31291731,2.46882983,0.0,2.662710779,2.7616292175,2.7263332675,2.698006729,0.0,6.0,23.0,6.43784086885,17.5457801834,6.96735480898,19.4089316741,6.54889051792,17.81639111,6.54527848393,17.8576191829,6.51864111236,18.5360851859,0.406237524173,-1.22801224725,7.46015054499,7.8565993818,0.8,0.6,0.5,0.2,0.2,0.4,0.0,inf,O - Back
203499.0,Shane,Larkin,OKC@BKN,BKN,OKC,,,"Larkin, Shane",3800.0,PG,3300.0,PG,13.0,PG,3:30PM EST,15.6,PG,6800.0,PG,3.79230865483,0.141565936571,1.79207200136,1.454390459,0.201578511773,2.13889654238,1.26407966306,1.45650017937,2.34047505415,2.98451039201,0.736434012053,6.78471889061,1.08298649414,21.8571428571,7.78844129022,18.183733125,3.76521760894e-07,17.6402653573,18.8572540423,17.7607869466,18.0084823634,16.4758592424,13.0,30.0,11.2518199224,23.5135135798,12.0741813012,25.1220011261,11.3275322956,23.7039270766,11.5087210055,23.9840694181,11.6253293052,24.2514325323,0.39453937142,-0.297954574424,6.02047787523,7.73145382222,0.6,0.4,0.5,0.0,0.3,0.25,,0.0532734823821,-
203917.0,Nik,Stauskas,BOS@PHI,PHI,BOS,GTD,Shoulder,"Stauskas, Nik",3800.0,SG,3700.0,SG,10.0,SG,7:00PM EST,,,6700.0,SG,1.92020880181,0.438783646082,4.83228010909,1.69938668974,0.382002179334,2.7720996908,0.650573678937,1.4417257945,3.15410187013,2.96426960245,1.50045296704,8.47856315627,1.24932098838,27.9285714286,8.67831316033,16.9700161045,2.51879419172e-08,16.0805374627,17.7104925981,16.2394032174,16.8307639463,15.7245135363,12.0,35.0,7.73072328499,19.7874056403,8.44905664067,21.8256880035,7.82193391014,19.9799228453,8.00807857734,20.7475614867,8.05203288273,20.9339412824,0.0328762969159,-0.69935028196,8.51523611465,8.50348644087,0.2,0.4,0.55,0.2,0.3,0.2,,0.012747659772,GTD - Shoulder
203082.0,Terrence,Ross,LAC@TOR,TOR,LAC,,,"Ross, Terrence",3800.0,SG,3500.0,SG,10.0,SG,6:00PM EST,15.58,SF,6400.0,"SG,SF",0.619029935531,0.23188028287,4.17957344872,0.678133809466,0.357844739663,1.86574557167,0.526188197244,0.80390943999,2.22359031134,2.73818538903,1.6342087155,7.04121228299,0.623321026879,21.8571428571,7.73390052044,13.1009511506,6.84451209552e-14,12.0429813176,13.3732850118,12.154225934,12.8600856753,13.1032010226,14.0,33.0,6.94633833378,19.270947731,7.79775818609,21.2836204955,7.01401889871,19.447198806,7.44006398237,20.5466618944,7.58261974084,20.9312480385,0.535349279279,-0.176980525121,7.5217402625,7.72091753405,0.2,0.4,0.3,0.2,0.1,0.35,,-0.0485067838907,-
201951.0,Ty,Lawson,DAL@HOU,HOU,DAL,,,"Lawson, Ty",3800.0,PG,4500.0,PG,10.0,PG,3:30PM EST,16.95,PG,8000.0,PG,3.96873014293,0.0475235101092,2.10393793891,1.89536629076,0.397462271374,1.51718952529,0.797998373685,1.58715120201,1.91465179667,2.76270038343,0.745892311921,6.31670243854,1.3074834504,22.5714285714,7.57877652918,16.5388944922,9.40354227605e-08,15.9333464652,17.1999650141,16.0334432572,16.3062926211,15.1462676512,12.0,38.0,9.01620001534,26.1986218668,9.74976153126,28.4071308374,9.06788901496,26.5332831616,9.25307197338,26.7701627981,9.41708796039,27.321012485,0.241958525845,0.622580653558,10.1638077116,8.67876530868,0.2,0.1,0.4,0.4,0.4,0.25,,0.0348705803658,-
1626166.0,Cameron,Payne,OKC@BKN,OKC,BKN,,,"Payne, Cameron",3700.0,PG,3400.0,PG,10.0,PG,3:30PM EST,,,5350.0,PG,3.63150746222,0.152025317522,3.31411726297,0.531019800151,0.340676761621,2.90077304826,1.11461330563,1.14675002604,3.24144980988,3.50897155535,1.27141529507,7.76466559176,0.406489630982,19.6428571429,8.69584803675,20.3371494021,3.95811219526e-06,19.4193762222,20.7950121349,19.5859294744,20.0550838697,18.2103141687,2.0,24.0,3.6360617065,23.317279807,3.98910210389,24.9591660363,3.67545194992,23.5289441737,3.78189316496,24.0739690235,4.13195835653,24.357415531,0.629063585185,0.00302686420766,7.94903718184,8.61453405846,0.4,0.5,0.55,0.4,0.3,0.25,,0.0615522499933,-
101111.0,Charlie,Villanueva,DAL@HOU,DAL,HOU,,,"Villanueva, Charlie",3700.0,PF,3000.0,PF,10.0,PF,3:30PM EST,9.45,PF,5000.0,PF,0.991365512672,0.641932417137,6.10703514709,0.993471606538,0.972997859093,4.11482070395,0.603797675985,0.932016704748,5.08781856305,4.63676713585,1.71195638416,11.2531403956,0.812793791023,22.0,11.7982844469,21.7335142828,2.6595109849e-09,20.9501584731,22.5642331351,21.2422465906,21.8061366651,19.3923572069,4.0,25.0,5.45512794692,23.5326635607,5.69332139764,25.4152904828,5.49883128501,23.9053878663,5.6092047773,24.5056253131,5.33074322991,24.5196277372,0.975085020976,0.841382925539,7.22202586936,7.69818335889,0.8,0.8,0.7,0.2,0.1,0.15,20.9665615111,0.0708091484638,-
1626257.0,Salah,Mejri,DAL@HOU,DAL,HOU,,,"Mejri, Salah",3700.0,C,3000.0,C,10.0,C,3:30PM EST,,,5000.0,C,0.389055894032,0.67959391958,0.218098811472,0.504271446711,0.00779714623151,1.14233787613,0.273297245116,0.282507766195,1.15013502236,1.24947776777,0.063433087472,2.66770984142,0.820967599878,7.28571428571,3.38335622288,6.95718642362,4.3804758431e-17,6.97037665396,7.20085385298,7.02788342615,7.00209319769,5.78546065531,0.0,25.0,1.82952114,21.5005513404,1.83082897,22.6170254851,1.82952114,21.8580738825,1.83082897,21.606202796,1.6951815675,21.6397234443,1.95285390306,3.99898905927,8.58015428877,10.5059393633,0.8,0.857142857143,0.857142857143,0.2,0.142857142857,0.142857142857,,0.162635529226,-
201147.0,Corey,Brewer,DAL@HOU,HOU,DAL,,,"Brewer, Corey",3700.0,SF,3900.0,SF,10.0,SF,3:30PM EST,13.55,SF,7000.0,"SG,SF",1.63111901379,0.0764540989069,2.92636144281,1.48360562723,0.568754183884,1.92062332939,1.11753981729,1.21789780317,2.48937751327,2.65296126965,0.958128858207,6.76327701157,1.20582073622,19.0714285714,7.46987213372,14.6686178013,8.57098854819e-10,14.0738936995,15.2865278756,14.1985145449,14.5529581287,13.2027819768,13.0,29.0,10.2780166999,20.2812690284,11.2097351724,21.9587454331,10.3617447401,20.4782240687,10.6533191223,20.9300148567,10.8363994878,20.94270383,0.24160853803,-0.499019728969,6.35307926612,7.44444949495,0.2,0.5,0.6,0.6,0.3,0.15,,0.0456762701084,-
2734.0,Devin,Harris,DAL@HOU,DAL,HOU,,,"Harris, Devin",3700.0,SG,3200.0,PG,10.0,SG,3:30PM EST,14.1,PG,7000.0,"PG,SG",2.24396315449,0.16954078239,2.35083645703,2.08661223852,0.249604053388,1.47151516732,0.923544498887,1.22871612427,1.72111922071,2.53688894636,0.731080442075,6.0560350069,1.44097760796,18.2857142857,7.24583594276,14.0249674932,5.40025506799e-10,13.6345781776,14.70059994,13.7207016568,14.0001183987,13.5871985766,9.0,26.0,7.1444188193,19.0264028753,7.77560675307,20.4549483278,7.18116758674,19.1548224706,7.37428760954,19.5046547466,7.30738501411,19.6074306831,-0.161298872158,-0.555024076589,6.44220647694,7.49748495842,0.4,0.3,0.35,0.2,0.3,0.3,,0.00259107193048,-
201977.0,Marcus,Thornton,DAL@HOU,HOU,DAL,,,"Thornton, Marcus",3700.0,SG,3600.0,SF,10.0,SG,3:30PM EST,14.3,SG,5900.0,"SG,SF",1.04180006473,0.261355023309,3.61980819322,1.11387432543,0.509584258656,2.25752390812,0.531984610001,0.552741257349,2.76710816677,2.93760445365,1.28083496576,7.25878522223,0.867143557411,14.0,8.02318743047,14.494444044,4.09205933722e-11,13.940355337,14.9958780482,14.0790899367,14.5807728199,11.6254272734,9.0,35.0,10.0308053473,30.3604652934,10.7234204704,32.9758722762,10.1447546773,30.6389704273,10.4446264685,31.9525874956,10.3292086518,32.0359761343,1.30497876505,1.53158648193,8.71947020981,10.8582447649,0.4,0.5,0.45,0.2,0.2,0.2,12.5741732037,0.165352004544,-
203143.0,Pablo,Prigioni,LAC@TOR,LAC,TOR,,,"Prigioni, Pablo",3700.0,PG,3300.0,PG,10.0,SG,6:00PM EST,9.7,PG,5000.0,"PG,SG",2.11968363286,0.0229451838427,1.81734041749,0.221427387284,0.555873631449,1.15872320421,0.966393777595,0.905060350896,1.71459683566,1.06513239369,0.55082196398,2.38514490288,0.126268241558,14.8571428571,2.80735499291,9.85330948541,3.42549684188e-11,9.11801421697,9.93168986696,9.20374870952,9.39342519896,9.77194569822,7.0,21.0,4.00578960954,13.1148443646,4.43420637477,14.2299626378,4.04906345155,13.2340155881,4.11517108831,13.5200602309,4.39168514077,14.1863629389,0.971094971907,1.0925304142,5.34686195879,6.47685450422,0.4,0.7,0.8,0.4,0.2,0.15,,-0.0440146189303,-
203900.0,Markel,Brown,OKC@BKN,BKN,OKC,,,"Brown, Markel",3600.0,SG,3000.0,SG,10.0,SG,3:30PM EST,5.0,SG,5000.0,SG,1.07232369783,0.155662337049,1.09227552759,1.01942279577,0.207066119424,1.21296169556,0.404258037801,0.641110782325,1.42002781499,0.823646417037,0.1242658387,2.82178396328,0.740072492792,12.5,2.51163116557,6.24933078802,6.98340914794e-15,6.30288005767,6.75656981296,6.37388150245,6.36501297702,7.02656819116,3.0,20.0,0.821996159932,10.8186412913,1.02088964478,11.5678931226,0.829975534312,10.9394303128,0.859763188521,10.9943842552,1.01687621373,10.7577556522,0.712787311541,-0.379617038115,7.08455243406,5.16507005935,0.8,0.9,0.85,0.2,0.1,0.05,,-0.0578950506788,-
200826.0,Jose Juan,Barea,DAL@HOU,DAL,HOU,,,"Barea, Jose Juan",3600.0,PG,3600.0,PG,14.0,SG,3:30PM EST,15.15,PG,7200.0,"PG,SG",3.61121450372,0.0200125043536,2.83844326534,1.22798468141,0.25085973039,1.39376417763,0.282987447091,1.79707809795,1.64462390802,3.04822531066,0.886175156217,7.58011172468,0.913946784517,18.5714285714,7.89657256206,14.7546806514,1.51068699055e-08,14.0958648122,15.5222362946,14.1806096675,14.5389523903,14.7390222469,13.0,31.0,10.1232923701,22.957757183,11.1830633797,25.2780379142,10.1776726417,23.1863466114,10.4629652343,23.6315391229,10.5650802104,24.2020970188,0.972249629028,1.51653607193,6.51200490074,9.58506344765,0.6,0.4,0.3,0.0,0.1,0.25,,-0.0346315541754,-
203186.0,Willie,Reed,OKC@BKN,BKN,OKC,,,"Reed, Willie",3600.0,PF,3100.0,PF,10.0,PF,3:30PM EST,6.98,PF,5000.0,"PF,SF",0.683627978978,0.541653705367,0.0514731082927,1.57957617823,1.05471546826,1.7953965027,0.285844969683,0.543864888923,2.85011197097,1.72615521661,0.0243995428129,3.36799949513,0.914058803098,11.3571428571,4.39076877913,9.80960145653,2.32692585917e-13,9.94747757394,10.374210421,10.0900782051,9.95967734534,9.23358847805,6.0,13.0,5.69333117255,11.2520824704,5.9443037276,11.7329489909,5.77462041073,11.4137191126,5.7010023065,11.2656710239,5.66239824221,11.081722243,0.271360083441,-0.852539985361,4.39841045069,5.0425849565,0.8,0.8,0.8,0.2,0.1,0.05,,0.0628581593865,-
202335.0,Patrick,Patterson,LAC@TOR,TOR,LAC,,,"Patterson, Patrick",3600.0,PF,3600.0,PF,10.0,PF,6:00PM EST,13.23,PF,7700.0,"C,PF",1.37659865788,0.297411531362,4.89358355684,0.714270367695,1.18578001071,4.02781019463,0.697071176413,0.967486600267,5.21359020534,3.31873413069,1.77503794661,7.98154072466,0.459107370567,28.5,8.87161357855,19.5438407944,3.84645335997e-08,18.2142986271,19.8759208245,18.5046585511,19.1018176004,17.6224479245,16.0,32.0,10.9951733648,20.2356537005,11.9493340487,22.1198209673,11.1467933097,20.5893166642,11.48624108,21.2341790261,11.7051200436,21.7712901218,0.173785102827,-0.0303609674667,5.7784876186,7.61912773352,0.2,0.2,0.3,0.6,0.5,0.4,,0.0207666913197,-
2555.0,Nick,Collison,OKC@BKN,OKC,BKN,,,"Collison, Nick",3600.0,PF,3100.0,C,10.0,PF,3:30PM EST,5.0,PF,5000.0,"C,PF",1.14268847289,0.183658449783,0.222640872888,1.06919162153,1.75289042651,2.78929737728,0.51261326263,0.951255387163,4.54218780379,1.84569187792,0.0189339346729,4.23658725424,0.750888551675,18.0,4.46120624219,12.1147555363,6.01272283348e-10,12.0671523537,12.7817802375,12.2966855766,12.0766193211,10.9870590243,5.0,19.0,4.28770851846,12.6990998376,4.54159736452,13.4521888089,4.35800204126,12.9420336457,4.29608337545,12.7105190589,4.15932406398,12.7655121899,0.57341603895,-0.491082404038,4.94090252696,5.80053279056,0.8,0.9,0.9,0.2,0.1,0.05,11.7328677615,0.0600051849708,-
203138.0,Hollis,Thompson,BOS@PHI,PHI,BOS,,,"Thompson, Hollis",3600.0,SF,3600.0,SG,10.0,SG,7:00PM EST,,,7150.0,"SG,SF",1.31090751284,0.37318249995,4.74294533169,1.62400554979,0.736550340457,3.28491436574,0.485423733001,1.39184709973,4.0214647062,3.51808313598,1.79558190094,8.82782021413,1.17009976098,29.7857142857,10.0018479339,18.3808815035,6.23561522338e-09,17.1193322168,18.9215309498,17.3278164495,18.0171231672,16.6078457089,21.0,33.0,12.494575901,18.8113162347,13.7701948748,20.8104417139,12.649132271,19.043805788,13.1042815533,19.8145042455,13.3467960793,20.2283208592,0.302985316529,-0.550316206752,5.93558140345,6.00813424614,0.6,0.6,0.6,0.2,0.1,0.15,,0.0171722088983,-
1891.0,Jason,Terry,DAL@HOU,HOU,DAL,,,"Terry, Jason",3500.0,PG,3200.0,PG,10.0,PG,3:30PM EST,12.05,SG,5000.0,"PG,SG",1.80161377095,0.128643982534,4.19681535355,0.740255348928,0.00501074477688,1.07701349776,0.931551177746,1.07403183769,1.08202424254,2.59106649775,1.57219264877,5.80101879802,0.607905594014,19.2142857143,7.36223123829,13.7371880978,2.02885833611e-12,12.4094394686,13.7866636964,12.4635514532,13.195535793,11.565353854,6.0,29.0,5.50557329331,17.6343165844,6.16927553444,19.5449194461,5.52636716016,17.7180886621,5.85635796774,18.7427788333,6.2572915119,19.3937284776,0.374290561061,-0.187102356087,7.24048401831,6.24562720429,0.8,0.6,0.65,0.0,0.1,0.15,,0.0439301063359,-
202379.0,Jeremy,Evans,DAL@HOU,DAL,HOU,GTD,Shoulder,"Evans, Jeremy",3500.0,PF,3000.0,SF,10.0,SF,3:30PM EST,,,5000.0,"PF,SF",0.505731361738,0.364161382261,0.541031385677,1.20771985524,0.961589984365,1.51181573693,0.113236566152,0.431415898419,2.47340572129,1.49561743128,0.196555150801,3.29177749472,1.02644312131,8.85714285714,4.21423313468,8.50591154771,4.00648920227e-15,8.46429704124,8.90198309172,8.58799756711,8.56257461664,6.61602105148,0.0,25.0,2.504485704,20.5420336794,2.678707915,21.5315999658,2.525672855,20.9242692396,2.566319134,20.7067336489,2.462753445,20.8311492187,0.800388671917,-0.558436967512,9.27063187623,6.26333408387,0.6,0.8,0.8,0.0,0.0,0.0,,0.208676321424,GTD - Shoulder
203460.0,Andre,Roberson,OKC@BKN,OKC,BKN,,,"Roberson, Andre",3500.0,SG,3100.0,SG,10.0,SG,3:30PM EST,14.28,SG,5000.0,"SG,SF",0.910110063437,0.629808620874,1.58223527309,0.741940850618,0.928858375441,2.09172139558,0.942347195193,0.633377908513,3.02057977102,2.08907630189,0.390686921214,4.0011250756,0.543756352393,19.0714285714,5.11259587739,12.9445889416,1.99654604359e-11,12.6133904214,13.2767158054,12.7646833906,12.808733882,11.2053780176,15.0,30.0,10.2784293882,18.8809174053,10.8159662756,19.8966278611,10.3937743168,19.1434447484,10.4353792775,19.179317294,10.5492353579,19.3938785381,1.30263664843,3.65470957176,5.52349393055,6.90377650429,0.4,0.4,0.35,0.0,0.1,0.2,,0.0738283657444,-
203461.0,Anthony,Bennett,LAC@TOR,TOR,LAC,,,"Bennett, Anthony",3500.0,PF,3000.0,SF,10.0,SF,6:00PM EST,6.35,PF,5000.0,"PF,SF",0.368968402823,0.0868116440419,0.420565922066,0.731285089041,0.512335431028,0.817433211187,0.385188805832,0.368733524428,1.32976864222,0.822434517311,0.0471966236038,1.9475969648,0.422313491019,4.42857142857,2.11437914924,4.77833982472,2.16919372137e-19,4.83882149946,5.11327501962,4.9053099456,4.86241981126,3.27415201242,2.0,17.0,3.14752524146,13.5937668349,3.31857482858,14.4099443355,3.18375795725,13.8233297417,3.14919453663,13.7308800564,3.10188144659,13.4650860612,-0.137257217886,-1.24834368393,4.65344447206,2.66273953255,1.0,1.0,0.9,0.0,0.0,0.05,,0.353312464814,-
203909.0,K.J.,McDaniels,DAL@HOU,HOU,DAL,,,"McDaniels, KJ",3500.0,SF,3000.0,SF,10.0,SF,3:30PM EST,5.0,SG,5000.0,SF,0.370785150229,0.0822188292637,0.797845667832,0.370267003776,0.0241707197689,0.315679236915,0.313472810501,0.502532337055,0.339849956684,0.869980442712,0.370538749665,1.35399597199,0.298019630663,2.21428571429,2.40851926575,4.16109957202,1.28538186225e-24,3.66136788159,4.11489592278,3.67836037942,3.84663725642,1.65786719034,0.0,10.0,2.349966511,8.97421669276,2.6874167275,9.86017852382,2.3533576775,9.06332240704,2.503096166,9.27249346959,2.8378629425,9.53985305379,0.669652378128,-0.783187473052,4.14384224741,3.32489885274,1.0,1.0,1.0,0.0,0.0,0.0,,0.904806763792,-
201627.0,Anthony,Morrow,OKC@BKN,OKC,BKN,,,"Morrow, Anthony",3500.0,SG,3000.0,SG,10.0,SF,3:30PM EST,9.85,SG,5000.0,"SG,SF",0.479763276721,0.0910320588035,3.23873771479,0.616038105781,0.133304225005,0.838646706548,0.709044224175,0.358653276592,0.971950931553,2.39173853079,1.3154278655,5.19402047847,0.575935947944,14.7857142857,6.67484087503,10.6350822756,1.22789010185e-16,9.80232619734,10.6879643557,9.85092378463,10.4600401301,8.52533051007,6.0,24.0,4.97360477879,14.8665950022,5.37754866617,16.2574402279,4.98368824597,14.955600962,5.24971326585,15.9245292804,5.3409333158,16.1875030907,0.448139593442,-0.362131097939,6.72698756305,6.04093436392,1.0,0.7,0.8,0.0,0.1,0.05,,0.0863668580762,-
1626181.0,Norman,Powell,LAC@TOR,TOR,LAC,,,"Powell, Norman",3500.0,SG,3000.0,SG,10.0,SG,6:00PM EST,5.0,SG,5000.0,SG,0.266868593032,0.0318523983434,0.664158199319,0.0246619392517,0.178645147667,0.603530316479,0.471950470676,0.11690595975,0.782175464146,1.17089308738,0.0540502545645,2.31174957033,0.0766218765351,2.92857142857,2.47245830585,4.58145940219,1.46626283576e-20,4.70207153066,4.82665841125,4.74118030409,4.72909665795,2.06957099607,1.0,11.0,3.59115688186,9.24873626501,3.63147268827,9.72602994014,3.6130799656,9.35978707566,3.60012918762,9.35131579349,3.44714425496,9.09690330133,1.74295350695,2.61001611241,5.74712204192,4.54955556976,1.0,1.0,0.941176470588,0.0,0.0,0.0,,0.898902621569,-
1626175.0,Jordan,Mickey,BOS@PHI,BOS,PHI,,,"Mickey, Jordan",3500.0,PF,3000.0,PF,10.0,PF,7:00PM EST,,,5000.0,PF,0.565665857297,0.0721602135332,0.0903756291814,0.0327132178649,0.103460915871,0.0825180821182,0.299184542448,0.339082697623,0.185978997989,0.832921287197,0.122709126858,1.26817234466,0.227189344374,2.0,2.01574104563,3.73237713634,5.18105672623e-24,3.4910214435,3.73121630565,3.50032039341,3.55237600693,1.90176882658,1.0,3.0,2.83600822813,4.20648147559,3.03898104124,4.49411020584,2.84320490012,4.22809452248,2.88908722485,4.27611160574,3.02113516219,4.39149516935,-1.70016184829,,1.0,2.34307490277,1.0,1.0,1.0,0.0,0.0,0.0,,0.79462630846,-
202362.0,Lance,Stephenson,LAC@TOR,LAC,TOR,,,"Stephenson, Lance",3500.0,SG,3000.0,SF,10.0,SG,6:00PM EST,5.95,SG,5000.0,"SG,SF",0.604477118271,0.213925469656,0.489872163346,0.712700740621,0.277194327696,0.977024487904,0.224475148187,0.666583701364,1.2542188156,1.21224606781,0.024716288073,2.1865111838,0.382379412472,7.0,2.83158783617,5.54815612751,1.67832641293e-17,5.45358362662,5.86194458641,5.51629459169,5.46594177066,4.32732925573,5.0,24.0,4.30327238801,15.9427409861,4.68595881994,17.158543857,4.35122382835,16.1339922208,4.35985083054,16.1653507078,4.49385041799,16.3976239839,0.538765816212,-0.752616613602,7.47376363402,7.74498265347,0.8,0.8,0.65,0.0,0.0,0.1,,0.160893481556,-
202713.0,Kyle,Singler,OKC@BKN,OKC,BKN,,,"Singler, Kyle",3500.0,SF,3100.0,SF,10.0,SG,3:30PM EST,8.0,SF,5000.0,"SG,SF",0.649246555781,0.136201536603,2.44378839972,0.542735394623,0.408088222684,1.57782255214,0.584038862685,0.653863624728,1.98591077483,2.1967178832,0.856894075568,4.74058614002,0.313308051043,17.8571428571,5.56363789301,10.2970328424,2.43437205796e-14,9.70721783033,10.5619053333,9.80652648318,10.1356648681,9.0467060381,3.0,21.0,2.94278455317,11.2774950805,3.10364667259,12.2812869968,2.95219245297,11.3981548595,3.00740438672,11.7829055653,3.09019175488,11.9597426575,0.575000880498,-0.651592564851,6.78397240855,4.98026407965,0.6,0.8,0.85,0.0,0.0,0.0,,0.0369886603645,-
202711.0,Bojan,Bogdanovic,OKC@BKN,BKN,OKC,,,"Bogdanovic, Bojan",3500.0,SF,3400.0,SF,10.0,SF,3:30PM EST,12.25,SG,6400.0,"SG,SF",0.978466888935,0.103456284593,3.13575955319,1.07164473104,0.481802649128,2.40407829708,0.367418305652,1.14506185407,2.88588094621,2.81312917884,0.983953522951,6.85258443106,0.817779579519,22.7142857143,7.42799146015,12.7834856758,2.74622025495e-11,12.1554362554,13.3646887593,12.3001810708,12.6474130169,12.2445041661,18.0,37.0,9.37869900778,20.5697915513,10.3285883819,22.5940116158,9.49060671181,20.8430614471,9.74216382433,21.4511984489,9.86740926584,21.6587722317,0.763717407994,0.174600255774,7.22556390771,8.38136051109,0.6,0.6,0.35,0.0,0.2,0.4,,-0.00392122877099,-
202709.0,Cory,Joseph,LAC@TOR,TOR,LAC,,,"Joseph, Cory",3500.0,PG,3500.0,PG,10.0,PG,6:00PM EST,14.1,PG,6700.0,PG,3.18124227944,0.149469828846,1.37618907793,2.70417827909,0.533500900237,1.92579559853,0.784470776649,1.38352227226,2.45929649877,2.89412468432,0.393911377957,6.64496028974,2.0142133552,25.0,8.19637410179,16.5038701704,1.79107982916e-07,16.4037522582,17.416694706,16.5279778809,16.6007079472,16.4581629032,18.0,33.0,12.1088613196,21.3121990451,12.8855736661,22.6033101984,12.1895232002,21.4944032485,12.2680850783,21.5522769402,12.1933350358,21.4410883545,-0.0148188090995,-0.743311745582,5.55581763871,7.73026011032,0.4,0.3,0.4,0.4,0.3,0.3,,-0.00217642579855,-
203098.0,John,Jenkins,DAL@HOU,DAL,HOU,,,"Jenkins, John",3500.0,SG,3000.0,SG,10.0,SG,3:30PM EST,5.0,SG,5000.0,"SG,SF",0.73205190638,0.181511958421,1.44352083361,0.729121000492,0.27551020474,1.13003612801,0.598209309403,0.541234820521,1.40554633275,1.22907779242,0.50554969957,3.20578061289,0.567895667045,9.57142857143,3.53160095146,7.64650478536,9.77966135994e-16,7.33454212545,7.92821190607,7.40481964603,7.58731697524,5.75713153688,2.0,23.0,2.94625347414,15.1175446391,3.1714909078,16.3651643809,2.97702428137,15.258394582,3.05591934574,15.6241354125,3.08166930639,15.7432999688,2.64716298216,9.31660674,8.77030789959,6.12151461458,1.0,1.0,0.95,0.0,0.0,0.05,,0.164804091343,-
203085.0,Austin,Rivers,LAC@TOR,LAC,TOR,,,"Rivers, Austin",3500.0,PG,3200.0,SG,10.0,PG,6:00PM EST,13.83,SG,5000.0,"PG,SG",1.26176358081,0.18487915293,2.53009524223,1.33952440701,0.400248254646,1.51932957992,0.589869280017,0.933308147156,1.91957783457,3.13145263831,0.632290574904,7.22890233412,0.996851363532,21.8571428571,7.89204721506,12.7892951963,1.2121230119e-11,12.7043747065,13.5831736851,12.800374324,13.0205199939,12.9604355908,16.0,31.0,9.15288704993,18.2481603167,9.81900532236,19.45942308,9.224607259,18.3825338885,9.37398710143,18.7126688993,9.25368729129,18.3089253974,0.901277182949,1.44760494515,6.33463212054,7.0042656417,0.6,0.5,0.6,0.0,0.2,0.15,,-0.0117152038571,-
201171.0,Carl,Landry,BOS@PHI,PHI,BOS,,,"Landry, Carl",3500.0,PF,3000.0,PF,10.0,C,7:00PM EST,,,5000.0,"PF,SF",0.85557852662,0.1884070307,0.217607589077,1.65708463797,1.06589138884,1.66347934608,0.234910590936,0.649700164186,2.72937073492,2.45402604492,0.0956574915953,4.22908705557,1.24437670975,10.2142857143,6.24808629119,11.013925878,3.44096951213e-12,11.0036340421,11.5129748769,11.140296049,11.0514627879,8.57106228469,6.0,23.0,7.67084508786,21.1149768017,8.04899712624,22.0773243149,7.7637293514,21.4394492414,7.71291273707,21.1802841286,7.75586235653,20.9718835369,0.0864204883637,-1.60848236749,6.57405368233,9.28024294353,0.6,0.5,0.5,0.0,0.3,0.4,,0.23815387835,-
201601.0,Luc Richard,Mbah a Moute,LAC@TOR,LAC,TOR,,,"Mbah a Moute, Luc",3500.0,SF,3100.0,PF,10.0,PF,6:00PM EST,11.43,PF,5000.0,"PF,SF",0.89214468285,0.434774310242,1.17583317521,1.20830300622,1.17440529822,2.67817285351,0.51843134473,0.726745394447,3.85257815173,2.01500937232,0.386753900417,4.91220177674,0.77179808969,21.7142857143,5.18857073474,12.4408541656,3.90306428278e-11,12.3295474566,13.0804076622,12.5236580148,12.5229244068,11.4019691446,0.0,26.0,2.210870805,14.3827661793,2.31957036,15.2708552985,2.244593935,14.6139523529,2.210870805,14.6193761108,2.096291305,14.5555977451,0.198791395925,-0.977454583966,9.30158654183,5.58898524757,0.4,0.3,0.6,0.0,0.1,0.05,,0.0427174222622,-
203923.0,James,Young,BOS@PHI,BOS,PHI,,,"Young, James",3500.0,SF,3000.0,SG,10.0,SG,7:00PM EST,,,5000.0,SG,0.659908223682,0.0896298075546,0.825246846136,0.0960271268197,0.0588317639714,0.808285361154,0.387905340131,0.188152968754,0.867117125126,0.634355081066,0.173619262378,1.57649900554,0.222375349848,7.0,1.66470477436,4.56912766461,3.40515128077e-19,4.46202498665,4.6862669587,4.50538084314,4.54883461784,3.5140081348,1.0,20.0,1.63553485459,10.9990411042,1.67837413935,11.7762303738,1.64223147939,11.1383818422,1.65488492964,11.3753647026,1.65860266038,11.1582286577,1.06226338798,-0.165204840795,6.45060416687,4.38285429426,1.0,1.0,0.9,0.0,0.0,0.0,,0.135430978835,-
200779.0,Steve,Novak,OKC@BKN,OKC,BKN,,,"Novak, Steve",3500.0,SF,3000.0,SF,10.0,SF,3:30PM EST,5.0,SF,5000.0,"PF,SF",0.301230392132,0.037569174501,1.28616303295,0.0517843801719,0.0525288884603,0.251188070781,0.0460302895178,0.139426897435,0.303716959242,1.35960935992,0.528155990724,1.97168434051,0.0284191142288,4.71428571429,3.27579382479,4.57406702045,9.27019078589e-26,4.11987179468,4.46884908673,4.13505764265,4.38394979005,2.56952452111,1.0,6.0,2.4282172793,4.71212545652,2.52777215344,5.15117950821,2.43371925924,4.73440164302,2.47726481923,5.05063707107,2.5818779015,5.27409012159,-1.19638828992,-0.0185968005478,2.16794833887,1.88997354479,1.0,1.0,0.95,0.0,0.0,0.0,,0.32886154288,-
203956.0,Mitch,McGary,OKC@BKN,OKC,BKN,,,"McGary, Mitch",3500.0,PF,3000.0,PF,10.0,PF,3:30PM EST,5.0,PF,5000.0,"C,PF",0.0994296904728,0.0992981145727,0.0592597121936,0.42873412373,0.241357215077,0.889090149912,0.15268102126,0.300982207714,1.13044736499,1.00802830301,0.00700848613848,2.38120535992,0.236459180853,3.0,2.25952427301,3.79084067407,4.34594562197e-24,3.96818171066,4.17869942967,4.02470408274,3.97168595373,2.52577701083,2.0,11.0,3.1196610571,10.2000782086,3.28322584232,10.7871245024,3.1606692027,10.381619497,3.12199721915,10.2129270998,2.9311874686,10.1130043933,1.39132035959,2.16648675444,3.71587032977,3.5537448648,1.0,1.0,0.85,0.0,0.0,0.1,,0.480801566609,-
1626149.0,Montrezl,Harrell,DAL@HOU,HOU,DAL,,,"Harrell, Montrezl",3500.0,PF,3000.0,PF,10.0,PF,3:30PM EST,5.93,PF,5900.0,PF,0.660774404591,0.339083499386,0.133463549536,1.77136633238,0.97177365284,1.93191215111,0.228645587594,0.548252401014,2.90368580395,1.35628250429,0.0852717135104,3.090995218,0.978190781146,11.2142857143,3.77602750323,8.71151760288,1.07812455401e-13,8.8388178478,9.30083140809,8.98406935082,8.88145370456,6.98889636143,2.0,22.0,3.82034573757,14.9186608317,3.95836287538,15.7677904776,3.89851428255,15.1503002565,3.85695071553,14.9683560892,3.6100013162,14.8990532804,1.15456449016,0.80537184573,7.45832867784,6.4130128125,0.8,0.9,0.9,0.2,0.1,0.05,,0.164961151651,-
1626179.0,Terry,Rozier,BOS@PHI,BOS,PHI,,,"Rozier, Terry",3500.0,PG,3000.0,PG,10.0,PG,7:00PM EST,,,5000.0,PG,0.756910068952,0.0558856846802,0.561760726131,0.311083388748,0.295328321596,0.372054276527,0.720537230538,0.292046006404,0.667382598123,0.450095475273,0.210324536314,2.21991423524,0.332544705594,4.0,1.44306019245,4.59271154641,2.77633040099e-19,4.64008423766,4.92463863901,4.67345336765,4.74524650582,2.86618321402,1.0,16.0,3.06220570117,13.4043254896,3.17997795493,14.3816958619,3.07209791459,13.5572896665,3.13801946946,13.6268817573,3.0769375484,13.3652676163,0.932694300096,0.174426977885,5.5192843739,3.4482302224,1.0,1.0,1.0,0.0,0.0,0.0,,0.443475255909,-
1626158.0,Richaun,Holmes,BOS@PHI,PHI,BOS,,,"Holmes, Richaun",3500.0,PF,3000.0,PF,10.0,PF,7:00PM EST,,,5000.0,PF,1.19786624598,0.718108122528,1.02772513036,1.71604253866,1.36527976318,1.49162740386,0.383512289111,0.736228229284,2.85690716705,2.77147426325,0.271882229803,4.98984329988,1.28689451617,14.9285714286,7.10172527247,13.9152868961,1.42584130698e-10,13.7938258359,14.4411003906,13.9370451611,13.9297669508,11.7586492281,6.0,22.0,7.2938447284,18.941810873,7.66846240519,19.8106276114,7.36969251628,19.1439863921,7.36873578057,19.1261036376,7.45715284296,19.0375929547,0.945456262083,0.177937081908,6.7820327146,8.01411997362,0.8,0.6,0.6,0.2,0.3,0.25,,0.136327619659,-
1626147.0,Justin,Anderson,DAL@HOU,DAL,HOU,,,"Anderson, Justin",3500.0,SF,3000.0,SF,10.0,SF,3:30PM EST,,,5000.0,SF,0.639081327848,0.264264690997,1.58085848872,0.781789476695,0.226869125702,1.21227668964,0.642956264795,0.511214405149,1.43914581534,0.747774822869,0.398929601886,2.91042024023,0.507269933312,8.14285714286,2.40174918093,6.5077766219,1.97218902163e-16,6.39057365755,6.91760303382,6.4625310303,6.59003845849,5.04933250658,2.0,17.0,3.46191853833,11.397879408,3.68786216547,12.3591191911,3.49493279215,11.5260740929,3.56512270874,11.7361386064,3.62569947758,11.5461133379,1.46585666672,0.94009648081,6.4234624281,6.34023478076,0.6,0.8,0.8,0.2,0.1,0.05,,0.164713825557,-
1626153.0,Delon,Wright,LAC@TOR,TOR,LAC,,,"Wright, Delon",3500.0,PG,3000.0,PG,10.0,PG,6:00PM EST,5.0,PG,5000.0,PG,0.879449967993,0.033083751485,0.564316128519,0.13748725475,0.175318884495,0.379188592864,0.138340351778,0.390378766277,0.554507477359,0.838550749845,0.156868895993,1.90915541246,0.101293097504,2.42857142857,1.93526349319,3.97540080684,1.23295299125e-19,3.87231685826,4.17366606367,3.90004223253,3.95075130625,1.92916968397,1.0,7.0,2.86445038458,6.32743496627,3.10881247167,6.79286900151,2.8781304912,6.38183124824,2.93333444846,6.43643064344,2.96752869234,6.38965341725,-0.348811408719,-0.857208925887,1.71593835683,1.1811011811,1.0,1.0,1.0,0.0,0.0,0.0,,0.800119424706,-
203998.0,Bruno,Caboclo,LAC@TOR,TOR,LAC,,,"Caboclo, Bruno",3500.0,SF,3000.0,SF,10.0,SF,6:00PM EST,5.0,SF,5000.0,SF,0.055675686606,0.108309497111,0.234786400902,0.0648464614681,0.13999529297,0.144867010626,0.03360690794,0.269744235506,0.284862303595,0.228115371984,0.051122995226,0.111713032888,0.078069057724,1.28571428571,0.585422796918,1.25750412773,4.0553781653e-33,1.02485966574,1.19953639628,1.03910278092,1.05042116335,0.932695136105,1.0,1.0,0.827873615128,0.827873615128,0.98485044322,0.98485044322,0.839945412379,0.839945412379,0.847754779939,0.847754779939,0.949303151112,0.949303151112,,,0.0,1.55563491861,1.0,1.0,1.0,0.0,0.0,0.0,,0.071683523047,-
203092.0,Tyler,Zeller,BOS@PHI,BOS,PHI,,,"Zeller, Tyler",3500.0,C,3000.0,C,10.0,PF,7:00PM EST,,,5000.0,"C,PF",0.451680181304,0.438082434318,0.0332690175204,1.60375385232,0.611402146542,2.21308727143,0.0954871848117,0.436411600988,2.82448941798,1.83367631186,3.21792395636e-05,3.55481241135,1.08784029239,8.0,4.75522509534,9.25321002788,8.44625496627e-15,9.45286030614,9.81241893162,9.59419704151,9.45287639576,6.97410450127,5.0,16.0,6.85281890284,16.2478318973,7.05544270906,17.0455438209,6.95580922899,16.5110861706,6.85282895885,16.2478640765,6.65621076336,16.0662831775,1.05751861569,1.17342829983,4.23995377065,5.28377077647,0.8,0.8,0.8,0.0,0.1,0.05,,0.309844475609,-
201961.0,Wayne,Ellington,OKC@BKN,BKN,OKC,,,"Ellington, Wayne",3500.0,SG,3200.0,SG,10.0,SG,3:30PM EST,11.88,SG,5000.0,SG,1.46538609195,0.118366935181,4.55298979133,1.06664973193,0.352473067118,2.81674444592,1.09046407234,1.03302749389,3.16921751304,3.86584115211,1.381693239,10.4077232221,0.809012116678,28.5714285714,9.9223876599,17.6668727769,3.44470985169e-09,17.3081623346,18.6754254584,17.4680650919,17.9990089541,16.9229167574,9.0,29.0,4.61404989988,17.5861355996,5.01766574537,18.9746798402,4.65579829061,17.7488050305,4.74452283385,18.2892531757,4.69818326191,17.9510978123,1.40427472239,3.93510041977,7.6636808669,6.983815335,0.4,0.4,0.35,0.2,0.1,0.2,,0.0134835952042,-
203088.0,Kendall,Marshall,BOS@PHI,PHI,BOS,,,"Marshall, Kendall",3500.0,PG,3000.0,PG,10.0,PG,7:00PM EST,,,5000.0,PG,3.25539436285,0.00616559386055,1.73929339409,0.00507440565194,0.233669505459,1.11651141136,0.365465139236,1.98954737719,1.35018091681,1.5062380433,0.567817647348,3.82033779356,0.294334092129,14.4285714286,3.87462782607,10.2558545203,2.56420026873e-10,9.13165055953,10.4780773142,9.19939480195,9.4155593832,9.51146848319,8.0,24.0,5.15439646994,14.6992764554,5.99956617439,16.8073882218,5.2010984765,14.8137192082,5.33284719049,15.140200677,5.84258039364,16.2299900997,-0.470053026087,-0.934440488107,5.53993764323,4.35937860459,1.0,0.9,0.75,0.0,0.0,0.1,,-0.0263240145107,-
201973.0,Jonas,Jerebko,BOS@PHI,BOS,PHI,,,"Jerebko, Jonas",3500.0,PF,3100.0,PF,10.0,SF,7:00PM EST,,,5000.0,"PF,SF",1.17882340954,0.030316670953,1.25769808785,0.936583107422,1.14551915236,2.50991694237,0.580158239781,0.926599227057,3.65543609473,1.98984045856,0.591949832108,4.23140381958,0.7360731646,16.0714285714,5.30770391383,12.3858378289,3.74492269195e-10,11.7568129362,12.7000007473,11.9407262177,12.0527878523,10.8182265557,6.0,20.0,5.36862831728,14.4583388224,5.81139729613,15.6031074179,5.42725681322,14.6975040049,5.5072024354,14.8157112129,5.71531909223,15.2060032919,0.436596028129,-0.318548944142,5.69558123686,5.82009064788,0.4,0.6,0.65,0.0,0.1,0.1,,0.0584009303426,-
203939.0,Dwight,Powell,DAL@HOU,DAL,HOU,,,"Powell, Dwight",3500.0,PF,3300.0,PF,10.0,PF,3:30PM EST,11.53,PF,5500.0,PF,0.878534137967,0.409852214769,0.347334266716,2.06837801241,1.38810512639,2.7935108126,0.599805743337,0.637184784895,4.18161593899,2.72196823004,0.069017566738,5.70500100086,1.57870423978,15.0,7.09165826661,14.5449734712,1.21417488948e-10,14.8095297317,15.3769089191,15.0238077433,14.844038515,12.9720950531,8.0,26.0,8.83725017755,24.1945404596,9.10947828433,25.4197502246,8.94732116056,24.7665941098,8.85476761202,24.2557499341,8.54550845871,24.2313994772,0.138534906785,-0.70121616185,6.97797515903,9.15315182117,0.6,0.6,0.6,0.2,0.3,0.2,13.5432530006,0.122495645238,-
1626154.0,RJ,Hunter,BOS@PHI,BOS,PHI,,,"Hunter, RJ",3500.0,SG,3000.0,SG,10.0,SG,7:00PM EST,,,5000.0,SG,0.972920242532,0.226743644067,2.73437605407,0.244363803745,0.0967184466217,1.88704660052,0.811234756177,0.646143924433,1.98376504714,1.74572432606,0.706994417992,4.67831625294,0.0406293230773,15.3571428571,4.23907239319,9.85396580019,4.6700988383e-13,9.50878368961,10.2845479231,9.6079787519,9.86228089861,8.86680130003,5.0,19.0,3.92056035429,11.6986288952,4.13065598718,12.6758985314,3.95432989725,11.8233817937,3.98906194222,12.1523659434,4.00088702006,12.1464447206,0.955119603804,-0.179852947342,6.1975068301,6.19722916719,0.8,0.8,0.8,0.0,0.0,0.05,,0.0418035044378,-
201949.0,James,Johnson,LAC@TOR,TOR,LAC,,,"Johnson, James",3500.0,SF,3600.0,SF,10.0,SF,6:00PM EST,12.73,PF,5350.0,"PF,SF",1.30625581428,0.478993438903,1.23188748789,1.80314462785,0.953167860969,2.28141719956,0.646502918885,1.18897090767,3.23458506053,3.30417710345,0.381979844176,5.9963949146,1.11593297102,20.2142857143,8.10626702209,15.3041342665,9.93318502349e-10,15.0091746241,15.9575960983,15.1721207224,15.2001645461,14.6442953698,5.0,29.0,5.03318670976,20.7699563774,5.33212530554,22.1107471349,5.08170758614,21.0162948024,5.06809217587,21.0510795769,5.08058677029,21.2309602508,0.469903286905,-0.393481018279,8.80698729476,7.23191223826,0.6,0.6,0.55,0.0,0.1,0.2,,0.0180505638161,-
1626174.0,Christian,Wood,BOS@PHI,PHI,BOS,,,"Wood, Christian",3500.0,PF,,,,,,,,,,0.893005603821,0.316126242974,0.745197976598,1.11412391604,0.957059529226,1.55955355587,0.298530871666,0.476021080942,2.5166130851,1.84276861849,0.277413994082,3.57499173731,0.775023211777,8.21428571429,4.73797444285,9.97420512538,1.36917187044e-12,9.85071169903,10.3533117858,9.97659424827,9.98941869607,7.39704747493,1.0,19.0,3.76888316198,18.9433464425,3.99837543895,19.8794296032,3.81127389404,19.2192267699,3.81551189562,19.2197150017,3.95232717355,19.0107752616,1.51315441726,2.3464553492,7.00392354719,8.73467574897,1.0,0.8,0.857142857143,0.0,0.2,0.142857142857,,0.298706949021,-
203080.0,Thomas,Robinson,OKC@BKN,BKN,OKC,,,"Robinson, Thomas",3500.0,PF,3000.0,PF,10.0,PF,3:30PM EST,11.48,PF,5100.0,"C,PF",0.68393125174,0.5128284737,0.00875880894788,1.49376782348,1.58392909644,2.62198240006,0.487491361366,0.786020563546,4.2059114965,1.70423926538,0.00540446475543,3.63646746181,0.84080995171,11.8571428571,4.25469294722,11.506407745,3.10448076732e-12,11.5423027272,12.1495792263,11.7538667122,11.5450049596,10.9231315799,3.0,15.0,3.61405980551,14.3555502156,3.80789425944,15.1176216277,3.67677381489,14.628021605,3.61668496937,14.3582797948,3.67102082415,14.297492558,0.595890163737,0.0838511421318,4.72281624165,6.42656850318,0.8,0.7,0.85,0.2,0.1,0.05,,0.0522192533853,-
203508.0,Sergey,Karasev,OKC@BKN,BKN,OKC,,,"Karasev, Sergey",3500.0,SF,3000.0,SF,10.0,SG,3:30PM EST,5.0,SG,5000.0,"SG,SF",0.44015199376,0.0822674696415,0.0777281923145,0.353050017567,0.178923504754,0.313290574787,0.0769285081196,0.453363224748,0.492214079542,0.252857354323,0.133767638716,0.482993212669,0.215854798757,5.57142857143,0.855337146119,2.26447794876,4.68066837646e-24,1.97125076298,2.28942689869,1.99586146696,2.03813458234,2.70247772525,2.0,10.0,1.02933604045,4.10270738052,1.21280466972,4.50074393733,1.04313932243,4.15635715183,1.05334561663,4.11994051048,1.14476067636,4.25392725395,1.78586584651,3.65590886126,5.07257273502,3.11862917854,1.0,1.0,1.0,0.0,0.0,0.0,,-0.131245865021,-
203512.0,Lucas,Nogueira,LAC@TOR,TOR,LAC,,,"Nogueira, Lucas",3500.0,C,3000.0,C,10.0,C,6:00PM EST,7.05,C,5000.0,C,0.204783051065,0.121762235805,0.120876162239,0.446416370193,0.131554020921,0.398807738328,0.166636746697,0.63579494247,0.530361759249,0.785903036853,0.0557575783622,1.58220551219,0.42196993154,4.21428571429,2.04953358361,3.1291312029,6.03913411724e-26,2.93414529384,3.30643964222,2.9606633818,2.96202408302,3.05807713697,1.0,16.0,1.13795231967,11.612671033,1.44195139146,12.3233494944,1.14924495848,11.7829838667,1.15977733194,11.6627470043,1.37913942811,11.7264810534,1.62758643512,2.99763613043,7.22670566201,6.76921359888,1.0,0.9,0.9,0.0,0.1,0.05,,-0.0294075559966,-
1626155.0,Sam,Dekker,DAL@HOU,HOU,DAL,O,Back,"Dekker, Sam",3500.0,SF,3000.0,SF,10.0,SF,3:30PM EST,5.0,SF,5000.0,SF,0.0,0.25432463,0.21292499,0.38967641,0.11852725,1.27978913,0.04993984,0.0,1.39831638,0.2024537,0.01189534,0.87675349,0.23611128,0.0,0.65291402,2.814267545,0.0,2.939422616,3.015286105,3.009338435,2.945370286,0.0,0.0,5.0,2.939422616,5.94072603973,3.015286105,6.21122755528,3.009338435,6.04503573248,2.945370286,6.00032361399,2.814267545,5.86716234914,1.73205080757,,2.64575131106,1.84752086141,1.0,1.0,1.0,0.0,0.0,0.0,0.0,inf,O - Back
200745.0,Andrea,Bargnani,OKC@BKN,BKN,OKC,,,"Bargnani, Andrea",3500.0,C,3000.0,C,10.0,C,3:30PM EST,5.73,C,5050.0,"C,PF",0.194867029994,0.492323474035,0.444247919336,1.25859284914,0.711111966727,2.31770740579,0.164445771666,0.697365861253,3.02881937251,3.13774828939,0.123244417344,6.4780728019,0.961087739413,13.6428571429,7.35982873554,11.6176206573,6.08145874405e-14,11.9028851577,12.4652497071,12.0549445678,11.9645073664,10.0433171209,6.0,21.0,7.62605463083,16.3586789853,7.96207903463,17.1444275179,7.73180901148,16.5608175471,7.65338448819,16.4533115882,7.61848845525,15.8134376079,0.976939019504,1.01666921204,5.64659793848,7.62347389294,0.8,0.9,0.6,0.0,0.0,0.1,,0.136303416312,-
201571.0,D.J.,Augustin,OKC@BKN,OKC,BKN,,,"Augustin, D.J.",3500.0,PG,3000.0,PG,10.0,PG,3:30PM EST,6.33,PG,5000.0,PG,1.9971471685,0.0884331691624,1.6950085635,0.879175717631,0.180082555701,1.12445459719,0.347419796465,0.886220733954,1.30453715289,1.37296985004,0.708018988207,2.92533886028,0.690825912246,12.3571428571,4.14478460052,9.47262060579,5.27932509756e-12,8.69143513404,9.55378857489,8.75666871381,9.04544462814,7.03311622893,10.0,23.0,7.38582254785,14.5864737808,8.129004019,15.988301696,7.44346921839,14.6873583801,7.68952887172,15.1676097102,8.10358938133,15.6558638964,0.473324974315,-0.672605433224,4.97726686886,6.68719210928,1.0,1.0,0.85,0.0,0.0,0.05,,0.134199217754,-
