Player_ID,First Name,Last Name,Game,Team,Opponent,Injury Indicator,Injury Details,LAST_COMMA_FIRST,FD_Salary,FD_Position,PROJ_AST,PROJ_BLK,PROJ_FG3A,PROJ_FTA,PROJ_OREB,PROJ_DREB,PROJ_STL,PROJ_TOV,PROJ_REB,PROJ_FGM,PROJ_FG3M,PROJ_FGA,PROJ_FTM,PROJ_MIN,PROJ_PTS,PROJ_DD,PROJ_TD,PROJ_FD,PROJ_DK,PROJ_DP,PROJ_YH,PROJ_UNADJ_FD,PROJ_UNADJ_DK,PROJ_UNADJ_DP,PROJ_UNADJ_YH,PROJ_UNADJ_DD,PROJ_FLOOR_MIN,PROJ_CEIL_MIN,PROJ_FLOOR_FD,PROJ_CEIL_FD,PROJ_FLOOR_DK,PROJ_CEIL_DK,PROJ_FLOOR_DP,PROJ_CEIL_DP,PROJ_FLOOR_YH,PROJ_CEIL_YH,PROJ_FLOOR_DD,PROJ_CEIL_DD,PROJ_HIST_FD_Skew,PROJ_HIST_FD_Kurt,PROJ_HIST_MIN_std,PROJ_HIST_FD_std,PROJ_Bust5,PROJ_Bust10,PROJ_Bust20,PROJ_Boom5,PROJ_Boom10,PROJ_Boom20,ADJ_FD,ADJ_DK,ADJ_DP,ADJ_YH,ADJ_DD,Status
977,Kobe,Bryant,HOU@LAL,LAL,HOU,,,"Bryant, Kobe",6800.0,SG,3.82004296106,0.160036360349,6.38795959013,4.71111633731,0.742417421367,3.39246062766,1.38270492124,2.39236690106,4.13487804903,6.07244797709,1.6561362047,16.8683715539,3.8201102335,29.1428571429,17.6211423924,29.1741134599,5.7375697637e-05,29.0061761549,31.2602122994,29.2359607465,29.8342442573,26.690785603,28.8596588125,26.9145397951,27.4827302457,26.7846971292,25.0,36.0,24.9762045039,35.6764740601,26.9069365286,38.5023075328,25.1636314924,36.0130410557,25.6844059186,36.7029421971,25.0929152225,35.9769185174,0.324021138062,0.268209846418,3.92047571988,9.22014545715,0.4,0.4,0.45,0.4,0.3,0.2,2.31539055191,2.40055348689,2.32142095146,2.35151401156,2.38941633072,-
1891,Jason,Terry,HOU@LAL,HOU,LAL,,,"Terry, Jason",3700.0,PG,1.59866000212,0.191501512085,3.61820356248,0.49309074773,0.039014198244,1.02291567499,0.757719080727,0.754632795767,1.06192987323,2.00427195202,1.38377985383,4.90751452989,0.305617167326,17.1428571429,5.69794092519,11.5555721613,3.21569162976e-13,10.5140551661,11.6363604516,10.5671541268,11.205945093,10.2384729728,11.3559730694,10.2934145704,10.8778355145,11.2881024134,9.0,29.0,5.62848289437,17.8518004859,6.26167128679,19.6960578112,5.6638136179,17.9405016892,6.01068449113,18.9946400865,6.14931097581,19.6613793924,0.67396685945,0.0302365104936,8.20452836635,6.85897049057,0.6,0.6,0.7,0.2,0.2,0.15,0.275582193297,0.280387382199,0.273739556349,0.328109578571,0.267469747838,-
1897,Metta,World Peace,HOU@LAL,LAL,HOU,,,"World Peace, Metta",3500.0,SF,0.923449421818,0.402365116447,2.35561188334,1.23448128635,0.86414513032,1.8677594539,0.996151919448,0.700926238149,2.73190458422,2.07918905911,0.844800814806,5.75266540764,0.942804514747,16.6428571429,5.94598344777,13.0463704302,2.00656012704e-11,12.7055509152,13.6151961449,12.8423326184,13.1279513226,11.2724065667,12.1025256714,11.3991083812,11.6833427872,11.6216218134,12.0,27.0,9.34448157736,20.2033209766,10.0174204064,21.650426445,9.44678928806,20.426429085,9.64482357529,20.8980055282,9.56665284074,20.8213810547,0.273787521177,-1.39709084714,5.06864641404,5.38498730131,0.8,0.7,0.588235294118,0.0,0.0,0.176470588235,1.43314434847,1.51267047346,1.44322423717,1.44460853536,1.42474861685,-
2210,Richard,Jefferson,OKC@CLE,CLE,OKC,,,"Jefferson, Richard",3500.0,SF,0.82842719834,0.161889331119,2.48265394349,1.50725126751,0.323767220128,1.59842078251,0.535083271401,0.762533673349,1.92218800264,2.06537183763,0.906922581712,4.94058546229,0.901029475538,19.1428571429,5.93869573252,10.633328897,1.53586913523e-13,10.1193736649,11.0502226433,10.2154945158,10.5728349557,10.0497708154,10.9367717266,10.132868902,10.4649723997,10.5248235435,16.0,35.0,8.34004505661,19.0968952794,9.13240236909,20.7278148188,8.42493871653,19.2509795676,8.72748793053,19.883449492,8.79995163177,19.8853067487,0.324580709592,-0.388994180399,7.54643071927,5.57750989249,0.8,0.7,0.6,0.2,0.1,0.15,0.0696028495082,0.113450916691,0.0826256138239,0.107862556025,0.108505353484,-
2449,Luis,Scola,TOR@CHA,TOR,CHA,,,"Scola, Luis",4500.0,PF,0.962801232603,0.142884747206,1.13129284874,1.48093430298,1.28495765973,5.06518066672,0.543347617875,0.926300496649,6.35013832645,4.27843450525,0.448985283122,8.75688575747,1.10593823217,22.9285714286,10.1117925258,19.7729406653,5.32298514445e-09,19.6223245999,20.7282260004,20.0405831105,19.8468172415,19.4766479059,20.6364608814,19.8520757792,19.7198373607,19.6517028014,18.0,31.0,15.3209102694,26.666669808,16.134187022,28.4824813731,15.5840768398,27.569603759,15.4957286907,26.9725129842,15.3408806929,27.3388202518,0.471430869146,-0.416112605014,4.96588360717,8.32052605585,0.4,0.5,0.45,0.6,0.3,0.4,0.145676694026,0.0917651190334,0.188507331271,0.126979880839,0.121237863855,-
2544,LeBron,James,OKC@CLE,CLE,OKC,,,"James, LeBron",10300.0,SF,6.32706802134,0.668653870768,4.07371575084,10.3744806381,1.22868648206,5.49003634607,1.51707753456,3.56952170646,6.71872282814,11.4673744583,1.24257228993,21.4006334302,6.93605451474,37.1428571429,31.1133757212,50.0176437625,0.0153089556062,49.4683862512,52.6300149496,50.2239679514,50.0896723961,46.0739227797,49.4969523781,47.0573615428,46.6624121915,47.2023748021,33.0,40.0,43.8706343278,53.328904819,46.5502342386,56.8676940678,44.4059094763,54.2811489759,44.4283505732,53.994032274,44.210665308,54.0697967095,0.483267300471,-0.503918052512,3.89805146128,7.89328719128,0.0,0.0,0.0,0.4,0.2,0.25,3.39446347141,3.1330625715,3.16660640861,3.42726020465,2.8152689604,-
2555,Nick,Collison,OKC@CLE,OKC,CLE,,,"Collison, Nick",3500.0,PF,0.956685818327,0.317115490972,0.333989553651,0.434815563165,1.01832285398,1.68640223684,0.436164174401,0.725388088119,2.70472509082,0.97202936888,0.0521974519191,2.65516923226,0.29035426331,13.5714285714,2.28661045299,7.84171761517,3.58225262808e-13,7.74848053209,8.27251677418,7.88372400416,7.77457925805,8.50756906988,9.12915219998,8.65999527925,8.53883330778,8.76914926407,8.0,20.0,4.18653677484,11.8584156366,4.5471106533,12.571644877,4.26746721408,12.0569105715,4.19806096641,11.901331133,4.24564410559,11.9918099733,0.422962682203,-0.680646343278,4.49020097122,5.92744223325,0.8,0.9,0.7,0.0,0.0,0.15,-0.759088537793,-0.856635425803,-0.776271275094,-0.764254049736,-0.927431648901,-
2590,Mo,Williams,OKC@CLE,CLE,OKC,,,"Williams, Mo",4700.0,PG,3.76104883874,0.143763900896,3.28868631281,1.61952893289,0.122286073713,2.22820239388,0.489369738598,1.5335286812,2.35048846759,4.06096012844,1.1646349901,8.91666816029,1.3720892146,22.5714285714,10.6586444616,19.6338943485,5.97807434287e-07,18.8535424786,20.3255609243,18.9764790887,19.4358599736,18.0559794238,19.6484212336,18.1710637906,18.617395217,18.9577023305,21.0,37.0,17.6975491652,29.4676629011,19.0812800569,31.846486019,17.8119583385,29.7650612885,18.2458703228,30.3621285862,18.4345521235,30.7737461049,0.599227501893,-0.288829669264,6.70643838334,10.1870544785,1.0,0.6,0.4,0.0,0.1,0.4,0.797563054754,0.677139690692,0.805415298098,0.818464756632,0.676192017952,-
2592,James,Jones,OKC@CLE,CLE,OKC,,,"Jones, James",3500.0,SF,0.50781300782,0.164716560793,3.57126427221,0.939943204737,0.242938704457,1.01998781105,0.309018776111,0.423500804248,1.26292651551,1.30509243337,1.36545172815,3.9078191034,0.668344422383,13.4285714286,4.64398101728,8.36694961058,3.00222349882e-17,7.44518221718,8.40280503449,7.50832876829,8.12790808125,8.25495828468,9.15597049993,8.32077239337,8.93186309645,9.1267937157,3.0,15.0,0.658715751933,8.46780045166,0.832190918932,9.54358308634,0.668256962122,8.53902510229,0.724359942683,9.24351122542,0.765618092795,9.51235650621,0.264743302148,-1.23902483059,5.1607492996,5.50395961364,0.8,0.9,0.85,0.0,0.0,0.0,-0.809776067508,-0.753165465437,-0.812443625075,-0.803955015196,-0.759844105116,-
2730,Dwight,Howard,HOU@LAL,HOU,LAL,,,"Howard, Dwight",7400.0,C,1.61881318263,1.64303249854,0.0957869648154,5.78967832235,3.59176974645,8.6226475779,0.889581083105,2.1654520114,12.2144173243,5.48758474269,0.0169099516044,8.7693939161,3.38485951642,32.5,14.3769389534,36.0225677569,1.15848315172e-05,34.3622346684,37.0928788382,36.0016978567,34.3706896443,32.5264766271,35.39398913,34.0225019455,32.5292223305,34.116055167,28.0,40.0,29.6310110302,42.2476073989,31.8268336643,45.67128074,30.8812303096,44.3374703804,29.6391836288,42.2565330033,30.8260022296,44.4189393621,0.288987836343,-0.547512669008,4.63936247889,9.8811609695,0.6,0.4,0.4,0.2,0.2,0.3,1.8357580413,1.69888970817,1.97919591119,1.84146731371,1.90651258991,-
2744,Al,Jefferson,TOR@CHA,CHA,TOR,O,Suspension,"Jefferson, Al",6500.0,C,1.80692761571,1.17973379653,0.0430614182804,2.66631003687,1.46794675401,4.84109616161,0.710617077699,0.943581641809,6.30904291562,7.12008323649,0.0051835006017,13.8332092759,1.67384317555,27.7142857143,15.9191931491,28.1002459428,2.01756606234e-06,29.0375561781,29.9748900634,29.5005074922,29.0401479284,28.6610405438,29.6347425076,29.2282740907,28.6647828499,27.8078961965,21.0,31.0,22.0567594476,32.4536907483,22.7462659067,33.5515092435,22.3339760933,33.0467408547,22.0585219288,32.4566883112,21.2828468157,31.4886838393,0.17866179149,0.858630050463,6.03908836128,11.7387305156,0.4,0.4,0.3,0.2,0.3,0.2,0.376515634338,0.340147555829,0.272233401455,0.375365078516,0.292349746298,O - Suspension
2747,J.R.,Smith,OKC@CLE,CLE,OKC,,,"Smith, J.R.",5100.0,SG,2.52769286316,0.347842711184,6.8037812088,1.33811402733,0.829229127387,2.70891412421,1.12074866331,1.30932876264,3.5381432516,4.52321346331,2.54239382734,12.3056815274,0.753898850052,34.5,12.342719604,23.2958916055,7.96153369513e-07,22.007884787,24.114938632,22.189077337,23.2790817007,21.9880506809,23.9857704411,22.1693848935,23.1662639846,23.1850311266,22.0,39.0,13.5653339863,25.0472030753,14.8874160747,27.4422804047,13.6760777308,25.2591908473,14.3354188099,26.4988003414,14.3369143159,26.5283596449,-1.00939040328,0.9510016414,9.59440626506,8.64043262941,0.4,0.3,0.4,0.2,0.4,0.3,0.0198341061649,0.129168190889,0.019692443496,0.112817716105,0.110860478806,-
2760,Anderson,Varejao,OKC@CLE,CLE,OKC,,,"Varejao, Anderson",3500.0,C,0.597182740183,0.181750294487,0.00887206133026,0.77121203895,0.575697865105,1.54673624041,0.280973525877,0.28759991858,2.12243410552,1.037116924,0.0290146979497,2.17022917603,0.56783519807,7.35714285714,2.67108374402,6.6964428055,1.02416088968e-15,6.75162650306,7.01605717647,6.8577498682,6.76613385204,5.9391110128,6.23820041454,6.0473254817,5.93911108376,5.96529600583,4.0,16.0,4.21226306269,13.2891366368,4.35509567499,13.8704469874,4.27344704744,13.5147843522,4.22677038019,13.3036440668,4.17065068967,13.2041197966,0.0300719103198,-0.851183120164,4.44971909226,4.43911738501,1.0,0.9,0.9,0.0,0.0,0.0,0.812515490267,0.77785676193,0.810424386502,0.827022768277,0.731146799672,-
2772,Trevor,Ariza,HOU@LAL,HOU,LAL,,,"Ariza, Trevor",5600.0,SF,2.04427932736,0.208569727607,6.74106879136,2.35325276952,0.685545207916,4.31879559644,1.49406814645,1.41545528893,5.00434080435,4.15230468209,2.28859905869,10.2032547747,1.77352746833,31.8571428571,12.3667358912,25.0648896434,1.42265879609e-06,23.4281843067,25.566303486,23.7142763122,24.572483836,22.0873130373,24.0871770201,22.3655724153,23.032902734,23.4125898341,28.0,41.0,20.5900823102,30.1555371871,22.4390336342,33.0482954741,20.8253735254,30.6312500721,21.5847368774,31.6545507008,21.9755779115,32.4798941367,-0.842054411852,0.749864635685,7.62124224345,7.96719942431,0.2,0.4,0.3,0.4,0.4,0.4,1.34087126932,1.47912646592,1.34870389689,1.53958110196,1.65229980929,-
101107,Marvin,Williams,TOR@CHA,CHA,TOR,,,"Williams, Marvin",4800.0,PF,1.34650978043,0.797107977518,4.15115904234,1.12181019556,1.33361015006,4.98285556959,0.620318738584,0.854921150843,6.31646571965,3.33201905314,1.60400342812,7.55801910585,0.916470226826,28.6428571429,9.18451176122,22.1151935967,9.0155785159e-08,20.7639675768,22.3930835893,21.1636212998,21.5659692909,20.9539580031,22.4861506802,21.3513948529,21.6944232242,22.1405564798,25.0,36.0,18.1716818667,25.9993681286,19.5697704066,28.191618607,18.4842194643,26.6715118321,18.8698175208,27.011138552,19.2866987047,27.9563732869,-0.378238058153,-0.2521759229,4.64364143718,6.59872627147,0.4,0.2,0.25,0.4,0.5,0.55,-0.189990426275,-0.0930670908964,-0.187773553092,-0.128453933294,-0.0253628831307,-
101138,Brandon,Bass,HOU@LAL,LAL,HOU,,,"Bass, Brandon",3500.0,PF,0.953143759703,0.406731633636,0.125123021269,1.15975603098,1.46481865154,2.08123939512,0.16582959842,0.703118167637,3.54605804666,2.41566185302,0.0103878078845,4.58111912095,0.97619541493,14.1428571429,5.81790692886,11.8983066582,5.09009072824e-11,11.9448965209,12.4800135218,12.123260534,11.9500904248,11.4332176997,11.9466970546,11.6117943055,11.4436750478,11.4115320986,5.0,23.0,4.76693115497,19.2058281734,4.96432038587,20.1298319476,4.82514694183,19.5572270415,4.77062819725,19.2175438974,4.71196112725,19.2530216271,0.140032856471,0.26722055548,6.13110725648,5.34409331256,0.6,0.5,0.5,0.2,0.1,0.15,0.511678821209,0.533316467113,0.511466228537,0.50641537698,0.486774559601,-
101150,Louis,Williams,HOU@LAL,LAL,HOU,,,"Williams, Lou",5200.0,SG,2.78731559195,0.276581024903,5.39417924571,6.47845490585,0.351433001218,2.36139508854,1.4061737011,1.93859637606,2.71282808975,5.02912260183,1.60445851013,12.1231770875,5.31945574188,31.9285714286,16.9821594557,26.493759104,3.14685340896e-07,25.8454396272,27.7542475368,25.9827200937,26.6476688823,25.5025026074,27.4126437262,25.6426243967,26.3742656594,26.206374816,21.0,33.0,17.6040480193,26.6534191967,18.8925252757,28.6233088351,17.6990128336,26.7951132546,18.1660058793,27.4792044708,18.0619875875,27.3207564103,0.834686618191,0.579237770088,5.01499727103,7.90587913525,0.2,0.3,0.4,0.4,0.3,0.2,0.342937019801,0.341603810593,0.340095697004,0.273403222871,0.287384287988,-
200768,Kyle,Lowry,TOR@CHA,TOR,CHA,,,"Lowry, Kyle",8900.0,PG,6.77424687515,0.55081598532,6.89032964422,4.9645330599,0.679354310233,4.44436676481,1.59909280188,2.93974974732,5.12372107505,6.99185188542,3.00050683811,16.5903939802,4.45656016916,36.6428571429,21.4407707781,41.6826109684,0.00528946964335,39.110674208,42.6239210649,39.6537927721,40.610927627,39.6880188547,43.1383056691,40.1565131327,41.1152507835,42.15752734,32.0,39.0,34.1070561911,41.6509725858,37.0472947217,45.482233849,34.472276742,42.3115110897,35.4084089609,43.2522063344,36.1883267788,44.5034470058,0.512554551918,0.919367101068,2.72114229408,9.22633438337,0.4,0.2,0.1,0.0,0.2,0.2,-0.577344646781,-0.514384604269,-0.50272036057,-0.504323156498,-0.474916371636,-
200779,Steve,Novak,OKC@CLE,OKC,CLE,,,"Novak, Steve",3500.0,SF,0.128583998508,0.134069217688,0.970108734561,0.0465932375044,0.0139659308652,0.375304172359,0.0340561295535,0.407558064697,0.389270103224,0.303822642041,0.321124106363,1.38045345428,0.0210262843223,3.35714285714,0.949795674767,1.8073056287,5.11249314598e-29,1.53848842618,1.92229301688,1.55795193135,1.69905047937,1.83352797783,2.0474430508,1.85217355367,2.00075818127,2.06489245343,1.0,5.0,0.293023988714,2.43055876189,0.531627084454,2.91656520137,0.301865142382,2.458426531,0.333679623385,2.67469195525,0.388474193243,2.82120831531,-1.73205080757,,2.0,2.4248711306,1.0,1.0,0.95,0.0,0.0,0.0,-0.295039551643,-0.125150033924,-0.294221622326,-0.301707701903,-0.257586824728,-
201142,Kevin,Durant,OKC@CLE,OKC,CLE,,,"Durant, Kevin",10300.0,SF,6.03092122021,0.928308169018,5.67074449249,7.32722918614,0.257264482657,6.92677132573,0.913155369102,2.81470872544,7.18403580838,9.77259137547,2.55726387563,17.3591830617,6.36266010311,36.3571428571,28.4651067297,49.7665695306,0.0161800504445,47.0005498809,50.5050004075,47.8190141069,48.2791818187,45.224948776,48.9633996941,46.0583733336,46.487035776,48.0140327195,28.0,43.0,35.9456405515,55.7877855016,38.4442984214,60.3505681007,36.3360297422,57.2053703576,36.9280152279,57.3019039805,37.7805877603,59.5648924883,0.0963727703744,-0.884439352305,7.40396606221,10.6214584741,0.0,0.1,0.3,0.2,0.2,0.2,1.77560110485,1.5416007134,1.7606407733,1.7921460427,1.75253681113,-
201147,Corey,Brewer,HOU@LAL,HOU,LAL,,,"Brewer, Corey",4200.0,SF,2.07654309131,0.181061322293,3.25399801371,2.47011338316,0.620888073395,2.10984370111,1.20264398991,1.05308403662,2.73073177451,3.00745238642,0.990982181021,7.97898847392,1.92514738046,23.2857142857,8.93103433432,17.3126024629,1.75431805762e-08,17.0370536885,18.196083544,17.1740504352,17.532544779,16.4861365441,17.6824047999,16.6268896473,16.932899713,16.7187580707,14.0,29.0,10.2053595114,21.2411731821,10.9334740992,22.6677608455,10.2883372072,21.4137916032,10.5191789534,21.8484622102,10.3434888363,21.604458779,0.0435486593802,-0.838529399674,6.84071521227,8.37561019591,0.2,0.4,0.55,0.6,0.4,0.25,0.550917144353,0.513678744131,0.547160787884,0.599645065948,0.593844392222,-
201150,Spencer,Hawes,TOR@CHA,CHA,TOR,,,"Hawes, Spencer",3600.0,C,1.81587046974,0.26249589286,2.08428771415,1.28384965777,0.648807498418,3.32416949816,0.211048368764,1.1048043961,3.97297699658,2.39765539159,0.724607958127,5.81362896004,0.983156614529,18.4285714286,6.50307535584,14.3875059293,4.44939598358e-08,13.8367375835,14.9532996717,14.0385934946,14.1990415625,13.6286803571,14.717656205,13.8251099993,13.9704778886,14.1788464736,14.0,20.0,10.6033049884,14.9840846333,11.4756610056,16.1892704317,10.7572358048,15.2049161662,10.8750181676,15.378533735,10.9923116754,15.5948786549,0.457083293238,-0.764382441622,3.84327347298,6.72482863411,0.6,0.6,0.65,0.2,0.3,0.3,0.20805722638,0.235643466747,0.213483495367,0.228563673963,0.208659455761,-
201156,Nick,Young,HOU@LAL,LAL,HOU,,,"Young, Nick",3500.0,SG,0.804132829504,0.18169252724,5.04086148656,1.93099216162,0.473259980332,1.45573490491,0.652688719954,0.751193302051,1.92899488524,3.74719347627,2.06077146388,9.15152947505,1.68681843878,20.7142857143,11.2419768552,16.8012763753,4.01578501375e-13,15.6805391541,17.1830063757,15.7770239927,16.710924886,14.0706860352,15.4578269118,14.1578033208,15.0526500504,15.0984359548,14.0,27.0,10.8109731712,20.2392817764,11.8463763652,22.1792179557,10.8805876383,20.3611393841,11.5024669341,21.5869280751,11.5412156545,21.7258785764,0.805663789065,0.445495543245,5.58057856704,7.3281361946,0.6,0.7,0.6,0.4,0.3,0.2,1.6098531189,1.72517946388,1.6192206719,1.65827483566,1.70284042053,-
201566,Russell,Westbrook,OKC@CLE,OKC,CLE,,,"Westbrook, Russell",10800.0,PG,9.81149651538,0.32119779198,4.26903925464,6.24815441843,1.91226189716,4.72723761131,1.9555251177,3.55668026808,6.63949950847,8.72905816998,1.2109920706,19.298256627,5.25569303859,34.4285714286,23.9248014492,49.4766561505,0.0695833446475,47.6062111837,51.5060619049,49.1222257356,48.211707219,49.3349835145,53.9574512482,50.9300345376,50.0450940526,51.9173944088,27.0,39.0,37.44745176,53.8577554444,40.1177398334,58.662877535,38.1769517617,56.0063963825,37.9312179669,54.5381621433,38.4519001614,56.375148838,-0.729820182521,1.43884572638,5.33072853057,11.9858555528,0.2,0.3,0.15,0.0,0.2,0.35,-1.72877233079,-2.45138934326,-1.80780880203,-1.83338683363,-2.44073825826,-
201567,Kevin,Love,OKC@CLE,CLE,OKC,,,"Love, Kevin",8200.0,PF,2.10517478013,0.523405334802,6.1135246131,4.4108633003,2.58752894669,6.72907365418,0.848628436652,1.71917664015,9.31660260087,5.75631867493,2.09121016115,13.8261435775,3.51767126904,32.0714285714,17.1215187801,34.5089249978,3.00012220117e-05,32.4840949741,35.491880241,33.5866868404,33.5297000546,33.5871468186,36.9820205877,34.9170416025,34.6479845254,36.2696208051,29.0,39.0,29.4867884557,39.2454608411,32.0860367453,43.1443811518,30.3642285548,40.8255048353,30.4336469763,40.5138197895,31.1549137408,42.0341280264,-0.286003697844,-0.010154591133,4.45398076602,9.49294516497,0.2,0.2,0.25,0.2,0.2,0.3,-1.10305184457,-1.49014034661,-1.33035476209,-1.11828447075,-1.76069580727,-
201571,D.J.,Augustin,OKC@CLE,OKC,CLE,,,"Augustin, D.J.",3500.0,PG,2.14360854196,0.0485409589912,1.69920819706,1.21198438872,0.0407677822063,1.00438769103,0.330196448808,1.1481164188,1.04515547324,1.2131326899,0.580503668276,3.54146930673,0.992579087108,13.6428571429,3.99934813519,8.64820322717,1.09116610829e-12,8.0783059128,8.99488358699,8.13057354345,8.36855774694,7.8909952597,8.69673282312,7.9400768937,8.20431430199,8.4230531793,13.0,23.0,7.7223565045,13.2593473003,8.61180662333,14.5717234329,7.77265093912,13.3412777146,8.00087880666,13.7203289887,8.27957115547,14.0151035751,0.239044438611,-1.04091417109,4.77842372894,7.21922895237,0.8,0.8,0.75,0.2,0.1,0.05,0.187310653099,0.298150763868,0.190496649748,0.164243444948,0.225150047871,-
201579,Roy,Hibbert,HOU@LAL,LAL,HOU,,,"Hibbert, Roy",5000.0,C,1.36429792608,2.10192326553,0.0972072896553,3.05069848921,2.44030593611,4.6269301372,0.439760194769,1.38278129779,7.06723607331,3.02947210249,0.0159644028396,6.51813709444,2.39880274487,26.0,8.47371135269,22.8910678621,5.86871526794e-06,22.7014271526,23.8772186383,23.177845788,22.709409354,21.2001092226,22.3078748198,21.6111127564,21.2002638901,21.3939799899,23.0,32.0,20.1422250889,27.81983128,21.1450826028,29.4495596771,20.5085352928,28.6245357464,20.1501960806,27.827835901,20.2526579411,28.3118478023,0.198661580622,-0.551523188612,3.92300904919,6.98675413431,0.2,0.4,0.35,0.2,0.3,0.35,1.50131793005,1.56934381853,1.56673303161,1.50914546389,1.49708787221,-
201586,Serge,Ibaka,OKC@CLE,OKC,CLE,,,"Ibaka, Serge",6200.0,PF,0.82259908319,1.99282516164,1.52527274334,1.16845600939,1.72754601972,4.12953979435,0.367036280015,0.943894705424,5.85708581407,5.90629191458,0.58811903821,11.3880821635,0.835981982315,30.0714285714,13.2366848497,25.295059966,2.72587248896e-06,25.2749146292,26.4243729237,25.6583660519,25.5689741483,25.9483991441,27.3514903344,26.4386915458,26.2156380662,26.1443900096,25.0,37.0,20.8558874864,31.3121770638,21.7850364022,32.84887197,21.1274842526,31.9346945622,21.0987691829,31.6761555801,20.8107652088,31.5364234387,0.130288878836,-0.725970679715,4.66297473008,7.97806994203,0.4,0.3,0.3,0.2,0.2,0.3,-0.673484514813,-0.92711741074,-0.780325493955,-0.646663917876,-0.849330043558,-
201587,Nicolas,Batum,TOR@CHA,CHA,TOR,GTD,Illness,"Batum, Nicolas",7400.0,SF,4.20717398027,0.63687302043,5.21155337941,2.96964100641,1.28086228517,4.15683067425,0.896547149062,2.76975972627,5.43769295942,4.7647051114,2.36740434663,10.7113210879,2.57909443199,30.3571428571,14.4759090014,30.1552837733,0.00048445614525,27.6089821359,30.5299930675,27.9614110311,28.7926843092,26.7555139197,29.4765525082,27.1291175096,27.7554185158,28.820063992,28.0,39.0,25.3767909584,35.7936831197,28.0364072093,39.8011500928,25.6763903466,36.467829086,26.4583111795,37.3520524514,27.6603881566,39.4617265288,-0.523280785873,-0.396927133065,4.7449439147,10.2668737039,0.2,0.2,0.25,0.2,0.4,0.4,0.853468216121,1.05344055928,0.832293521494,1.03726579342,1.33521978123,GTD - Illness
201619,Sasha,Kaun,OKC@CLE,CLE,OKC,,,"Kaun, Sasha",3500.0,C,0.0981485577416,0.342891009714,0.134013242725,0.0890862118778,0.53881851064,1.22774792602,0.194290010375,0.364545731102,1.76656643666,0.817929725616,0.0501415831543,1.32502824955,0.159298915374,4.0,1.84529994976,5.03374028399,3.39490642147e-19,4.82221881944,5.11789091024,4.91054725312,4.84728961101,2.62916291739,2.82514760945,2.66815029437,2.65120530933,2.70972427355,1.0,8.0,3.41910525859,7.19647674087,3.585940546,7.66393755201,3.48372838422,7.31641856775,3.42718241773,7.24420570902,3.5525576277,7.45841883168,0.886950107748,-1.64350839811,3.03315017762,2.94782405626,1.0,1.0,1.0,0.0,0.0,0.0,2.19305590204,2.2927433008,2.24239695874,2.19608430168,2.32401601044,-
201627,Anthony,Morrow,OKC@CLE,OKC,CLE,,,"Morrow, Anthony",3500.0,SG,0.349789228495,0.076977021244,2.48091286807,0.335557410102,0.31130463911,1.12720065077,0.463071250519,0.324031436579,1.43850528988,1.86351615843,1.07891905188,4.35714915721,0.312472723585,13.8571428571,5.11842409233,8.80906097945,4.27462539627e-17,8.12537938988,8.89878063078,8.19730538655,8.66483891582,7.84701441709,8.58349843079,7.906262606,8.363252903,8.44283643931,6.0,24.0,3.46253288567,14.0042345395,3.83684306359,15.2929091454,3.50404013619,14.1155114558,3.71410259407,14.9153336481,3.81122062362,15.1204735158,0.314583719727,-0.614375380333,6.51864660978,6.0530026086,0.8,0.8,0.75,0.0,0.0,0.1,0.27836497279,0.315282199984,0.291042780552,0.30158601282,0.366224540139,-
201935,James,Harden,HOU@LAL,HOU,LAL,,,"Harden, James",10800.0,SG,7.39977933609,0.616308520762,7.51672319003,10.7247110471,0.938077684096,4.46449131839,1.57614819627,3.50178491899,5.40256900249,8.06856102565,2.72630155608,17.7281983523,9.94183433184,35.7857142857,28.8052579392,49.9084964345,0.00953478099936,47.2711382614,51.045110284,47.9310670464,48.6342890395,44.0473097243,48.036482314,44.6076626393,45.3449471378,46.3665965421,34.0,44.0,44.9075718188,58.1435438973,48.4418164746,63.0622181135,45.4793276219,59.2510247056,46.2046928422,59.8104315467,47.3421941549,61.7355979437,0.0949068905978,0.755991201889,3.88052335883,12.9370380631,0.2,0.1,0.1,0.2,0.1,0.25,3.22382853707,3.00862797001,3.32340440715,3.28934190164,3.54189989238,-
201942,DeMar,DeRozan,TOR@CHA,TOR,CHA,,,"DeRozan, DeMar",7700.0,SG,3.81269192922,0.332572366094,1.47108583431,7.30008139161,0.534633597985,3.5929028867,0.868568550377,1.9254286764,4.12753648469,7.47469454152,0.290017274685,17.1581164762,6.04220681457,36.6428571429,21.2816131723,31.1858751262,5.83982238571e-05,32.4305480043,33.768392511,32.6606695354,32.5755566416,33.4981830306,35.12488073,33.7569822617,33.6809744055,32.5981157334,34.0,40.0,30.1903560742,35.2761972128,31.4298496753,36.7439645534,30.3986835368,35.5389937037,30.3201832518,35.4404904071,29.0230513693,33.9397779166,-0.253633698198,-1.07987721017,3.20696357706,8.47290069302,0.0,0.3,0.35,0.4,0.4,0.4,-1.06763502627,-1.35648821903,-1.09631272624,-1.10541776384,-1.41224060718,-
201946,Tyler,Hansbrough,TOR@CHA,CHA,TOR,,,"Hansbrough, Tyler",3500.0,PF,0.301559545563,0.14806526848,0.169870588605,1.32052931843,0.888538006271,1.35942740322,0.241225384057,0.409323181377,2.24796540949,0.983259346105,0.0477956513768,2.42066627281,0.849899038367,8.35714285714,2.86421338195,6.27121986169,3.1479798543e-18,6.38336931539,6.72433025383,6.49577083745,6.40726714107,6.25445432154,6.51051517678,6.36025497863,6.28942380144,6.22279939683,3.0,11.0,2.56276549124,8.28140084906,2.76859095221,8.69567967492,2.61039345893,8.4258082196,2.57531863787,8.31749553997,2.47845404666,8.16878615127,0.78334314814,0.696329890075,3.41387543044,5.40360149261,1.0,0.9,0.7,0.0,0.1,0.25,0.128914993848,0.213815077047,0.135515858828,0.117843339633,0.0484204648631,-
201949,James,Johnson,TOR@CHA,TOR,CHA,,,"Johnson, James",3500.0,SF,1.02662137386,0.548656530445,0.558387342856,1.3225714092,0.589994759939,1.70958778958,0.434653573828,0.776951800667,2.29958254951,1.9799802539,0.154637311866,3.52166990046,0.863304649679,13.7142857143,4.97790246934,10.6248928672,2.66786611084e-12,10.4670019974,11.0478039049,10.5820093486,10.5443206534,10.6140100032,11.2623221778,10.7316896429,10.7023217938,10.8631554615,4.0,29.0,2.77761516817,22.5664783317,2.96806417815,23.8011847099,2.79833718862,22.8695191295,2.7954911099,22.7373318468,2.76915064871,23.0390277903,0.361412289582,-0.716770335494,8.2490980748,6.59421102541,0.6,0.8,0.75,0.2,0.1,0.2,-0.147008005747,-0.21451827297,-0.149680294261,-0.15800114042,-0.238262594332,-
201951,Ty,Lawson,HOU@LAL,HOU,LAL,,,"Lawson, Ty",3800.0,PG,3.74020126197,0.115710329696,1.34265629882,1.89455924546,0.370175377743,0.994538941149,0.697994760122,1.33699275004,1.36471431889,1.96145492047,0.493924479314,4.88682956708,1.28475228668,17.9285714286,5.70158660693,13.5888664578,1.83941405415e-09,13.2399631121,14.2251890781,13.3097304634,13.4869253518,11.8952035014,12.8600672689,11.9655561046,12.1117481657,12.1981066297,12.0,41.0,8.74440161644,30.7347385713,9.46023667332,33.2543579415,8.78897940527,31.3885736044,8.91733584207,31.2697857331,9.05123148982,31.8942566727,0.534415077123,0.518729314048,11.3582569085,9.60600853633,0.8,0.7,0.5,0.2,0.2,0.25,1.34475961072,1.36512180915,1.34417435878,1.37517718614,1.3907598281,-
201960,DeMarre,Carroll,TOR@CHA,TOR,CHA,O,Knee,"Carroll, DeMarre",5600.0,SF,1.26634929318,0.227619915948,4.62540477314,2.07111741984,0.944152333777,3.84344425048,1.14981276414,1.03959797457,4.78759658425,4.32935600723,1.85939864181,10.400643896,1.30492902198,31.5714285714,11.8230396782,22.1276613577,2.34842455312e-08,21.1829469047,22.8984546271,21.4489563189,22.1126462256,21.7094210861,23.4407919802,21.9763101276,22.5345277438,22.5253871929,26.0,41.0,17.2128498565,27.9015726787,18.5983954448,30.2454017133,17.416775741,28.3425703823,17.9736340996,29.1171282851,17.9470042188,29.2958490806,0.209575183215,-1.06171596487,4.96819952658,7.96782131267,0.4,0.4,0.4,0.2,0.3,0.3,-0.52647418134,-0.542337353138,-0.527353808695,-0.421881518131,-0.397725835195,O - Knee
201976,Patrick,Beverley,HOU@LAL,HOU,LAL,,,"Beverley, Patrick",4200.0,PG,3.41178246272,0.331165940459,5.29752586879,0.859371570942,0.826525334941,2.52055084117,1.42362092094,1.46835771408,3.34707617611,4.17438050383,2.07249479094,9.46384862103,0.65992990582,30.2857142857,11.0811857044,23.8652673514,4.4639649012e-06,22.2565668185,24.199528967,22.4291027145,23.292814214,21.037220072,22.9515502224,21.2070422821,22.0172307244,22.5344062743,9.0,35.0,6.36444119823,25.7762993385,7.0623035972,28.005698351,6.41180635921,25.9872341289,6.68861407571,26.9702545131,6.99909236576,27.6148930167,-0.707834908893,-0.177921848081,8.6111582719,7.12719854251,0.0,0.0,0.4,0.4,0.6,0.3,1.21934674657,1.24797874463,1.22206043236,1.27558348962,1.33086107703,-
201977,Marcus,Thornton,HOU@LAL,HOU,LAL,,,"Thornton, Marcus",3900.0,SG,1.07689185982,0.0321721289204,3.83927243507,0.766399420878,0.549312498428,1.49163205643,0.65302631706,0.454585387657,2.04094455486,3.43529777197,1.49261514445,7.59378829036,0.71980158173,15.1428571429,9.08301227011,14.8340344305,6.18833897762e-12,14.06329503,15.1389848417,14.1653845756,14.8096026022,12.7358253431,13.7443890068,12.8360569519,13.3769244837,13.3257617181,6.0,37.0,5.62787898204,34.3801519181,5.98693093988,37.2079664607,5.67163013409,34.6606190475,5.86824567443,36.3359744062,5.78060234179,36.6801987346,0.998704062483,0.488821056783,10.4669943639,12.5188784977,0.4,0.5,0.65,0.4,0.4,0.3,1.32746968683,1.39459583495,1.32932762373,1.43267811849,1.50827271237,-
202335,Patrick,Patterson,TOR@CHA,TOR,CHA,,,"Patterson, Patrick",3600.0,PF,1.35098113695,0.379217996471,4.29670762183,0.774684977742,1.01621155841,4.88544958201,0.736937904895,0.94918889969,5.90166114042,2.82905960512,1.45889388437,7.06943457025,0.555205334128,28.5714285714,7.67221842874,19.2373381822,4.94946938238e-08,18.0638064057,19.6078739571,18.403832565,18.7932533479,17.7438637219,19.3772773896,18.0463535948,18.5184388169,19.0594828663,16.0,31.0,9.94474629447,19.6322611999,10.7976072205,21.334083717,10.1023046423,20.0317632359,10.3503323753,20.4242721721,10.5348711313,20.9507982564,0.154136733499,-1.4525020672,5.24551090127,5.75505129296,0.4,0.4,0.5,0.4,0.4,0.3,0.319942683763,0.230596567452,0.357478970279,0.274814530963,0.177855315912,-
202389,Timofey,Mozgov,OKC@CLE,CLE,OKC,,,"Mozgov, Timofey",3800.0,C,0.264124194322,0.840194445219,0.115503999824,1.53684794954,1.40396241289,2.83543132947,0.350066360438,1.12628962381,4.23939374236,2.7956896099,0.0417267184019,5.10335222891,1.23338703107,16.7142857143,6.86649296927,13.7752661909,7.92428746946e-11,13.6041837391,14.4054281865,13.8214200154,13.6250470983,12.9967485116,13.7959397394,13.2056479123,13.0146978172,13.1705059768,11.0,27.0,9.79009046008,20.4695516413,10.3565798769,21.7726242537,9.94926908735,20.8705607958,9.80464587255,20.5017693046,9.95352226916,20.7600973264,-0.734536216254,-0.118258960063,5.42193401113,7.87136549379,0.4,0.5,0.35,0.4,0.3,0.3,0.607435227455,0.609488447095,0.615772103063,0.610349281076,0.604760214106,-
202391,Jeremy,Lin,TOR@CHA,CHA,TOR,,,"Lin, Jeremy",4700.0,PG,3.45740806022,0.584356431661,3.07858830341,3.92869806881,0.562947787212,2.40232935006,0.8240695365,1.81767042325,2.96527713727,3.78777746864,0.884153797873,9.22731284187,2.99972491978,25.9285714286,11.4594336549,21.557999288,2.20547840462e-06,21.2030598231,22.7065993956,21.355687285,21.645136722,21.6673008687,23.2215137074,21.8188066054,22.1412790735,22.1425732651,17.0,29.0,13.5157787449,23.847484514,14.5246470775,25.526863024,13.6149372812,24.0241773173,13.7771631476,24.3517196316,13.7567663944,24.2491660469,-0.270849211656,-0.999454008313,5.28310816509,6.77280233355,0.4,0.5,0.4,0.6,0.4,0.4,-0.464241045602,-0.514914311801,-0.463119320347,-0.496142351493,-0.584573977126,-
202681,Kyrie,Irving,OKC@CLE,CLE,OKC,O,Kneecap,"Irving, Kyrie",7900.0,PG,5.05349750185,0.203758100661,4.74153811451,4.20496022347,0.716220926545,2.44516341706,1.37215132649,1.91990540518,3.1613843436,7.01875217772,1.90218768251,15.1246407672,3.60546650359,34.5714285714,19.5451585415,33.0637128817,5.30395481016e-05,32.1509794558,34.2718268268,32.360780283,33.102073297,32.7328017133,35.102436974,32.9319016855,33.7182031471,33.847391641,24.5714285714,39.5714285714,23.5017260681,36.4756061496,25.0452277521,38.9168799629,23.6281179934,36.7588650264,24.2049020733,37.5506589089,24.1656624361,37.5547553644,,,40.0,,0.4,0.4,0.3,0.4,0.2,0.2,-0.58182225757,-0.830610147202,-0.571121402487,-0.616129850128,-0.7836787593,O - Kneecap
202683,Enes,Kanter,OKC@CLE,OKC,CLE,,,"Kanter, Enes",4900.0,C,0.50837276905,0.357884333744,0.130998745734,2.71850468582,2.60367395805,3.93759468384,0.223920762856,1.03215037806,6.54126864188,4.45431054373,0.0428158950568,7.95886939025,1.93687726903,19.4285714286,10.8883142516,19.6186591171,1.78656421818e-11,19.6318555905,20.6256988414,20.0882157048,19.6532635381,19.9340073522,21.1541445564,20.4970385559,19.9649514761,20.1917336316,15.0,25.0,15.3939058737,24.9634697504,16.0563822114,26.5528651444,15.6665762915,25.8295945416,15.4104240927,24.9910292918,15.2395183323,25.3661289981,0.660951789214,0.676893760465,4.58257569496,7.16118705244,0.4,0.4,0.3,0.2,0.2,0.3,-0.302151761672,-0.528445715026,-0.408822851085,-0.311687938017,-0.573074514451,-
202684,Tristan,Thompson,OKC@CLE,CLE,OKC,,,"Thompson, Tristan",4500.0,PF,0.53887105754,0.613887096345,0.000143380446486,1.81974429208,2.5341253337,4.77473762329,0.424087128297,0.818216420671,7.30886295698,2.84629127149,0.0048270013939,5.23558764182,0.984806260939,23.4285714286,6.68221580532,17.6045301274,8.8994767103e-11,17.5188899686,18.3800951273,17.9685734163,17.5213034693,18.0453920057,18.9599780376,18.5645279644,18.0453928674,18.1994558469,20.0,34.0,15.3133881534,24.3191872322,16.028439229,25.8441196869,15.6673106957,25.2772190113,15.3158015245,24.3216011325,15.3590668938,24.8121557935,0.289797233577,-0.427281124533,5.61336631826,7.52509897772,0.8,0.4,0.25,0.0,0.3,0.4,-0.526502037125,-0.579882910314,-0.595954548076,-0.524089398055,-0.594925719485,-
202685,Jonas,Valanciunas,TOR@CHA,TOR,CHA,O,Hand,"Valanciunas, Jonas",5700.0,C,0.508858852989,0.904667400581,0.00384877467155,3.30044256634,2.21874748584,6.71978521343,0.332326903987,1.37241161805,8.93853269927,5.03997929962,5.5207539049e-05,9.18194363286,2.75241614222,27.2142857143,12.832429949,26.0425968714,1.47456018169e-08,25.4235344587,27.0504738665,26.3642404537,25.4235620625,25.0700842264,26.8085168805,26.0467723116,25.0701118302,25.8188457515,20.0,33.0,18.9081563065,30.6487387194,19.9014715335,32.8524741987,19.3691784259,32.0427837094,18.9081765927,30.6487721917,19.0722521386,31.7241978227,-0.698043949435,0.439023362892,5.09308947885,8.31564129276,0.6,0.3,0.3,0.2,0.3,0.3,0.35345023232,0.241956985948,0.317468142094,0.35345023232,0.223751119958,O - Hand
202687,Bismack,Biyombo,TOR@CHA,TOR,CHA,,,"Biyombo, Bismack",4000.0,C,0.313052130282,1.55929549981,7.18689652828e-06,2.90152012386,2.26787708194,6.67933418737,0.311598014053,1.18938967451,8.94721126931,2.106929198,1.98048000921e-06,4.36619835299,2.01441359805,26.7857142857,6.22827397453,20.4266822055,5.27588313851e-07,19.9869030463,21.1671970023,20.5725011748,19.9869040366,20.1472510117,21.4037513731,20.7620749402,20.147252002,20.6540828613,14.0,33.0,10.85017921,24.4276570897,11.4651939336,26.0514223702,11.1039942611,25.3432395847,10.8501797276,24.4276583097,11.0395713286,25.214088107,0.502700778654,0.0491821063661,7.78756405085,7.79122287232,0.0,0.1,0.25,0.4,0.3,0.3,-0.160347965377,-0.236554370796,-0.189573765405,-0.160347965377,-0.227400655863,-
202689,Kemba,Walker,TOR@CHA,CHA,TOR,,,"Walker, Kemba",7900.0,PG,4.73641031924,0.527354346337,3.94258810655,4.16953959107,0.669395189759,3.07870143403,1.26363887379,1.74729935145,3.74809662379,5.88651035386,1.42600993793,13.5524689318,3.2717037026,31.2857142857,16.4707343482,30.3069464813,0.000113838600828,29.9077528644,31.7217914397,30.135136795,30.6207578334,30.2801593903,32.1052444626,30.5010087722,30.9988610784,30.7396391761,27.0,40.0,25.6572655641,38.5504103751,27.211710298,40.9877233282,25.8328630581,38.9785269605,26.2612761387,39.4850372793,25.9781997527,39.2318927203,0.448990742496,1.79919050014,5.26524701101,10.38451938,0.0,0.2,0.2,0.4,0.2,0.25,-0.372406525864,-0.383453022863,-0.365871977152,-0.378103244964,-0.432692694782,-
202697,Iman,Shumpert,OKC@CLE,CLE,OKC,O,Groin,"Shumpert, Iman",4700.0,SG,1.99640402614,0.214437256269,3.29976517858,1.26643781775,0.698805036586,2.70027809883,1.11416187032,1.2927321002,3.39908313541,3.09223590378,1.3452489852,7.22525237895,0.818836831994,24.5714285714,8.34855762476,17.8054078907,5.58461565506e-08,16.7865295794,18.277321976,16.9583314333,17.459154072,16.921685439,18.3904894238,17.0930084531,17.5899850639,17.9593227323,14.0,25.0,9.00788835746,17.1018798993,9.83382952249,18.6198649083,9.10219788595,17.2770625181,9.34299672144,17.7881874781,9.53215541207,18.1411288953,,,7.77817459305,5.58614357137,0.2,0.4,0.4,0.4,0.3,0.25,-0.135155859519,-0.113167447797,-0.134677019779,-0.130830991894,-0.153914841594,O - Groin
202700,Donatas,Motiejunas,HOU@LAL,HOU,LAL,,,"Motiejunas, Donatas",4700.0,PF,1.04569368651,0.120106041752,1.33689142362,1.31013992094,0.849180149203,2.23328592125,0.450525643603,1.24128081671,3.08246607046,2.62557541392,0.543493791135,5.24857894342,0.81032391966,14.8571428571,6.60496853864,12.3107622503,6.34309243877e-11,11.772450907,12.8195305568,11.9271432529,12.0441978025,11.2232055914,12.3930734737,11.3648564849,11.4727746723,11.8681422215,6.0,22.0,5.30313070881,17.2385739132,5.78148838655,18.7547313442,5.38205553169,17.4648001298,5.41007817615,17.6432235735,5.53077755614,18.0413291531,0.786110693844,-0.304107456493,6.04703784234,9.28540072731,0.8,0.5,0.4,0.0,0.4,0.4,0.549245315603,0.426457083063,0.562286767963,0.571423130247,0.442620028853,-
202709,Cory,Joseph,TOR@CHA,TOR,CHA,,,"Joseph, Cory",4500.0,PG,3.65453527949,0.35131983412,1.22567979972,2.87136944901,0.680355838667,2.46114997562,0.759484195626,1.21000004957,3.14150581428,3.83005295115,0.274246248866,8.28488663514,2.1854210213,29.9285714286,10.1197731725,20.1415538497,4.25379270582e-06,20.3829910788,21.2877734503,20.545650301,20.5201142032,20.7246396309,21.7560308427,20.8818153346,20.9125280026,20.6507796795,19.0,33.0,12.8014905902,22.5137395821,13.317448779,23.5328466224,12.9004331094,22.6993533972,12.8631526432,22.6720707201,12.5672892476,22.2769728032,-0.274219468799,-0.660936816126,4.86557767936,7.81282673163,0.4,0.3,0.35,0.2,0.2,0.3,-0.341648552136,-0.468257392478,-0.336165033544,-0.392413799355,-0.509225829754,-
202713,Kyle,Singler,OKC@CLE,OKC,CLE,,,"Singler, Kyle",3500.0,SF,0.0833927953964,0.151486297334,0.756888280192,0.20039251254,0.0739717275517,0.450893365489,0.0777488164989,0.511435409609,0.52486509304,0.232521583167,0.141991504922,1.44954021192,0.0764577664069,4.0,0.683492437662,1.47416868112,2.21871188721e-28,1.38545456046,1.73841127238,1.41169781512,1.45645031292,1.8815962999,2.08434530372,1.90709371661,1.96111975582,1.96316472416,1.0,20.0,0.397895176964,8.56481032624,0.618709201653,9.62980352386,0.407530017337,8.68690727753,0.407983798829,8.96064410855,0.460957507493,8.96560483956,0.456401905975,-1.27720328627,6.92017983068,4.38679571079,1.0,1.0,0.95,0.0,0.0,0.0,-0.49614173944,-0.345934031341,-0.4953959015,-0.504669442899,-0.48899604304,-
203079,Dion,Waiters,OKC@CLE,OKC,CLE,,,"Waiters, Dion",4300.0,SG,2.19257012982,0.0811233430027,3.04245675065,1.94061538386,0.5984514844,2.73413101042,1.11082815017,1.45613600053,3.33258249482,4.54110281915,1.1171198651,10.5897381088,1.59562081025,28.8571428571,11.7949463136,20.4276437981,1.68553004064e-07,20.010667488,21.4665998877,20.1799719549,20.5692274205,19.1497053034,20.6518415046,19.3155257169,19.6853641657,19.5047156842,24.0,32.0,16.5963673992,22.2199204866,17.8173627316,23.8295399484,16.7386661065,22.4083682283,17.0662524102,22.8358583096,16.9566781029,22.6757869383,0.38145217814,-0.532762616902,4.05298244095,6.38872705109,0.4,0.3,0.3,0.4,0.4,0.45,0.860962184582,0.814758383148,0.864446237975,0.883863254881,0.922928113861,-
203082,Terrence,Ross,TOR@CHA,TOR,CHA,,,"Ross, Terrence",3600.0,SG,0.978074576992,0.591565772737,4.92991965216,0.56941379953,0.381254062244,2.8569767199,0.602359008635,0.793648026255,3.23823078215,3.39301247863,1.77353652966,8.84739209871,0.553968919141,27.8571428571,9.11353040607,17.0275022827,9.12984918011e-11,16.0607207466,17.5076987483,16.2241064703,16.9474890115,16.0584716264,17.5022006956,16.2149329867,16.8465711393,16.8958584817,13.0,31.0,6.79405917402,18.0209760793,7.43383486659,19.6405448592,6.87134804354,18.2044110427,7.19322510028,19.0108909927,7.17511308096,19.1141101274,1.25585188353,1.46359440768,8.00263114626,8.05023046417,0.4,0.6,0.65,0.4,0.2,0.2,0.00224912020979,0.00549805270109,0.00917348360299,0.10091787212,0.131643800996,-
203087,Jeremy,Lamb,TOR@CHA,CHA,TOR,,,"Lamb, Jeremy",4400.0,SG,1.36192368983,0.493808370269,3.31616339034,1.4506742753,0.687228613712,3.07714123547,0.470056040342,0.832677648195,3.76436984918,4.26297300714,1.1919396871,8.60687428877,1.04465820867,20.4285714286,10.7625439101,19.0338474847,6.2730140585e-09,18.4177244368,19.6235806423,18.6112719747,19.0136942804,18.1060274621,19.2572462196,18.3089760024,18.6593626597,18.5612834535,17.0,30.0,15.1354879647,27.5806345882,16.11769562,29.4629926111,15.2950026048,27.9213402469,15.6092344753,28.5178112361,15.5778721794,28.7513066944,0.0641260563239,-0.0451676449454,4.72149236138,6.70201137881,0.2,0.2,0.2,0.2,0.3,0.35,0.311696974713,0.366334422705,0.302295972306,0.354331620679,0.472564031205,-
203093,Terrence,Jones,HOU@LAL,HOU,LAL,,,"Jones, Terrence",4900.0,PF,1.01335025954,0.993655953493,1.34573667112,2.30865807569,1.41977811097,3.11982251094,0.311060519751,0.798130475319,4.53960062191,3.27773717853,0.538795697254,6.97618367861,1.43273336779,20.2142857143,8.52700342212,17.3439402443,1.94384107529e-09,17.3058520289,18.2139251877,17.5454621014,17.5752498775,16.6608617217,17.6121053147,16.8994397385,16.9083100739,16.7132676378,15.0,37.0,12.9457304771,31.3418597642,13.6355415301,33.2662063826,13.122614131,32.097046221,13.1444269993,31.8388577731,12.9677125129,31.8499731097,0.358607477858,-0.995609142281,7.75426150117,10.3551574452,0.8,0.6,0.55,0.2,0.2,0.3,0.644990307158,0.601819873079,0.64602236293,0.666939803615,0.63067260655,-
203099,Jared,Cunningham,OKC@CLE,CLE,OKC,,,"Cunningham, Jared",3500.0,SG,0.51665535599,0.0655283285678,0.526968231653,1.08422827318,0.146274186551,0.42440973991,0.224706867162,0.476705130569,0.570683926461,0.487317490915,0.054720896901,1.65393543398,0.685910409293,7.07142857143,1.71526628802,3.20920900143,3.17484714848e-22,3.27883529465,3.57308250471,3.30736949098,3.3061957431,4.23302498183,4.57150448168,4.26577869949,4.35163512741,4.28451068486,1.0,32.0,0.510592586381,19.3976672185,0.62508305408,20.9144111054,0.518236969463,19.5490482205,0.527365738281,19.9158588114,0.563711843213,19.5341379038,0.23662292582,-1.74393382769,11.0638101365,6.33231270631,0.8,0.6,0.7,0.0,0.0,0.0,-0.954189687183,-0.998421976963,-0.958409208513,-1.04543938431,-1.07530168343,-
203135,Robert,Sacre,HOU@LAL,LAL,HOU,,,"Sacre, Robert",3500.0,C,0.793136541687,0.882359315201,0.0371121941848,1.34710411884,1.40326736331,1.8823005334,0.374053505269,0.779919747022,3.28556789672,2.01435542556,0.0165042979229,4.96372169235,0.988855759808,16.2857142857,5.03407090885,11.643749196,1.3319413459e-11,11.8993630914,12.4622639048,12.0640518823,11.9076152403,10.7783674962,11.2463538523,10.9348755291,10.7789519273,10.4475909789,4.0,23.0,3.31619558669,16.5901639369,3.56108000463,17.3367200173,3.34643059727,16.8381888913,3.32417080134,16.5985674337,3.34558841459,16.1919313552,-1.26721889762,0.582258438027,6.70465367878,3.36076805281,0.8,0.7,0.65,0.0,0.0,0.1,1.12099559512,1.21591005244,1.12917635321,1.12866331302,1.19615821709,-
203148,Brian,Roberts,TOR@CHA,CHA,TOR,,,"Roberts, Brian",3500.0,PG,0.53298583122,0.0831765036547,0.815239242238,0.114510220712,0.163296194107,0.690457880379,0.239488289947,0.579109410355,0.853754074487,0.941708665986,0.150238321649,2.55191098358,0.212875387062,7.71428571429,2.24653104068,4.24125629711,9.68282944685e-20,4.13673485374,4.54409642394,4.17942255794,4.21185401457,5.00276643767,5.35163064038,5.04063720543,5.14527963091,5.08393605187,4.0,13.0,2.52023407619,7.73912288013,2.84239052088,8.37410113498,2.54501860688,7.80728854283,2.59412980602,7.92234594874,2.67088889309,7.89136050823,2.46148403659,7.14557588222,5.0422457719,6.51896998743,0.8,0.9,0.7,0.2,0.1,0.25,-0.866031583923,-0.807534216441,-0.861214647492,-0.933425616338,-0.842679754762,-
203460,Andre,Roberson,OKC@CLE,OKC,CLE,,,"Roberson, Andre",3500.0,SG,0.830609212458,0.444132429654,1.69155585045,0.658971736303,0.81337164884,2.7901223348,0.914484282998,0.692929374081,3.60349398364,1.80442099359,0.485360287927,3.98840861089,0.366732672196,22.6428571429,4.46093494731,12.4491820706,3.10832723612e-11,12.0553455976,12.8253352298,12.2361903987,12.2980257416,11.9940067212,12.7606349959,12.1767161798,12.2084941813,12.3214656452,16.0,30.0,8.43813334574,16.0615054034,9.00218239514,17.0655356145,8.57083641165,16.301624318,8.61892490323,16.3727288206,8.74307657471,16.5617346545,0.188350995063,-0.536455607372,5.28053576553,5.59782404671,0.8,0.8,0.65,0.2,0.1,0.15,0.061338876356,0.0647002338357,0.0594742189942,0.0895315602537,0.127716425389,-
203461,Anthony,Bennett,TOR@CHA,TOR,CHA,,,"Bennett, Anthony",3500.0,PF,0.274240330164,0.0741217988438,0.340581594777,0.819343757713,0.462713417926,0.742602133814,0.146172743185,0.329749658852,1.20531555174,0.678380907359,0.0501684249863,1.94414301458,0.564523545188,5.5,1.97145378489,3.83519582492,1.4057189659e-21,3.94003236743,4.19025719101,4.00029814909,3.96511657992,4.07327286017,4.3232914413,4.14369349308,4.10661604642,4.04165909663,2.0,17.0,1.86353716354,12.4507256436,1.99616363912,13.1663035682,1.8966587416,12.6791380518,1.86845839627,12.5420596468,1.79916607709,12.29332716,-0.311281999038,-0.785776134858,4.7900359544,2.53070038615,1.0,0.9,0.9,0.0,0.1,0.05,-0.133240492741,-0.133034250296,-0.14339534399,-0.141499466496,-0.206463271706,-
203469,Cody,Zeller,TOR@CHA,CHA,TOR,,,"Zeller, Cody",3900.0,PF,1.31635284478,0.517386256288,0.412794149032,3.58839371793,1.59589618454,3.78297894179,0.783501599687,0.979536775055,5.37887512634,3.03832506636,0.00471518623551,6.34756525254,2.58479158631,24.3571428571,8.66615690528,18.4491076178,3.05950407995e-08,18.7175752609,19.5133817485,19.0212557678,18.7199328541,18.9862476084,19.7639288503,19.2892557326,18.9886052015,18.7278976858,16.0,28.0,12.436374278,21.4555346638,12.9800138897,22.3980998626,12.6181083225,21.8492111376,12.4379229609,21.4582448588,12.2033237257,21.2207481548,0.469199028011,0.0173645781401,5.09413549586,7.20697713889,0.0,0.2,0.25,0.4,0.3,0.35,-0.268672347404,-0.250547101782,-0.267999964735,-0.268672347404,-0.27879006798,-
203500,Steven,Adams,OKC@CLE,OKC,CLE,,,"Adams, Steven",4100.0,C,0.683544261831,1.09153426062,0.00594806007098,2.11127212332,2.71479189191,3.29512941167,0.427724342842,0.657958946555,6.00992130358,3.04320896246,0.000293899958773,5.23682338832,1.16372577034,24.2857142857,7.25043759521,17.7695638375,7.09907382264e-09,17.8682178126,18.5404903976,18.2113639743,17.8683647626,18.4129514816,19.2455995272,18.8061804103,18.4132265877,18.4928975814,14.0,31.0,10.7407862933,22.5208467211,11.0527781214,23.5538834444,10.9098002982,23.1032433517,10.7408524701,22.521046398,10.5749515936,22.6334875319,-0.369496102958,-0.449521050063,5.95455008096,6.95067862394,0.4,0.3,0.25,0.4,0.4,0.3,-0.544733668926,-0.705109129594,-0.594816435951,-0.544861825046,-0.723333743951,-
203512,Lucas,Nogueira,TOR@CHA,TOR,CHA,,,"Nogueira, Lucas",3600.0,C,0.663582827296,0.491287027192,0.226778061004,0.927989751164,0.796875324108,2.83228070909,0.561078113971,0.780447988999,3.6291560332,1.76108729401,0.0436214778895,3.75593812769,0.615793973281,13.7142857143,4.18159003918,10.8954061845,9.9543471207e-13,10.8562338133,11.450199411,11.0381646775,10.8780445522,10.329515015,10.8931924032,10.4852435996,10.3640074845,10.392012801,1.0,25.0,1.90801268084,19.0976378337,2.08681205162,20.1114343564,1.95800998086,19.4453766138,1.91052775674,19.1391904249,2.05974017554,19.1437328681,1.20445194211,1.55726638341,8.10202796483,7.53798713185,0.6,0.8,0.857142857143,0.2,0.1,0.0714285714286,0.526718798316,0.557007007791,0.552921077928,0.51403706771,0.503393383539,-
203521,Matthew,Dellavedova,OKC@CLE,CLE,OKC,,,"Dellavedova, Matthew",4200.0,PG,5.29691946903,0.118362272794,3.19080893536,1.12815670559,0.414067034799,2.11716186723,0.742839851868,1.26435867331,2.53122890203,3.14167174704,1.34880718673,7.28477215105,0.903794939071,29.0714285714,8.53594561987,21.0336566781,6.23347659081e-06,19.9768450819,21.440845685,20.1342627549,20.6512486752,19.1361313748,20.6762203346,19.280523848,19.803419423,20.3022048942,20.0,37.0,14.4451462741,24.8116369532,15.5050945446,26.705101994,14.542736663,25.0976609508,14.9384431469,25.6443306725,15.2069428345,26.2278464331,0.152094747759,-0.825002828031,6.11505841296,6.10518373174,0.2,0.2,0.3,0.2,0.3,0.35,0.840713707069,0.764625350367,0.853738906942,0.847829252194,0.731451783899,-
203527,Ryan,Kelly,HOU@LAL,LAL,HOU,,,"Kelly, Ryan",3500.0,SF,0.942481668385,0.338899766567,1.04577728032,0.863814315456,0.202626959567,1.67487356647,0.252816580617,0.471652822118,1.87750052604,1.2165865848,0.259553491011,3.09335402049,0.708770111357,10.2142857143,3.40149677197,7.86130422174,7.85205129481e-14,7.77999977804,8.23947977987,7.8738766233,7.90977652355,7.14019332994,7.58234090914,7.2346721261,7.27575360884,7.26053575773,2.0,28.0,2.13671678787,20.7161096642,2.23084724279,21.9992844776,2.14954092734,21.0181168564,2.15792974119,21.0809506206,2.09234063978,21.1130493676,1.2696090951,1.87020597399,8.38259250727,6.7606925892,1.0,0.7,0.4,0.0,0.2,0.5,0.639806448102,0.657138870728,0.639204497203,0.63402291471,0.600768464017,-
203584,Troy,Daniels,TOR@CHA,CHA,TOR,,,"Daniels, Troy",3500.0,SG,0.202086578591,0.0137731231086,1.30339474658,0.211547629687,0.0674509645573,0.58410793543,0.0434280781937,0.249391644361,0.651558899987,0.512448515206,0.520271255983,2.02932549827,0.146886202849,4.57142857143,1.69205448924,2.92422621611,8.77903525117e-25,2.64206579536,3.05947519058,2.67464374041,2.90220142335,3.25889727344,3.68600226526,3.27974632599,3.55705970611,3.69741165276,2.0,9.0,1.45983050619,6.06742577928,1.58460228508,6.98647907655,1.48232361031,6.11502895762,1.49923374125,6.70771163954,1.45851093791,6.99719279169,0.690089593677,-1.03385476636,2.46981780705,3.6784658638,1.0,1.0,0.85,0.0,0.0,0.1,-0.616831478077,-0.626527074683,-0.605102585586,-0.654858282757,-0.773185436645,-
203798,P.J.,Hairston,TOR@CHA,CHA,TOR,,,"Hairston, PJ",3500.0,SF,0.548612683433,0.358516708515,3.25464459007,0.952789006265,0.27473391631,1.96950258123,0.276252196885,0.624384669619,2.24423649754,1.93122311593,0.984553503375,5.40441656963,0.721259330643,17.4285714286,5.56825906587,10.212239317,9.98637421233e-15,9.72941502925,10.6461314959,9.84166240942,10.2216917809,9.94664013279,10.8617367758,10.0631979022,10.4766405434,10.4655281103,9.0,23.0,4.97239584135,12.8738853399,5.47529404315,14.0646020356,5.03094374582,13.0220883258,5.2041775332,13.5383537413,5.2003360878,13.5258047552,0.110902944241,-0.77166392805,5.06857733397,4.25503063612,0.6,0.8,0.75,0.0,0.0,0.0,-0.217225103544,-0.215605279932,-0.221535492761,-0.254948762443,-0.253288793308,-
203903,Jordan,Clarkson,HOU@LAL,LAL,HOU,,,"Clarkson, Jordan",5600.0,PG,2.4559461861,0.199514824101,3.00744655536,2.31006554131,0.864593041981,2.79375115164,1.12733195553,2.41709258277,3.65834419362,5.54553314752,1.06087820366,12.0399116161,1.85947667928,31.7857142857,14.011421178,23.0460693813,9.19251094618e-07,22.321954466,24.2498697301,22.5108843369,22.8523935678,23.9707881454,25.7449227945,24.1615490967,24.5998450141,24.5086232984,27.0,37.0,19.0127049716,25.9275546614,20.6763629,28.1504353856,19.1698805926,26.1581257347,19.4746626888,26.5326078091,19.6262288722,26.7815408872,0.553103415453,0.133519903579,3.94978360342,9.24457751543,0.8,0.5,0.4,0.0,0.4,0.3,-1.64883367938,-1.49505306433,-1.65066475972,-1.7474514463,-1.46255391711,-
203909,K.J.,McDaniels,HOU@LAL,HOU,LAL,,,"McDaniels, KJ",3500.0,SF,0.271348462722,0.199651584731,0.706029531917,0.439988650861,0.119866954185,0.560621178797,0.2176166969,0.316178028288,0.680488132982,0.365196232352,0.22374904996,1.70307044549,0.186968654804,4.0,1.14111016947,2.90121607657,3.9570409112e-24,2.8830771581,3.18706510389,2.91710156476,2.99495168308,2.89511925414,3.14799386499,2.92683038056,2.96568717037,2.97093281304,0.0,15.0,0.632618366,11.0720557749,0.7191386575,11.9945090253,0.6422452925,11.1936025073,0.672532861,11.3818203823,0.6599629175,11.3275468339,0.684985062239,-0.42534391542,5.0027770066,3.53380499997,1.0,1.0,1.0,0.0,0.0,0.0,-0.0120420960346,0.0390712388953,-0.00972881579872,0.0292645127136,-0.0697167364664,-
203925,Joe,Harris,OKC@CLE,CLE,OKC,,,"Harris, Joe",3500.0,SG,0.37696095771,0.0611449519709,1.01768265115,0.292262936339,0.149721547767,0.424709634082,0.0892114845443,0.471399812907,0.574431181849,0.336434511873,0.249239319973,1.20810613087,0.138465641681,6.57142857143,1.0605739854,2.40193945741,1.82610873317e-23,2.14464590031,2.53368702584,2.1733674594,2.26926556029,3.15235643905,3.57102370292,3.18531849633,3.35382005498,3.49970740595,1.0,5.0,0.500059821969,1.32246732299,0.630264162515,1.60601782319,0.508079152695,1.34291473025,0.530717328742,1.3905345207,0.598151032165,1.4877424452,-0.491755889325,0.0469439486986,2.0,1.87803088367,1.0,0.9,0.95,0.0,0.0,0.0,-1.00771053874,-1.03733667708,-1.01195103693,-1.08455449469,-1.09776794854,-
203944,Julius,Randle,HOU@LAL,LAL,HOU,,,"Randle, Julius",6000.0,PF,1.57661697654,0.457983311083,0.313120522425,3.28097995635,1.98416456688,6.3115024876,0.838635600517,1.61447358167,8.29566705448,4.19769110041,0.0344671198966,9.4320883118,2.22401788836,24.4285714286,10.6538672091,24.0636900028,1.35089827002e-06,23.9523573808,25.5123769944,24.6879066437,23.9695909407,23.0291183616,24.4971878971,23.7078878133,23.0516656271,23.0348277553,21.0,32.0,20.6398620624,31.267451209,21.8525840373,33.7256522754,21.1421325126,32.6493903504,20.6539442497,31.2916440501,20.5529493008,31.9915154265,0.185272369333,1.82516762976,4.472135955,10.3435680498,0.4,0.3,0.3,0.2,0.3,0.3,0.923239019185,1.01518909737,0.980018830322,0.917925313664,1.02886224749,-
203956,Mitch,McGary,OKC@CLE,OKC,CLE,,,"McGary, Mitch",3500.0,PF,0.256278066168,0.187065963035,0.0620412740897,0.41318097673,0.620548358504,0.939105553001,0.0816861350607,0.48079690145,1.55965391151,0.695989940096,0.00736875347385,1.76733639999,0.186888781173,5.42857142857,1.58623741484,3.90028675927,2.89153436704e-21,3.89894650264,4.22101204122,3.97692921376,3.90263087937,4.68698187535,4.9824012181,4.77328193715,4.69066625209,4.72816913393,0.0,13.0,0.144283751,10.5886900054,0.2848032175,11.1637954629,0.1524836775,10.7720396426,0.144283751,10.5893057363,0.274649205,10.5361076333,1.02377624954,1.7073939493,5.24404424085,4.58082961918,1.0,0.8,0.7,0.0,0.2,0.2,-0.788035372711,-0.761389176884,-0.796352723397,-0.788035372711,-0.827882374651,-
203991,Clint,Capela,HOU@LAL,HOU,LAL,,,"Capela, Clint",4700.0,PF,0.746119121281,1.26643086547,0.102621534271,3.18129314518,2.66022306844,5.16551411932,0.76820760493,0.873090299409,7.82573718776,3.62886663242,0.0250617364489,6.25159583316,1.32989702516,21.2142857143,8.61269202645,22.3029570855,1.1827644597e-07,22.3189419751,23.3465445511,22.8974685332,22.3314728433,21.3568490059,22.3873452619,21.8532263101,21.3650822263,21.3098820109,11.0,28.0,11.6653669578,29.3964918117,12.1286729382,31.106390718,11.8766619981,30.5263973406,11.6749534304,29.410978747,11.4722679998,29.9080465177,0.600878780942,-0.0277780376502,6.96132171358,8.04366831738,0.2,0.2,0.3,0.2,0.4,0.3,0.962092969201,0.959199289282,1.04424222307,0.966390617043,0.993075074603,-
203998,Bruno,Caboclo,TOR@CHA,TOR,CHA,,,"Caboclo, Bruno",3500.0,SF,0.00447839064514,0.0365701396065,0.147297966794,0.0768311129484,0.120470456921,0.13265610258,0.00227188665862,0.00587835898286,0.253126559501,0.245561918768,0.00907816134706,0.258844670582,0.0566049662524,1.35714285714,0.556806965135,0.955378560237,7.85579524819e-39,0.939082116051,0.959216704191,0.951738444026,0.943621196725,0.976389189141,1.06384824154,0.986152341592,1.00399534064,1.00320102866,0.0,6.35714285714,0.092841888,3.68191238626,0.0967103,4.01657581511,0.0967103,3.72924967539,0.092841888,3.80443904836,0.0967103,3.71180758204,,,40.0,,1.0,1.0,1.0,0.0,0.0,0.0,-0.0373070730902,-0.104631537346,-0.0344138975662,-0.060374143911,-0.0478224684276,-
204028,Tarik,Black,HOU@LAL,LAL,HOU,,,"Black, Tarik",3500.0,C,0.39348718463,0.447145612379,0.0464384638662,1.358674917,1.51566826859,3.05253687042,0.26223455638,0.765843131894,4.56820513901,1.92558486684,0.0185756220332,3.68097199358,0.884361055861,13.0714285714,4.75410641158,11.5556452388,1.54720798132e-13,11.479100561,12.1027670548,11.7105576778,11.488388372,10.2376759789,10.7602626129,10.4561417699,10.2399092108,10.2422992684,2.0,18.0,2.19822177856,15.6105885351,2.41301090885,16.4530273899,2.22181412207,15.9713349889,2.20632145866,15.620405256,2.31295348101,15.7191418094,-0.753410693528,-1.36840278433,5.90399380565,6.13315055369,0.4,0.3,0.2,0.0,0.0,0.35,1.24142458203,1.34250444189,1.25441590798,1.24847916116,1.31334597039,-
1626148,Anthony,Brown,HOU@LAL,LAL,HOU,,,"Brown, Anthony",3500.0,SF,0.267681608313,0.0756606267701,0.529322357396,0.471424915033,0.281154758865,0.392612458198,0.119193584514,0.281178091012,0.673767217063,0.512151288959,0.101406296729,1.70551476948,0.455852043355,3.2,1.581560918,2.87358393756,3.029381036e-24,2.9001343225,3.12511487724,2.93382268337,2.95083747087,2.10192704846,2.26325638609,2.12253180768,2.16376032594,2.14739410454,2.0,5.0,2.05911272331,4.16166672129,2.22282344264,4.47855202982,2.0852890246,4.20662317221,2.08512767417,4.24940216592,2.01106067159,4.16736883742,1.5309606208,1.74479166667,1.1401754251,2.19089023002,1.0,1.0,1.0,0.0,0.0,0.0,0.798207274043,0.861858491152,0.811290875688,0.787077144924,0.726189833015,-
1626149,Montrezl,Harrell,HOU@LAL,HOU,LAL,,,"Harrell, Montrezl",3500.0,PF,0.559649000705,0.114870471565,0.10640541609,0.983777969372,0.669990271684,1.18137364591,0.216616843225,0.442539796737,1.8513639176,0.892889140935,0.0142770061386,1.9867031923,0.593294293847,8.0,2.39334958186,5.63193572212,1.09140235923e-16,5.67489461688,5.99587154163,5.76746314019,5.68203311994,5.25046945661,5.54901173569,5.32461654292,5.26114904727,5.23872483002,3.0,21.0,2.70142996995,14.2418614065,2.88448065711,14.9359663912,2.7536328331,14.4428252886,2.70543481645,14.2682226165,2.70490856828,14.1049082857,1.07021865809,0.666796735552,6.28755384337,6.63337206856,1.0,0.9,0.75,0.0,0.0,0.0625,0.42442516027,0.446859805938,0.442846597273,0.420884072671,0.393210892099,-
1626151,Aaron,Harrison,TOR@CHA,CHA,TOR,,,"Harrison, Aaron",3500.0,PG,0.154414804843,0.0608033945827,0.18484028293,0.692239988203,0.168995248895,0.76949726736,0.0875557512693,0.27021916466,0.938492516255,0.0945479348154,0.0979248132143,1.15849493874,0.405460351563,4.4,0.692481034408,2.01907074946,2.10032128357e-26,2.07679338822,2.30779000299,2.12371801405,2.12575579483,2.79943248349,3.00508341352,2.83778518798,2.8483948901,2.84540623992,2.0,7.0,1.26252811707,3.8206682844,1.38108885314,4.17347044289,1.28935090181,3.88936991321,1.28478375644,3.89856302218,1.26548094,3.80493317998,0.177286904889,-0.59458819161,2.16794833887,1.93597520645,1.0,1.0,1.0,0.0,0.0,0.0,-0.722639095273,-0.697293410535,-0.714067173925,-0.722639095273,-0.826335490456,-
1626153,Delon,Wright,TOR@CHA,TOR,CHA,,,"Wright, Delon",3500.0,PG,0.347530590693,0.0868660550716,0.208375413357,0.254168846443,0.0856743399303,0.438593876081,0.142417633394,0.148723039869,0.524268216011,0.354957384426,0.0589523302182,0.391204436953,0.191880903031,2.5,0.960748002101,2.55590359639,6.03702838036e-25,2.42101008442,2.55106118026,2.44722349522,2.45048624953,1.88364129384,2.01492789993,1.91109021489,1.91311745895,1.89973280285,2.0,3.0,2.05502748033,2.94502739204,2.15860138271,3.02253832959,2.07553123467,2.9769504593,2.07860841242,2.98039879017,2.18941492061,3.00140962394,0.894064613073,-0.852127586913,0.57735026919,1.1,1.0,1.0,1.0,0.0,0.0,0.0,0.537368790572,0.536133280329,0.536133280329,0.537368790572,0.656170793531,-
1626155,Sam,Dekker,HOU@LAL,HOU,LAL,O,Back,"Dekker, Sam",3500.0,SF,0.120947100819,0.0273603651149,0.104673642421,0.120911192036,0.150301501052,0.215965008406,0.255891910329,0.0257342091218,0.366266509458,0.173097587942,0.0288280659693,0.498705543755,0.195083651637,1.5,0.570106893489,1.72896731978,8.50167304031e-29,1.73181769783,1.77741216085,1.75013102331,1.74623173082,1.0190763165,1.08685536091,1.03228572909,1.03349034949,1.03512690701,0.0,5.0,0.676609504,3.76479890306,0.6821038525,3.96241311182,0.6821038525,3.81302317501,0.676609504,3.81284567967,0.68656305,3.74223501671,1.73205080757,,2.64575131106,1.84752086141,1.0,1.0,1.0,0.0,0.0,0.0,0.712741381331,0.690556799945,0.717845294211,0.712741381331,0.693840412769,O - Back
1626156,D'Angelo,Russell,HOU@LAL,LAL,HOU,,,"Russell, D'Angelo",5700.0,PG,3.61675847527,0.215572745702,4.63071534016,1.51441051106,0.803648191091,3.98750506338,1.25674923068,2.93945470916,4.79115325448,4.99497383377,1.36806068097,12.1312894341,1.13156500569,31.2857142857,12.4895733542,24.911376565,7.8914081077e-05,23.6692842161,26.0961206403,23.9423629452,24.3533145566,25.3075214625,27.6095456146,25.5849547066,26.1489998995,26.4319848686,21.0,37.0,16.0002409042,27.9298638338,17.672476313,30.8245845246,16.1627764421,28.3130169273,16.48423937,28.7250229936,16.8126027552,29.4744252399,0.613124778901,1.03747655816,5.92930574913,7.47961006114,0.2,0.3,0.25,0.4,0.3,0.2,-1.63823724641,-1.51342497428,-1.64259176139,-1.79568534298,-1.52060830363,-
1626163,Frank,Kaminsky,TOR@CHA,CHA,TOR,,,"Kaminsky, Frank",3800.0,PF,1.89804510704,0.703308039421,2.0694340295,1.93752669475,0.810953433384,3.28156977938,0.62498751856,1.01703263065,4.09252321276,3.12435263081,0.874097392118,7.01762037768,1.34675282466,25.9285714286,8.4695554784,18.3421465004,1.31011931802e-07,17.8672094796,19.0239315159,18.0783665045,18.3042581756,17.7231184927,18.8890203307,17.949070755,18.2018532747,18.3064186521,6.0,27.0,4.30611414063,18.5963006268,4.75882738151,19.7927789423,4.37240004942,18.8171527654,4.40661052757,19.0514435331,4.54843286108,19.0862855649,-0.0831726402526,-0.665338211243,8.30781336128,7.60363965272,0.2,0.4,0.45,0.4,0.3,0.2,0.144090986891,0.134911185167,0.129295749525,0.102404900919,0.0357278483304,-
1626166,Cameron,Payne,OKC@CLE,OKC,CLE,,,"Payne, Cameron",3500.0,PG,1.14303068712,0.0645740898516,0.87996988487,0.496808721086,0.0927124075861,0.965977842906,0.165319348746,0.765108256259,1.05869025049,0.552480710175,0.264010492828,1.89727706635,0.409140700463,4.5,1.77811261364,4.79914861268,4.69534777007e-16,4.45776556585,5.02525945858,4.51070008403,4.58977081227,4.00725927348,4.31068365578,4.05120680721,4.12139653851,4.13600035768,1.0,6.0,1.86735427997,5.58680768556,2.26353015532,6.22223239539,1.89214468542,5.646312776,1.92883052362,5.74903964745,2.22603113362,5.93411989319,0.923571679733,1.04669921218,3.0698929011,3.60961468606,1.0,1.0,1.0,0.0,0.0,0.0,0.450506292376,0.714575802792,0.459493276819,0.468374273753,0.663148254991,-
1626181,Norman,Powell,TOR@CHA,TOR,CHA,,,"Powell, Norman",3500.0,SG,0.537184524585,0.143915770718,0.5229656217,0.462513824157,0.405831808082,1.05110826314,0.320706341834,0.491622270249,1.45694007123,1.12881894485,0.0233956675631,2.91182450707,0.388411147948,6.57142857143,2.66944470521,5.53894837538,1.6425534e-17,5.66117153241,5.99152757712,5.73401860822,5.67286936619,4.76875001967,5.08637457922,4.832653576,4.83577250349,4.73307654487,2.0,25.0,2.80119772954,17.6934555855,3.0134762898,18.7597776626,2.84052482316,17.9098889325,2.82159587679,17.9215876108,2.85825588847,17.362797706,1.10238977405,0.348223695952,6.76891289781,5.43018499601,1.0,0.9,0.909090909091,0.0,0.0,0.0,0.892421512745,0.905152997903,0.90136503222,0.837096862702,0.805871830507,-
1626204,Larry,Nance Jr.,HOU@LAL,LAL,HOU,,,"Nance Jr., Larry",3500.0,PF,1.03023733501,0.328449042049,0.229364357654,0.759952849754,1.39514468994,2.90271455281,0.830659166814,0.993754883741,4.29785924276,2.36755991353,0.0555858672932,4.9918180335,0.63055230099,21.7857142857,5.42125799534,13.5316265525,3.47553274926e-10,13.4485066232,14.1912037053,13.6665333298,13.4762995568,12.5208383934,13.2343032419,12.7356526278,12.5539891142,12.6133032193,13.0,25.0,8.16649206087,15.3809509752,8.60990935381,16.2391076101,8.2919532463,15.6388100634,8.18097159403,15.4136146651,8.18338412449,15.4962565359,0.140045632167,-1.01191170177,5.16159909942,4.98993460563,0.4,0.6,0.65,0.4,0.2,0.15,0.927668229723,0.956900463335,0.930880701969,0.922310442563,0.918323333236,-
1626273,Marcelo,Huertas,HOU@LAL,LAL,HOU,,,"Huertas, Marcelo",3500.0,PG,2.53379509328,0.11353498064,1.36981237146,0.403459429182,0.399171595798,1.09498228551,0.458987195564,1.60015455016,1.4941538813,1.46212109916,0.423980121514,3.81720885175,0.296925488934,12.5714285714,3.64514780876,9.46711405975,7.7206958197e-11,8.78371490849,9.87051955137,8.85845221553,8.99570496925,8.95205509388,9.81206779858,9.02693972327,9.14068680998,9.54405988813,9.0,18.0,6.38567397113,12.4287371333,7.21927687807,13.901349803,6.43940239901,12.5363493249,6.55891687117,12.6996228783,6.88058795439,13.3998888205,-0.599745115865,-0.561036019195,4.50640569719,5.20779740832,0.8,0.7,0.714285714286,0.0,0.0,0.0,-0.168340185394,0.0584517527855,-0.16848750774,-0.14498184073,-0.0769458283706,-
